entity_id,display_name,role,batch_previous_reference_micros,reference_micros,reference,batch_change_log_return_ppm,batch_change_pct,batch_matches_applied,effective_at
player:routhh0ialijcg3egagouig9,Álvaro Vallés,GK,1540366237,1670592278,1670.592278,81158,8.454226,4,2026-09-20T16:30:00Z
player:1jv2z06bjokvswjhuo1xsxdgq,Christos Mandas,GK,1056466367,1129131582,1129.131582,66519,6.878138,3,2026-09-19T18:45:00Z
player:abr79wsl0folgkyvl821ggs2c,Lamine Yamal,AM_W,2631046975,2800524515,2800.524515,62425,6.441449,4,2026-09-19T19:00:00Z
player:6vjoq2kgaq2igxoh8cvq0ieax,Cristian Cásseres,CM,1382606411,1467823256,1467.823256,59810,6.163493,3,2026-09-19T18:45:00Z
player:2mfunwzltzdnmzlcjyvx752i,Zion Suzuki,GK,1041745913,1097837208,1097.837208,52444,5.384355,3,2026-09-19T11:30:00Z
player:4txq9os03xwnktfi0n2qdmok,Murillo,FB_WB,1290987754,1358457026,1358.457026,50942,5.226174,3,2026-09-19T16:30:00Z
player:6crmq7vzqts58wg196q48sc7p,Thibaut Courtois,GK,2846347373,2988203409,2988.203409,48636,4.983792,4,2026-09-20T14:15:00Z
player:4odeml6s5vm38m9u7tnh6n8id,Jeffrey De Lange,GK,957438549,1004820667,1004.820667,48303,4.948842,3,2026-09-20T18:45:00Z
player:2udtmz4lvh4vil16mxvo0j4l,Aleix García,CM,2557148484,2681885249,2681.885249,47627,4.877963,3,2026-09-20T13:30:00Z
player:5qh2kdatvb03o8oiqvkaaxje2,Leo Román,GK,1184099997,1239979957,1239.979957,46112,4.719193,4,2026-09-20T16:30:00Z
player:1c4nu9s3t3p83pufjf3n3xqay,James Trafford,GK,1162720552,1216135762,1216.135762,44916,4.593985,3,2026-09-20T13:00:00Z
player:vota9gwygxp3wc998tl7ldxx,David Soria,GK,519074696,542683755,542.683755,44479,4.548297,4,2026-09-20T12:00:00Z
player:418gw0hpjoy8dt0ywaxjgm5pm,Nicolò Fagioli,CM,1553146372,1622840266,1622.840266,43895,4.487271,3,2026-09-20T10:30:00Z
player:cionsifzpx5rhc8es29wv6i95,Vítinha,CM,3994621558,4170440710,4170.44071,43073,4.401397,3,2026-09-20T18:45:00Z
player:9i6hs8toyjwrh7ub04vow8wes,Nico Paz,AM_W,1697880970,1772209689,1772.209689,42846,4.377734,3,2026-09-20T13:00:00Z
player:5dfvefxvwj8kixbajluw25mtx,Stole Dimitrievski,GK,871764202,909828298,909.828298,42737,4.366329,4,2026-09-20T19:00:00Z
player:ais3wh8wz8oeyjpwv84o4ybfu,Edoardo Corvi,GK,1084458050,1131605229,1131.605229,42557,4.347534,3,2026-09-20T13:00:00Z
player:3yj2ba2v9rw4odrwqyx2v3f2s,Jeyland Mitchell,CB,973640753,1015714464,1015.714464,42305,4.321277,3,2026-09-19T15:15:00Z
player:1tctbwsidibct7wphjgv8mdm2,Julen Agirrezabala,GK,958300034,998349105,998.349105,40942,4.179179,4,2026-09-19T16:30:00Z
player:8i46yzejeiwdmz0tywmy42o2y,Lewis Hall,CM,1212095763,1262268563,1262.268563,40560,4.139343,3,2026-09-19T14:00:00Z
player:65nkv8grj2jhs2hlja63bp90p,Ahmed Touba,FB_WB,1108605076,1154364096,1154.364096,40447,4.127621,3,2026-09-19T18:45:00Z
player:buglwgk2hthoyqt1ocghya92i,Zaid Abner Romero,CB,1100315967,1145488080,1145.48808,40233,4.105376,3,2026-09-20T12:00:00Z
player:4ftlhtels58lyzfluwofzwxuy,Pedri,CM,2713656604,2824027407,2824.027407,39867,4.067235,4,2026-09-19T19:00:00Z
player:1ho7koiegfhsuevuum2meibu2,Pathé Ciss,CB,1761988794,1832924063,1832.924063,39469,4.025864,4,2026-09-19T12:00:00Z
player:2wl6h1rlrfnn2mr65vuo3t815,Raphinha,FW,2898875030,3013891764,3013.891764,38909,3.967633,4,2026-09-19T19:00:00Z
player:cgm6zre07l5qauif32jtfqsk4,Kobbie Mainoo,DM,1141242361,1186162738,1186.162738,38606,3.936094,3,2026-09-20T15:30:00Z
player:ab420lzne042a3e3b2lfmy5ii,Elia Caprile,GK,1077262462,1119296959,1119.296959,38278,3.901974,3,2026-09-19T13:00:00Z
player:6wplm29z7qxxmujyc2ml19gix,Ionuț Radu,GK,970348669,1006865828,1006.865828,36942,3.763303,4,2026-09-19T16:30:00Z
player:5pb27xx81rwtal31u892ydes4,Mariano Troilo,CB,1085977263,1126251331,1126.251331,36414,3.708555,3,2026-09-20T13:00:00Z
player:1bdnkqbxm2u5ror7ipig5m73e,Sergio Camello,FW,1304445599,1352675345,1352.675345,36306,3.697337,4,2026-09-19T12:00:00Z
player:9prtaifv6stlujgywgq4wd08a,Joško Gvardiol,FB_WB,2821412849,2924975816,2924.975816,36048,3.670607,3,2026-09-20T13:00:00Z
player:9u0jnvttp25l5bp2pvx7pces,Aleksandar Pavlović,DM,1414603099,1466374137,1466.374137,35944,3.659757,3,2026-09-18T18:30:00Z
player:ay89se5rytzay8md0yeadykq2,Yan Couto,CM,1122957672,1163580010,1163.58001,35535,3.617442,3,2026-09-20T13:00:00Z
player:2zkaf848fjcdhuii8783pkm7e,Youri Regeer,CM,1107498072,1147508583,1147.508583,35490,3.612694,3,2026-09-19T13:30:00Z
player:c1s9pmfkytw0du5ril4kv9i0a,Equi Fernández,CM,1141778260,1183001961,1183.001961,35468,3.610482,3,2026-09-20T13:30:00Z
player:35jaxclh329duzefna708jk5x,James Tarkowski,CB,1433248184,1484620644,1484.620644,35216,3.584338,3,2026-09-19T14:00:00Z
player:5e9ilgrz3tzg9kd1gk3yvrahh,Kylian Mbappé,FW,5809927137,6016370672,6016.370672,34916,3.55329,4,2026-09-20T14:15:00Z
player:c5a7z6vphv9tp9ddid5jnrnx1,Nemanja Matić,CM,2189444901,2267198965,2267.198965,34897,3.551314,3,2026-09-18T18:45:00Z
player:53d0pvr7ylvfhp6p749iniqc5,Alisson Becker,GK,2180365042,2257581394,2257.581394,34802,3.541441,3,2026-09-20T13:00:00Z
player:1040ruybncve2enk3dgjb6ead,Iñigo Vicente,AM_W,1033500846,1069787209,1069.787209,34508,3.511014,4,2026-09-19T16:30:00Z
player:2rsqkarlkh6z8vrb0clfbz6xh,Branco van den Boomen,CM,1250901263,1294791432,1294.791432,34485,3.508684,3,2026-09-19T18:45:00Z
player:7yirx71oya71zjsgldj5ucqcq,Wesley Fofana,CB,1641282631,1698598146,1698.598146,34325,3.492117,3,2026-09-18T19:00:00Z
player:1xofhzib5lyqx285j8x36xg8a,CJ Egan-Riley,CB,1039095509,1075350719,1075.350719,34296,3.489112,3,2026-09-20T18:45:00Z
player:eo4uva2gnx08xdazfaqzyz2dx,Youri Tielemans,CM,1895468805,1961533318,1961.533318,34260,3.485392,3,2026-09-20T15:30:00Z
player:earug82pg87gzwvm5yt1yd990,Anan Khalaili,FB_WB,1096130608,1133515731,1133.515731,33538,3.410645,3,2026-09-20T13:00:00Z
player:582uvj0i3dvm0zwbou9q68pgp,Alphonso Davies,FB_WB,1689823643,1747086464,1747.086464,33325,3.388686,3,2026-09-18T18:30:00Z
player:7mn6lue4zatldcxp0gd7kt8mh,Lilian Brassier,CB,1255329383,1297685278,1297.685278,33184,3.374086,3,2026-09-19T13:30:00Z
player:d3mss0i879krqrk1owzmj2c45,Anthony Lopes,GK,1493032345,1543101619,1543.101619,32985,3.353529,3,2026-09-19T18:45:00Z
player:e2dn4s6p2f6xnbaje17wd3jyt,Emil Audero,GK,1071472639,1107400773,1107.400773,32982,3.353155,3,2026-09-19T12:00:00Z
player:6q341ss6es4r2m1o5s5e80nbo,Yoel Lago,CB,1081629185,1117693272,1117.693272,32799,3.334238,4,2026-09-19T16:30:00Z
player:d2gbcc336c4zatpiif4cvm2fp,Finn Dahmen,GK,1056063901,1091211082,1091.211082,32739,3.32813,3,2026-09-19T13:30:00Z
player:4whvqapvco3c56audz34s6jv8,Finn Jeltsch,FB_WB,1158915644,1197458209,1197.458209,32716,3.325744,3,2026-09-19T16:30:00Z
player:3702btkgwxf6tq92ouekd7ro5,Pepelu,CB,1739036679,1796474887,1796.474887,32495,3.302875,4,2026-09-20T19:00:00Z
player:exzca2akgjl00jfd2hzh33h7t,Elliot Anderson,CM,1657078915,1711791436,1711.791436,32484,3.301745,3,2026-09-20T13:00:00Z
player:3nfxhugbxid6o0r92txslivh1,Wladimiro Falcone,GK,584937477,603956115,603.956115,31997,3.251397,3,2026-09-20T18:45:00Z
player:dnoda2j8vhyppw1gt0s6x2044,Eddy Kouadio,FB_WB,1009992312,1042628800,1042.6288,31802,3.23136,3,2026-09-18T18:45:00Z
player:dsmcqfl0e1be4ag7czbnolo15,Carlos Soler,FW,1304083116,1346199003,1346.199003,31785,3.22954,4,2026-09-20T19:00:00Z
player:2lx4dy8gdeox803t8iwmy2ivo,Giorgi Kvernadze,FW,1008124406,1040389912,1040.389912,31504,3.200548,3,2026-09-20T13:00:00Z
player:ef4thhub6bsd2gtmltknkz8b9,Maxime Lopez,CM,1669252921,1722599957,1722.599957,31459,3.195863,3,2026-09-19T15:15:00Z
player:c7i0lduij4vsnluxisdnaxsk5,Antonio Sivera,GK,534287351,551311687,551.311687,31367,3.186363,4,2026-09-19T14:15:00Z
player:e83ula4wockmc2xid7185kcq2,Jude Bellingham,CM,3687759669,3804807613,3804.807613,31246,3.173958,4,2026-09-20T14:15:00Z
player:csye3q50ciculdiggvcefx8x6,Nathaniel Adjei,CB,1013370828,1045434301,1045.434301,31150,3.164041,3,2026-09-19T18:45:00Z
player:6g7i7z6m8vts105dny1g6z3hm,Alex Freeman,CB,1041658807,1074478796,1074.478796,31021,3.150743,4,2026-09-20T16:30:00Z
player:a39ntr1ek9aavke18yucd0r2s,Miguel Román,CM,1140340123,1176186968,1176.186968,30951,3.143522,4,2026-09-19T16:30:00Z
player:dxze3b3fsfl814bjcs7q6wcet,Virgil van Dijk,CB,2770608588,2857349645,2857.349645,30827,3.130758,3,2026-09-20T13:00:00Z
player:m2c4lckkcr7yilnqxrrsgh2i,Michael Olise,FW,3171092983,3268048013,3268.048013,30117,3.057464,3,2026-09-18T18:30:00Z
player:7w63iqek6hmnizlirurla1cr9,Nadiem Amiri,CM,1915488497,1973501106,1973.501106,29836,3.028606,3,2026-09-19T13:30:00Z
player:b2xlrg9xvucrut2fhmvsgjuqy,Unai Marrero,GK,1021126061,1051876456,1051.876456,29670,3.01142,1,2026-09-07T19:30:00Z
player:8rgy29sd9okehwq8bzyb3v0t1,Matías Dituro,GK,1390978321,1432615668,1432.615668,29495,2.993386,4,2026-09-18T19:00:00Z
player:3fpnfgoy4lbpapv2th6g60cet,Mike Maignan,GK,2595959972,2673404613,2673.404613,29396,2.983276,3,2026-09-20T18:45:00Z
player:7za8h1pgec0y2s1ihmkkfvpm2,Joris Chotard,CM,1148404787,1182375116,1182.375116,29151,2.958045,3,2026-09-20T13:00:00Z
player:9x0s8mzjc9ey0q812sn3poums,Ibrahim Maza,AM_W,1181300784,1215932979,1215.932979,28895,2.9317,5,2026-09-20T13:30:00Z
player:12f4mz064elnxecq2srl7r6j9,Alejandro Grimaldo,CM,2426267401,2497369216,2497.369216,28884,2.930502,4,2026-09-20T14:15:00Z
player:4sjs5ktvkun9g96w6h5a39puc,Kévin Danois,AM_W,1225828722,1261459377,1261.459377,28652,2.906659,3,2026-09-20T13:00:00Z
player:4jwkz8almo2997hvp09zl0p9l,Sven Botman,CB,1444500570,1485982075,1485.982075,28312,2.871685,3,2026-09-19T14:00:00Z
player:adjp65lxg00oauk1a9r024qqy,Shea Charles,CM,1011323812,1040160755,1040.160755,28115,2.851406,3,2026-09-20T15:30:00Z
player:2gj7h5fxuh4y0tbp6j308yk4q,Jan Paul van Hecke,CB,1711043347,1759800478,1759.800478,28097,2.849556,3,2026-09-19T11:30:00Z
player:7midzsc4xu11dxhw22s9b5e6s,Pape Demba Diop,CM,1132689503,1164890746,1164.890746,28032,2.842901,3,2026-09-19T15:15:00Z
player:89sv092huj2obzdazmft854a1,Yéhvann Diouf,GK,1742126627,1791497716,1791.497716,27945,2.833955,3,2026-09-20T15:15:00Z
player:dpnp9rguhhs04of6vmlw5spg5,Rolando Mandragora,CM,1227831262,1262412005,1262.412005,27775,2.816408,3,2026-09-19T13:00:00Z
player:4ct72ovumvt09au6gpulwpjv9,Franck Kessié,CM,1126621125,1158015116,1158.015116,27484,2.786562,3,2026-09-20T16:00:00Z
player:b8yk8yve4u39s9gjjvedzf6l0,Federico Redondo,CB,1026998854,1055403974,1055.403974,27283,2.765838,3,2026-09-18T19:00:00Z
player:3xu6rpdncvtd2adn94xaqavze,Hugo González,FW,1004321003,1032071973,1032.071973,27257,2.763157,3,2026-09-19T16:30:00Z
player:2p86mzr8qnu9iy01fusvovf56,António Silva,CB,1123021667,1153677060,1153.67706,26931,2.729724,3,2026-09-20T13:00:00Z
player:6qj9kdcrum9mqla72ytoojje1,Marco Grüll,FW,1141687642,1172786279,1172.786279,26875,2.723918,3,2026-09-19T13:30:00Z
player:6jgocc12bori2wygyu07c082x,Declan Rice,DM,3784142199,3887148593,3887.148593,26857,2.722054,3,2026-09-19T14:00:00Z
player:b8dd5q3n5irlkcv0ekzqhzc2x,Jonathan David,FW,2437575817,2503813831,2503.813831,26811,2.717372,3,2026-09-20T14:15:00Z
player:d68byfvk16giaur32gqwpwded,Corentin Tolisso,AM_W,2000711472,2054904192,2054.904192,26726,2.708672,3,2026-09-19T18:45:00Z
player:2k18wcecasfnrys3vm9sm2lt5,Arijanet Murić,GK,1459378274,1498682973,1498.682973,26576,2.69325,3,2026-09-18T18:45:00Z
player:6rg37ej1x7pwi7r4aq1107pih,Exequiel Palacios,CM,2837020546,2913349280,2913.34928,26549,2.690454,3,2026-09-19T14:00:00Z
player:dg6vrx8k026l7f8ytbu1xxj9x,Phillip Tietz,FW,1255306229,1288981632,1288.981632,26473,2.682644,3,2026-09-19T13:30:00Z
player:cjq9g6zgcxk1ceo2xzpe1qnyt,Niclas Füllkrug,FW,1427059269,1465319481,1465.319481,26457,2.681053,3,2026-09-19T13:30:00Z
player:dpcws493fepch23sk26m1a8yd,Piotr Zieliński,CM,2039815829,2094478058,2094.478058,26445,2.679763,3,2026-09-19T16:00:00Z
player:cde3a2svj5fyjgiugm1n3lwd0,Rockson Yeboah,CB,1000000000,1026783380,1026.78338,26431,2.678338,3,2026-09-16T17:00:00Z
player:ac6r3yi7rzqlcih7qw86jsro4,Zachary Athekame,CM,1028410489,1055939413,1055.939413,26416,2.676842,3,2026-09-19T18:45:00Z
player:3ub05nnpt9o7s387z6oj8vf56,Johnny Cardoso,CM,1382281110,1419048386,1419.048386,26251,2.659899,4,2026-09-20T14:15:00Z
player:cfzvplhlvlfvau521u6b86xud,Mattia Zaccagni,FW,1943482264,1995102192,1995.102192,26214,2.656053,3,2026-09-19T18:45:00Z
player:b9g4qurpll4wizajo95c406hh,Harry Kane,FW,4248159967,4360593716,4360.593716,26122,2.646646,3,2026-09-18T18:30:00Z
player:c8mp2wwwyvy930vfjnivg2hre,Lucien Agoumé,DM,1400463976,1437493268,1437.493268,26097,2.644073,4,2026-09-19T19:00:00Z
player:awf3x41nsz8m73bhte5wlz6ui,Emil Holm,CB,978700884,1004552513,1004.552513,26071,2.641423,3,2026-09-19T13:00:00Z
player:6790uxmc1zs4emxtqf7vl6imt,Yvon Mvogo,GK,1220506182,1252691195,1252.691195,26029,2.637022,3,2026-09-19T18:45:00Z
player:7gaf68yeu28zp80kkb0tqgpd6,Cameron Archer,FW,1058383775,1086278727,1086.278727,26015,2.635618,3,2026-09-20T13:00:00Z
player:avh60ensgiwz1qalvn1bbqkfd,Dominik Szoboszlai,AM_W,3276706672,3363032992,3363.032992,26004,2.634545,3,2026-09-20T13:00:00Z
player:ezbplvktzcvzh5kwur32110mi,Jon Aramburu,CB,1137103554,1167051558,1167.051558,25996,2.633709,4,2026-09-20T19:00:00Z
player:17inz8artrqynbg3qbme42r8q,Tarik Muharemović,CB,1162620494,1193220575,1193.220575,25980,2.631992,3,2026-09-20T13:00:00Z
player:x4qyxhfr2vi007sazoqe5vit,Dayot Upamecano,CB,3774562905,3873647503,3873.647503,25912,2.625062,3,2026-09-18T18:30:00Z
player:2ds26ub6ho0baamsjcmh7mmfo,Bradley Locko,FB_WB,998717533,1024912173,1024.912173,25890,2.622828,3,2026-09-20T13:00:00Z
player:cg0yobsmbeqqdzpiynwt6m0ic,Jérémy Jacquet,CB,1148367793,1178352134,1178.352134,25775,2.61104,3,2026-09-20T13:00:00Z
player:cyz9jisw86vjjf85xxgbae0yy,Chrislain Matsima,CB,1320180721,1354609379,1354.609379,25744,2.607875,3,2026-09-19T13:30:00Z
player:66nvc8a4kd3cyeyj3i474cudx,Marcus Thuram,FW,1945073781,1995791509,1995.791509,25741,2.607496,3,2026-09-19T16:00:00Z
player:1ftejgsl4hho40cceqne1hcyd,Bryan Cristante,CM,2160407869,2216647200,2216.6472,25699,2.603181,3,2026-09-19T16:00:00Z
player:cp5t077hogyhom0scrziguyju,Jordy Makengo,FB_WB,892326118,915523043,915.523043,25664,2.599602,3,2026-09-19T13:30:00Z
player:ahgd3on22t4h7gg9ipnj1itw5,Nicolò Barella,CM,2661306067,2730295298,2730.295298,25593,2.592307,3,2026-09-19T16:00:00Z
player:3djmsd2atvq16ysmocq7twsfd,Axel Disasi,CB,1548764825,1588841602,1588.841602,25547,2.587661,2,2026-09-12T14:00:00Z
player:erwh25hbq259kqdirfufnbcb8,Matias Soulé,AM_W,1910268064,1959662004,1959.662004,25528,2.585707,3,2026-09-19T16:00:00Z
player:b5rea5r4h8bclpenau2au142x,Santi Comesaña,CM,1647257081,1689711687,1689.711687,25446,2.577291,3,2026-09-17T19:30:00Z
player:18paf5a7rfe4kutxjl4cwd695,Harvey Barnes,FW,1379954188,1415515143,1415.515143,25443,2.576966,3,2026-09-19T14:00:00Z
player:mgwgcv336wb93xvv0pfr6dih,Jeff Chabot,CB,1941364813,1991325251,1991.325251,25409,2.57347,3,2026-09-19T16:30:00Z
player:6dtp194pewnyuhwkxcn2xpf8q,Kaishu Sano,CM,1316287492,1350008460,1350.00846,25296,2.561824,3,2026-09-19T13:30:00Z
player:actvnm36s31zf8wh8hjikzlqt,Pierre-Emerick Aubameyang,FW,1787930935,1833580140,1833.58014,25211,2.553186,4,2026-09-20T16:30:00Z
player:eiqcjlj9kmitoj8g50vaglawa,Filip Jörgensen,GK,1649708425,1691740820,1691.74082,25160,2.547868,3,2026-09-19T15:15:00Z
player:3dzwjbnxuxie1ovgilu6nah91,Juan Hernández,FW,1003831452,1029394055,1029.394055,25146,2.546503,4,2026-09-20T16:30:00Z
player:2nddcty9qris2mmeldon0ogd1,Adrien Rabiot,CM,1950271632,1999925820,1999.92582,25141,2.546014,3,2026-09-20T18:45:00Z
player:7r2tgpdrr4v6n9d2gkzwmlazt,Lautaro Martínez,FW,2740248732,2810012127,2810.012127,25140,2.545878,2,2026-09-19T16:00:00Z
player:2wnh8btu5jzvcybtp9sy6frbo,Jorge Salinas,CB,1010240853,1035931726,1035.931726,25112,2.543044,4,2026-09-19T16:30:00Z
player:d27r61wcc9az0shpevisc4iga,Rafa Marín,CB,1144085873,1173160299,1173.160299,25095,2.54128,3,2026-09-20T10:30:00Z
player:1fsum47fkh62rer9xxe3smctm,Daniel Maldini,FW,1124811427,1153383878,1153.383878,25085,2.540199,3,2026-09-19T13:00:00Z
player:1psr9ra8k9j4r94p1xixagzbp,Amos Pieper,CB,1330840784,1364618679,1364.618679,25064,2.538087,3,2026-09-19T13:30:00Z
player:b3gobhr43y8oxpafvp4f8rgmh,Marcus Tavernier,AM_W,1494920183,1532742357,1532.742357,24986,2.530046,3,2026-09-20T13:00:00Z
player:cjll1xrw3xulnl23c9tlf6rys,Fermín López,FW,1597739935,1637972119,1637.972119,24869,2.518068,3,2026-09-19T19:00:00Z
player:4gq1u1mqg0qzekh1u5djleeax,Dani Olmo,AM_W,1825506550,1871453799,1871.453799,24858,2.516959,4,2026-09-19T19:00:00Z
player:dl10343h8yopcgerzur5samwa,Cole Palmer,AM_W,2276234274,2333519750,2333.51975,24855,2.516678,3,2026-09-18T19:00:00Z
player:agnmzpaj62lzsavtq43uxt4gl,Jesper Karlström,CM,1106199955,1133852515,1133.852515,24690,2.49978,3,2026-09-19T13:00:00Z
player:313x9xk65v0e1qoqvbqqy5u96,Fer Niño,FW,1040863933,1066868377,1066.868377,24677,2.498352,4,2026-09-18T19:00:00Z
player:8shwa0k28rt5duyrhuqza1hhx,Florian Thauvin,AM_W,1473977891,1510761821,1510.761821,24649,2.495555,3,2026-09-18T18:45:00Z
player:280fh7f5q9lud8lk8reyu7fxm,Yann Aurel Bisseck,CB,1228044008,1258638495,1258.638495,24608,2.491318,2,2026-09-19T16:00:00Z
player:bt4yy465bb33u7phdhnlr6pcl,Przemysław Frankowski,CM,1290474001,1322451499,1322.451499,24478,2.477965,3,2026-09-19T18:45:00Z
player:eq5hfgqm32c7qmj6xwp7j9iqc,Lucas Noubi,CB,1004454754,1029336713,1029.336713,24470,2.477161,2,2026-09-13T16:30:00Z
player:b1lcxeihx8z6pfv1jef4j5jh1,Martin Ødegaard,AM_W,2083914124,2135509576,2135.509576,24457,2.475891,3,2026-09-19T14:00:00Z
player:8qvqdjw1d58mw7420lpmk7bah,Edu Expósito,DM,1244782608,1275570520,1275.57052,24433,2.473357,4,2026-09-18T19:00:00Z
player:9y8fnvazj02vy31ljx3du0d79,Stanislav Lobotka,CM,2633675614,2698781988,2698.781988,24420,2.472073,3,2026-09-20T10:30:00Z
player:1wezo3pjdktc0iqaxze3uh2sq,Iker Muñoz,CM,1016463690,1041532189,1041.532189,24363,2.466246,3,2026-09-19T12:00:00Z
player:u04ao1ldrjjesgqq52o7ghqt,Unai López,DM,1550841069,1588934559,1588.934559,24266,2.456312,4,2026-09-19T12:00:00Z
player:3j2yog3zyussh0aq1xgz3e2cq,Anthony Oyono,CB,1015208234,1040055296,1040.055296,24180,2.447484,3,2026-09-20T13:00:00Z
player:d3tfdqfnab7bqxfdh3399y06i,Jonathan Burkardt,FW,1490830537,1527152309,1527.152309,24071,2.436345,3,2026-09-19T13:30:00Z
player:3o7gvykqi9ldgjrzxl14dqas4,Ebenezer Akinsanmiro,CM,1073661077,1099754089,1099.754089,24012,2.430284,3,2026-09-18T18:45:00Z
player:6384gzzxuxs6pvmrn8qx4d7u1,Felix Nmecha,CM,1434946615,1469809911,1469.809911,24005,2.429588,3,2026-09-19T16:30:00Z
player:7m4pw4plxndt68iq7f3s60cet,Loris Karius,GK,1015643685,1040286627,1040.286627,23974,2.426337,3,2026-09-20T15:30:00Z
player:2r4450bqkmpcf1ogmcfhvczmy,Natan,CB,1447430624,1482454250,1482.45425,23909,2.41971,4,2026-09-20T16:30:00Z
player:4sz26vstr6b7b110eri7f42jt,Dominik Greif,GK,1078460113,1104475085,1104.475085,23836,2.412233,3,2026-09-19T18:45:00Z
player:bs7iyv9ys61m88qh4rvb0tpzp,Jay Dasilva,FB_WB,1017249247,1041580960,1041.58096,23638,2.391913,3,2026-09-19T16:30:00Z
player:au5tbnn48ve4kqnuu3dhmk296,Manu Koné,CM,1742934764,1784578322,1784.578322,23612,2.389278,3,2026-09-19T16:00:00Z
player:13uxs8820y7mi31fsw1i0qxw4,Assane Diao,AM_W,1116687916,1143301615,1143.301615,23553,2.383271,3,2026-09-20T13:00:00Z
player:d34tmogp5h4rwuo3pcxtwp0fe,Manuel Sánchez,CB,744885081,762597583,762.597583,23501,2.377884,3,2026-09-20T16:30:00Z
player:3wwi5vf2l1qbz7e5zdjoy8yga,Bart Verbruggen,GK,1363363647,1395692107,1395.692107,23436,2.371228,3,2026-09-19T14:00:00Z
player:bfdtduknquzhr2br7ahlgvvo4,Renato Veiga,CB,1232667648,1261871703,1261.871703,23415,2.369175,4,2026-09-20T16:30:00Z
player:7aoe0u87gxgv9tvgrotcfue7e,Robert Navarro,AM_W,1157137228,1184535851,1184.535851,23402,2.367794,3,2026-09-19T14:15:00Z
player:am5gj5qg3gjtyhvwfnj8sjz6d,Mario Hermoso,CB,1658591984,1697841686,1697.841686,23389,2.366447,3,2026-09-19T16:00:00Z
player:3uqn1adw8rarez1gpen9vng7p,Waldemar Anton,CB,2441110511,2498775803,2498.775803,23348,2.362257,3,2026-09-19T16:30:00Z
player:d4j19ipiaeuetyij08fofgs15,Joey Veerman,CM,1289290164,1319740297,1319.740297,23343,2.361775,3,2026-09-19T16:30:00Z
player:7mg9ycwc9ay4fdedl0dpp5nca,Flávio Nazinho,CM,1031936119,1056254640,1056.25464,23293,2.356592,3,2026-09-18T18:45:00Z
player:diod1hv5hv7v7z7mfleev1txx,Luka Modrić,CM,3015834030,3086766272,3086.766272,23248,2.351994,3,2026-09-20T18:45:00Z
player:anvi2mtr32u5z2bqmz8tn0e3u,Pablo Ramón,CB,1032124838,1056213180,1056.21318,23070,2.333859,3,2026-09-19T16:30:00Z
player:4xybfmps23nlo5trvgstoftux,Timo Becker,CB,933612068,955342139,955.342139,23009,2.327527,3,2026-09-20T15:30:00Z
player:d7xmdbhg68ygcowv6pdofgvyt,Matthieu Udol,CM,1100309533,1125885083,1125.885083,22978,2.324396,3,2026-09-18T18:45:00Z
player:64ctdbd0w5ikj0fkcuu9jdbhm,Ilaix Moriba,CM,1149223274,1175796515,1175.796515,22860,2.312278,4,2026-09-19T16:30:00Z
player:97nv3y9z2ajz6b4ynoo0jn3kl,Joshua Kimmich,DM,3093803874,3164939860,3164.93986,22733,2.299305,3,2026-09-18T18:30:00Z
player:81qmlg0ttijhkywm55ejdr40k,Luka Vušković,CB,1226113440,1254173020,1254.17302,22627,2.288498,3,2026-09-19T14:00:00Z
player:93i0gcndi2m8giqqcm4knduxh,Paulo Dybala,AM_W,2536533796,2594528822,2594.528822,22606,2.286389,3,2026-09-19T16:00:00Z
player:4zfgh6wq7svx418tzwf0gfavp,Marvin Schwäbe,GK,946116712,967711392,967.711392,22568,2.282454,3,2026-09-19T13:30:00Z
player:3j2pv0methgc8k8rtqbi079p1,Felix Uduokhai,CB,1170119642,1196516145,1196.516145,22308,2.255881,3,2026-09-18T18:30:00Z
player:2b1aq7e51fjbukd3muxfthd78,Jacobo Ramón,CB,1269527989,1298058990,1298.05899,22225,2.247371,3,2026-09-20T13:00:00Z
player:9i7lb16qty1t21bnc5h7skclx,Marcos Alonso,CB,2176869909,2225253220,2225.25322,21983,2.222609,3,2026-09-13T12:00:00Z
player:atzboo800gv7gic2rgvgo0kq1,Erling Haaland,FW,3225139189,3296782097,3296.782097,21971,2.22139,3,2026-09-20T13:00:00Z
player:946z96r5q70ryslp3hlhafnx1,Ante Budimir,FW,1614181724,1649890381,1649.890381,21881,2.212183,4,2026-09-19T12:00:00Z
player:f3zl8ymo5ttze20sffzk044q1,Danny Namaso,AM_W,1061951163,1085420852,1085.420852,21860,2.210054,3,2026-09-20T13:00:00Z
player:2bkp1lcaxmvwoanxwo0775cdl,Kiernan Dewsbury-Hall,AM_W,1528366263,1561895871,1561.895871,21701,2.19382,3,2026-09-19T14:00:00Z
player:chn2v9j6dqmuz2haoiuulbd91,Issa Diop,CB,1244549823,1271850003,1271.850003,21699,2.193579,3,2026-09-19T14:00:00Z
player:8ct2oybj8d1b03aklkg8ihbf8,Antoine Hainaut,CM,990141508,1011821412,1011.821412,21659,2.189576,3,2026-09-19T18:45:00Z
player:4dkerrlcqxybg52pose3qxas,Paris Brunner,FW,1050605225,1073589958,1073.589958,21642,2.187761,3,2026-09-18T18:45:00Z
player:cywgibmici8hwp1ad1nhk3ufp,Sheraldo Becker,FW,1364004248,1393713621,1393.713621,21547,2.1781,3,2026-09-19T13:30:00Z
player:3ia67tz2wkwnl35dszw841xxw,Chuki,CM,968793901,989893303,989.893303,21545,2.177904,3,2026-09-19T13:30:00Z
player:1zumt9vkrqd8d3p3eqtwezi6t,Robin Koch,CB,1690796928,1727498888,1727.498888,21475,2.17069,3,2026-09-19T13:30:00Z
player:eu9b86opw6n66vftu1r5alfqh,Marco Carnesecchi,GK,1048923407,1071682515,1071.682515,21466,2.169759,3,2026-09-20T16:00:00Z
player:ekm47qd8w1x0456lm1tmf5re1,Pape Gueye,CM,1431233513,1462223678,1462.223678,21422,2.165277,4,2026-09-20T16:30:00Z
player:8l1mv5qd9vwade754v3l8epjp,Frederik Rønnow,GK,816815528,834460315,834.460315,21372,2.160192,3,2026-09-18T18:30:00Z
player:b9kfek16otvdorssn0wzkb36d,Koke,CM,2643555409,2700591018,2700.591018,21346,2.157534,4,2026-09-20T14:15:00Z
player:1ehcji0j9s8b0qsj8v5zinjvu,Rayan Cherki,CM,2218691478,2266428451,2266.428451,21288,2.151582,3,2026-09-20T13:00:00Z
player:bt2h27b7sfmsa5w6tnfp7lw4p,Amine Harit,CM,1462328369,1493586401,1493.586401,21150,2.137552,3,2026-09-20T18:45:00Z
player:7c0y2e3949kvohxadzfbmct7t,Youssouf Ndayishimiye,CM,1386392355,1415998339,1415.998339,21130,2.135469,3,2026-09-20T15:15:00Z
player:6q2mf0qrkt51z28b46wltxal1,Maximilian Mittelstädt,CB,1849512018,1888897271,1888.897271,21071,2.129494,3,2026-09-19T16:30:00Z
player:1s1v1tweyx8wxc9hj2jrnaggl,Xaver Schlager,CM,1486621038,1518245069,1518.245069,21049,2.127242,3,2026-09-19T16:30:00Z
player:5es43b4a7fv0lkmp63dj439ey,Giuliano Simeone,FW,1131854959,1155888766,1155.888766,21012,2.1234,4,2026-09-20T14:15:00Z
player:9rf5uk6c2wce30b9wkmu3iuad,Moussa Niakhaté,CB,1513240910,1545317759,1545.317759,20976,2.119745,3,2026-09-19T18:45:00Z
player:f23e0mo62rmrrjso771t54jro,Charalampos Kostoulas,FW,1062805154,1085292557,1085.292557,20938,2.115854,3,2026-09-19T14:00:00Z
player:d2hnxi1yi5rgqj1tvxh1813x0,Dean Huijsen,CB,1493400620,1524975993,1524.975993,20923,2.114327,3,2026-09-20T14:15:00Z
player:9s90f4r3095h8mefzmpuut51x,Lionel Mpasi-Nzau,GK,1059895990,1082257621,1082.257621,20878,2.109795,1,2026-09-05T18:45:00Z
player:bjhjz96omjukrg6tj3mny39t6,Maxim De Cuyper,AM_W,1043547709,1065479120,1065.47912,20798,2.10162,3,2026-09-19T14:00:00Z
player:9o1vesnpfiucpoq35ihhpstex,Vitaliy Mykolenko,CB,747279170,762968660,762.96866,20778,2.099549,3,2026-09-19T14:00:00Z
player:2k5g68ywtr79lc45wozvifqlm,Florian Wirtz,FW,3787277493,3866788517,3866.788517,20777,2.099424,3,2026-09-20T13:00:00Z
player:az7wa6km1zhvsb8y4mndlogyd,Eric Dier,FB_WB,1596199562,1629690833,1629.690833,20765,2.098188,3,2026-09-18T18:45:00Z
player:4a59itr8bwm9auhz9f2dno104,Can Uzun,CM,1181346246,1206121961,1206.121961,20756,2.097244,3,2026-09-19T13:30:00Z
player:abk9geafxglsmnu9qhra8x1at,Ridgeciano Haps,CM,909198051,928225150,928.22515,20711,2.092734,2,2026-09-11T18:45:00Z
player:4ggz7e009bq3yltc9o6mifbah,Eric García,CB,2352466740,2401436516,2401.436516,20603,2.081635,4,2026-09-19T19:00:00Z
player:3vtjjrqof5z2tjj84ehadqc45,Bruno Fernandes,AM_W,6461418218,6595853916,6595.853916,20592,2.080591,3,2026-09-20T15:30:00Z
player:f3v58fkymhrprt5gs0ccm29xx,Fabián Ruiz,CM,2560086171,2613214176,2613.214176,20540,2.075243,3,2026-09-20T18:45:00Z
player:5okl8s3e8ad2add75m46ojo4p,Billy Gilmour,CM,1323884210,1351329702,1351.329702,20519,2.073104,3,2026-09-20T10:30:00Z
player:4zy4d60v2qmaplm9xbe51y1gp,Khvicha Kvaratskhelia,FW,2535201121,2587739914,2587.739914,20512,2.072372,3,2026-09-20T18:45:00Z
player:7onr52be14is8cwcfd2k1i784,Martin Baturina,AM_W,1299671187,1326598903,1326.598903,20507,2.071887,3,2026-09-20T13:00:00Z
player:3akb6xex1efr9ypj8yxr2uf4k,Noahkai Banks,FB_WB,1030492168,1051742933,1051.742933,20412,2.062196,3,2026-09-19T13:30:00Z
player:5b1q9bpe23j98eoy4fwi7ld5h,José Gayà,CB,1000551360,1021176050,1021.17605,20404,2.061332,4,2026-09-20T19:00:00Z
player:721e4tx2wrwb4kd9w80fcq19l,Samuele Birindelli,CM,940288790,959651394,959.651394,20383,2.059219,3,2026-09-18T18:45:00Z
player:1qkneebzln8byl9td2aswznmy,Alberto Moleiro,CM,1116196770,1139170310,1139.17031,20373,2.058198,4,2026-09-20T16:30:00Z
player:dzv5f93w5fsnfzohaev6e3rx0,Désiré Doué,FW,1658774447,1692709238,1692.709238,20251,2.045775,3,2026-09-20T18:45:00Z
player:8d0ffyx2qnnp0limf5aou92ei,Ayase Ueda,FW,1025027048,1045780990,1045.78099,20045,2.024721,3,2026-09-20T15:15:00Z
player:45s1v9805id09m5zkcylueod1,Isco,AM_W,1978280694,2018323872,2018.323872,20039,2.02414,4,2026-09-20T16:30:00Z
player:44o5mjglkzqxctz07ust9bcru,Enzo Le Fée,AM_W,1730091951,1764881062,1764.881062,19909,2.010824,3,2026-09-20T13:00:00Z
player:dw5enxkcunwwewbmz8xq5ceeh,Dara O'Shea,CB,1031443041,1052166920,1052.16692,19893,2.009212,3,2026-09-19T14:00:00Z
player:25cggz2egeqce47yijxadsslx,Brice Samba,GK,1552182328,1583273387,1583.273387,19833,2.003055,3,2026-09-19T18:45:00Z
player:eapihgte8ydc4g6hzygsx2e39,Willi Orbán,CB,2452330718,2501272117,2501.272117,19761,1.99571,3,2026-09-20T13:30:00Z
player:dvhjw2ieemakzw9o56r6y4foq,Igor Matanović,FW,1189250592,1212948250,1212.94825,19731,1.992655,3,2026-09-19T13:30:00Z
player:5qpyf80if6m1o5vkwf1yt034l,Mbwana Samatta,FW,1070037109,1091328978,1091.328978,19703,1.989825,3,2026-09-19T18:45:00Z
player:7hnmtyfmurizitwz1whecjnmy,Angelo Stiller,CM,2093459669,2135079338,2135.079338,19686,1.988081,3,2026-09-19T16:30:00Z
player:v78uhwxgzojcec8lsdvucusp,Bryan Mbeumo,FW,2044964428,2085549800,2085.5498,19652,1.984649,3,2026-09-20T15:30:00Z
player:72pvwj4z6j8xwsgs6zlhr5e6s,Nelson Deossa,CM,1043911393,1064579371,1064.579371,19605,1.979859,4,2026-09-20T16:30:00Z
player:5wsz3usdkj01snq28pzpiwb2s,Arthur Avom,CM,1118843864,1140918389,1140.918389,19538,1.972976,3,2026-09-19T18:45:00Z
player:c0ewvrtk657uw4t5rlv87mq51,Patrik Schick,FW,1637631655,1669925074,1669.925074,19528,1.971959,3,2026-09-20T13:30:00Z
player:5xswuoacpzuco82mmu00gjyms,Pablo Pagis,AM_W,1138264131,1160693940,1160.69394,19514,1.970528,3,2026-09-19T15:15:00Z
player:c68syh6axbkqmcmvrpumqb8mi,Martín Satriano,FW,1194737106,1218255753,1218.255753,19494,1.968521,4,2026-09-20T12:00:00Z
player:6kms3ctf8joymna289onk9lg5,Federico Bernardeschi,FW,1213927893,1237815804,1237.815804,19487,1.96782,3,2026-09-19T13:00:00Z
player:4r6jcuotjs6rz8iwu20996z85,Marc Roca,DM,1302178474,1327794499,1327.794499,19481,1.967167,3,2026-09-20T16:30:00Z
player:3gelookco8f9ft0guaec03t3o,Tiago Santos,FB_WB,860667547,877554912,877.554912,19431,1.962124,3,2026-09-20T15:15:00Z
player:2c796ozt5nw1l8n61cwtv9all,John Yeboah,FW,1040254156,1060642837,1060.642837,19410,1.959971,3,2026-09-19T18:45:00Z
player:6xtgpb1avbypyk8cql8znph5g,Genesis Antwi,FB_WB,1004401590,1024049046,1024.049046,19372,1.956135,3,2026-09-19T15:15:00Z
player:eeye58v60p8uvt2noaj5u6rfu,Mohamed Abdelmonem,CB,1154354456,1176919488,1176.919488,19359,1.954775,3,2026-09-20T15:15:00Z
player:3trkre1c81pzretsjsi8jk6sq,Matheus Nunes,CB,1391842917,1418914411,1418.914411,19263,1.945011,2,2026-09-20T13:00:00Z
player:eaf4b3le808xp7j4rejomxf55,Berke Özer,GK,960883285,979570703,979.570703,19261,1.944817,3,2026-09-20T15:15:00Z
player:9sxg58hszjq17avxgumftdu22,Sandro Tonali,DM,1322311818,1347994478,1347.994478,19236,1.942254,3,2026-09-19T11:30:00Z
player:2173tp0hk6gsx2o46hx4h5mju,Clément Akpa,FB_WB,1058821559,1079352068,1079.352068,19204,1.938996,3,2026-09-20T13:00:00Z
player:4j9ug0ng9dhx6xwhdwx6fafx0,Ezechiel Banzuzi,CM,1033849267,1053816832,1053.816832,19130,1.931381,3,2026-09-20T13:30:00Z
player:8eq4c5cotvem9ae9uzb2yezo4,Lamine Camara,CM,1556888947,1586947049,1586.947049,19123,1.930652,3,2026-09-18T18:45:00Z
player:996i59930r3kd4xk48x9fsp2h,Montassar Talbi,CB,1241581410,1265505532,1265.505532,19086,1.926907,3,2026-09-19T18:45:00Z
player:533095rnz0k8mxqe6gzn0mfo5,Florian Lejeune,CB,1814752867,1849606474,1849.606474,19024,1.92057,4,2026-09-19T12:00:00Z
player:74edqcuzfzy7nswqzn0v3pe22,Leonardo Balerdi,CB,3155799902,3216185808,3216.185808,18954,1.91349,3,2026-09-19T16:00:00Z
player:8e4wkgb71btkez592um5vts0k,James Abankwah,FB_WB,1009846108,1029069546,1029.069546,18857,1.903601,3,2026-09-19T13:00:00Z
player:4fcjml5xkrwp4jykruzrzub1m,Quilindschy Hartman,FB_WB,1057145131,1077254736,1077.254736,18844,1.902256,3,2026-09-18T19:00:00Z
player:cot71zatz9vm1hyzp5ecqhvpx,Diego Carlos,CB,1394585167,1421105289,1421.105289,18838,1.90165,3,2026-09-20T13:00:00Z
player:48gjuou5eashpj8wbwd18iju1,Igor Zubeldia,CB,1503850699,1532419329,1532.419329,18819,1.899699,2,2026-09-07T19:30:00Z
player:ckaqxlw257qzj8vjdumvwbaad,Ousmane Dembélé,FW,2307452165,2351169233,2351.169233,18769,1.894603,3,2026-09-20T18:45:00Z
player:96cbv23es0gucmd2v0qvk3iwa,Abdessamad Ezzalzouli,AM_W,1513541441,1542203487,1542.203487,18760,1.893707,3,2026-09-20T16:30:00Z
player:13nrptzjshlqnkuf92vumefx0,Guillaume Restes,GK,539084340,549272552,549.272552,18723,1.889911,2,2026-09-19T18:45:00Z
player:7mvqysbmyf6uj3jny3qpqw2ga,Matteo Ruggeri,CB,1387012217,1413187123,1413.187123,18696,1.887143,2,2026-09-19T11:30:00Z
player:4zxrdmwphkxvkvo6bt30uanrp,Pierre-Emile Højbjerg,DM,3325025978,3387113470,3387.11347,18501,1.867278,3,2026-09-20T18:45:00Z
player:7wzwqegxhekjwq361dd2nidp1,Jonny Otto,CB,1089349682,1109652240,1109.65224,18466,1.863732,3,2026-09-19T14:15:00Z
player:8e6qzf8dp3c9lch7tu5r03qqc,Yan Diomande,FW,1290890958,1314729052,1314.729052,18298,1.846639,4,2026-09-20T14:15:00Z
player:8tc7dcuwdeqbjgt7vw5p38xgq,Bukayo Saka,AM_W,2900963155,2954516881,2954.516881,18292,1.846067,3,2026-09-19T14:00:00Z
player:1iqywa6tuuujqemqpfcxs4nze,Mario Soriano,DM,1011163912,1029819307,1029.819307,18281,1.844943,4,2026-09-20T16:30:00Z
player:4rh8xwozidxiwvl4wi2rn0fe1,Koki Machida,CB,1015324230,1033987520,1033.98752,18215,1.838161,2,2026-09-20T17:30:00Z
player:2eayhzdix8knmn810sbngsdt5,Morgan Rogers,AM_W,1494107424,1521515016,1521.515016,18178,1.834379,3,2026-09-18T19:00:00Z
player:6zjzpbshmem98ecmuc852di0a,James McAtee,CM,1042264476,1061174196,1061.174196,17980,1.814292,3,2026-09-19T16:30:00Z
player:almf0gtdjmsdm5zhyot1hvydx,Manuel Akanji,CB,2229485361,2269829374,2269.829374,17934,1.809566,3,2026-09-19T16:00:00Z
player:1i9wi65k2foqwudeqiyih87hl,Federico Valverde,CM,3302735003,3362499790,3362.49979,17934,1.809554,4,2026-09-20T14:15:00Z
player:bibz1qxakmbflq73marmo4nop,Josha Vagnoman,FB_WB,873207796,888935254,888.935254,17851,1.801113,3,2026-09-19T16:30:00Z
player:drwacyyicuhy3heg4j0ipqj85,Ayoze Pérez,FW,1557752519,1585740037,1585.740037,17807,1.79666,4,2026-09-20T16:30:00Z
player:23l48u4w5nj4036whjm3s49gp,Ridle Baku,FB_WB,1167247490,1188211957,1188.211957,17801,1.79606,3,2026-09-20T13:30:00Z
player:56nbghr9snc79dt8h99wleej8,Sean Steur,DM,1002924455,1020934811,1020.934811,17799,1.795784,3,2026-09-19T14:00:00Z
player:9o7dle9x2co12u1nt8c9icq1h,Gustavo Varela,FW,1005977391,1024004548,1024.004548,17761,1.792004,2,2026-09-18T18:45:00Z
player:45lcfmo0varfc325n562ul2j8,Amir Richardson,CM,1142499159,1162967149,1162.967149,17757,1.79151,3,2026-09-19T18:45:00Z
player:1e6s5l3tp48t6ybq73lzzmkx6,Giorgio Cittadini,CB,1006181784,1024166463,1024.166463,17716,1.787418,3,2026-09-20T13:00:00Z
player:6ki6rv564ybctrajr2xtgyeax,Ozan Kabak,CB,1240688399,1262686548,1262.686548,17575,1.77306,3,2026-09-20T17:30:00Z
player:3izhfm7i4afomephw07mp4nsa,Maxime Estève,CB,1141708696,1161844928,1161.844928,17483,1.763693,3,2026-09-20T13:30:00Z
player:3pop9gdilkfcaoqyzj9g3d3is,Yassir Zabiri,FW,1011692694,1029460533,1029.460533,17410,1.756249,4,2026-09-19T16:30:00Z
player:v22q59d00b5v78rgx7v8z3vu,Antony,AM_W,2220597880,2259555785,2259.555785,17392,1.754388,4,2026-09-20T16:30:00Z
player:d5mck7rf48chzersephpx29d5,Nico Schlotterbeck,CB,3750094350,3815855833,3815.855833,17384,1.753595,2,2026-09-19T16:30:00Z
player:5kd57453a90zahgdxwkghr816,Aitor Paredes,CB,1263287594,1285425046,1285.425046,17372,1.752368,2,2026-09-19T14:15:00Z
player:93soe2rjn0z874cc9ofcesgkp,Christian Pulisic,FW,1980184466,2014868575,2014.868575,17364,1.751559,2,2026-09-20T18:45:00Z
player:9psfk94nduz6icnuwty5v9all,Cody Gakpo,FW,2051398686,2087330131,2087.330131,17364,1.751558,3,2026-09-20T13:00:00Z
player:9um7x9zd0e000zt57l3yearqh,Iván Martin,CM,1464866243,1490489397,1490.489397,17341,1.74918,3,2026-09-19T16:30:00Z
player:d7pzcnoztn30xoj5b2sr9slt6,Miguel Gutiérrez,CM,1177327478,1197909446,1197.909446,17331,1.748194,3,2026-09-20T13:30:00Z
player:92wxhgs6ts4tl5bv3heso90fe,Leopold Querfeld,CB,1044953015,1063181777,1063.181777,17294,1.744458,2,2026-09-18T18:30:00Z
player:aujgya83jg4eylvm7hjjbbasq,Lassine Sinayoko,AM_W,1265819479,1287871768,1287.871768,17271,1.742135,3,2026-09-19T15:15:00Z
player:dy5c8qikqptm7cdjqmiodvqqc,Marcos Fernández,FW,1000575181,1017980615,1017.980615,17246,1.739543,4,2026-09-18T19:00:00Z
player:ed20ebhqi5c32vbbsze8r6yuh,Kai Havertz,FW,1615372710,1643472208,1643.472208,17245,1.739506,3,2026-09-19T14:00:00Z
player:9ivrglgy0tibv881e1a93psr9,Lucas Boyé,FW,1425482675,1450276300,1450.2763,17244,1.739314,4,2026-09-19T14:15:00Z
player:6d36zn3fr35yhj70yx5n445qs,Máximo Perrone,DM,1355592908,1379157748,1379.157748,17234,1.738342,3,2026-09-20T13:00:00Z
player:7hwj9pf9roe74jifvuhiu6n6x,Ivan Ilić,CM,1331813705,1354963970,1354.96397,17233,1.738251,3,2026-09-20T18:45:00Z
player:15zmp06runzqxogas99bj5aay,Laurin Ulrich,CM,994029714,1011303581,1011.303581,17228,1.737762,3,2026-09-20T17:30:00Z
player:6264xjr1y00yu7b9j2pknalzp,Granit Xhaka,DM,2697030670,2743886576,2743.886576,17224,1.737315,3,2026-09-20T13:00:00Z
player:55yy0p6johtu9nxk90zsfctt5,Morgan Gibbs-White,CM,2019390680,2054301509,2054.301509,17140,1.72878,3,2026-09-19T16:30:00Z
player:8ofihttdgz6nyxxon2zim7x0p,Michael Folorunsho,CM,908287904,923872286,923.872286,17012,1.715798,3,2026-09-18T18:45:00Z
player:7o7vwlqxknci1fymzkn9hug6i,David Affengruber,CB,1419656631,1443806234,1443.806234,16868,1.701088,2,2026-09-20T15:30:00Z
player:bh4a2zneilpvi1t7etuhkfl61,Gonzalo Villar,CM,1165429779,1185153491,1185.153491,16782,1.692398,4,2026-09-18T19:00:00Z
player:d1e8em0pe47h68uq73h8aq1w4,Elias Baum,FB_WB,1016833526,1033852396,1033.852396,16599,1.673713,3,2026-09-19T13:30:00Z
player:e36lcgg2vegiecbez2j15fl9m,Karl Hein,GK,1071275563,1089191210,1089.19121,16585,1.672366,3,2026-09-19T13:30:00Z
player:7x6mnev1ob4u5ffmdsvusb4rt,Alexander Isak,FW,1780058464,1809818064,1809.818064,16580,1.671833,3,2026-09-20T13:00:00Z
player:51b7kbz09togoaueykwbm385,Ximo Navarro,CB,967391891,983563857,983.563857,16579,1.671708,3,2026-09-20T16:30:00Z
player:17iz3i6kzdxc115bdlgcgqdck,Adam Daghim,FW,1055540043,1073180644,1073.180644,16574,1.671239,3,2026-09-20T17:30:00Z
player:w503zyr8ipyobglth281uklx,Alex Remiro,GK,1561244309,1587309286,1587.309286,16557,1.6695,3,2026-09-20T19:00:00Z
player:ebj6t5jqzixrnww1z7qofznu2,Karim Adeyemi,CM,1406339907,1429776970,1429.77697,16528,1.666529,4,2026-09-19T19:00:00Z
player:d95i3fwjrk3ti4co645mde76x,Niklas Schmidt,CM,1197553861,1217486060,1217.48606,16507,1.664409,2,2026-09-12T18:45:00Z
player:e1t5rgvs2hwnldts6vn8agzc9,Aaron Wan-Bissaka,CM,1362290511,1384894585,1384.894585,16457,1.65927,3,2026-09-19T11:30:00Z
player:7hugqbtot3c8fmxtfqld9l15g,Hugo Bolin,AM_W,1011902398,1028692338,1028.692338,16456,1.659245,3,2026-09-19T13:30:00Z
player:7wjdqyl3bkhsfca5cu4riwley,Strahinja Pavlović,CB,1288059467,1309398485,1309.398485,16431,1.65668,3,2026-09-20T18:45:00Z
player:2ugzqrpaooto1r24a6kvqf2ll,Teun Koopmeiners,CM,2075627948,2109868101,2109.868101,16362,1.649629,3,2026-09-20T16:00:00Z
player:4z9prwdr22kb7vpemekkzqooa,Albian Hajdari,CB,1217841028,1237828102,1237.828102,16279,1.641189,3,2026-09-20T17:30:00Z
player:3ujlvpg5xlbtexe2h2oy5qcx5,Nikola Katić,CB,1059909358,1077284945,1077.284945,16261,1.639347,3,2026-09-20T15:30:00Z
player:1wse4b1hxu37e7t5ty5ykn7c9,Josip Šutalo,CB,1439101559,1462575203,1462.575203,16180,1.631132,2,2026-09-19T18:45:00Z
player:bkwxem45cf48k14euwqe7rs44,Pau Cubarsí,CB,1800907951,1830268008,1830.268008,16171,1.630292,3,2026-09-19T19:00:00Z
player:btvuam6p4391am219taqtcted,John McGinn,FW,1496518942,1520868975,1520.868975,16140,1.627112,3,2026-09-19T11:30:00Z
player:4rlw04tze791jwt623h5ikg5x,Ruben Aguilar,CM,1405066662,1427921580,1427.92158,16135,1.626607,3,2026-09-18T18:45:00Z
player:bl76cebhta912vfi9z7ky32p6,Lazar Samardžić,AM_W,1430054792,1453314265,1453.314265,16134,1.626474,3,2026-09-20T16:00:00Z
player:8mkkchf0ysdf78r0lncd73klw,Antonio Nusa,FW,1125420578,1143677134,1143.677134,16092,1.622199,3,2026-09-20T13:30:00Z
player:39gif4xfy8xddarasbsad56ok,Arda Güler,CM,1714453556,1742264903,1742.264903,16092,1.62217,4,2026-09-20T14:15:00Z
player:9t1ikyd85kvlhv9r0u938836c,Jaydee Canvot,CB,1185041240,1204263075,1204.263075,16090,1.622039,2,2026-09-20T13:00:00Z
player:bmrdtenqr84jt4gmw6i7wez11,Serhou Guirassy,FW,2149117219,2183900388,2183.900388,16055,1.618486,3,2026-09-19T16:30:00Z
player:92vjurxjnipl210yanki2oz8q,Lucas Da Cunha,DM,1273157693,1293709780,1293.70978,16014,1.614261,3,2026-09-20T13:00:00Z
player:9c2i7ddl2uh7kuhwq62klkyui,Brian Brobbey,FW,1144922177,1163400106,1163.400106,16010,1.613903,3,2026-09-20T13:00:00Z
player:7dg8woqlx67ch0ji3ujhgb52i,Filip Stanković,GK,1075812498,1093163348,1093.163348,15999,1.612814,3,2026-09-19T18:45:00Z
player:5r47vtvu418kae5j2rpv6w2dw,Mats Rots,CB,1006409540,1022542609,1022.542609,15903,1.603032,3,2026-09-20T17:30:00Z
player:70ps22rygrlq3msxgwmesowyx,Maduka Okoye,GK,907259005,921748349,921.748349,15844,1.597046,3,2026-09-19T13:00:00Z
player:a2zavv31d2aadyddk0kjttdgq,Miloš Kerkez,FB_WB,802569868,815361462,815.361462,15813,1.593829,3,2026-09-20T13:00:00Z
player:1vyh50nfaq2kq5pmivpkc1psl,Dávid Hancko,CB,1351334869,1372764304,1372.764304,15734,1.585798,4,2026-09-20T14:15:00Z
player:4stnvxbf7enogqej29n3ll0d0,Archie Gray,CM,995996045,1011734642,1011.734642,15678,1.580187,2,2026-09-19T11:30:00Z
player:c3i64j5vlukz2wlm16tk7ek7p,Semi Ajayi,FB_WB,1021606892,1037702077,1037.702077,15632,1.575477,3,2026-09-19T14:00:00Z
player:1jpq7xvsg1xh51ff03qukrj84,Xavi Espart,CM,1049392689,1065906450,1065.90645,15614,1.573649,2,2026-09-13T14:15:00Z
player:dxeju5zcb6j8etdgwq0kweor9,Ross Barkley,AM_W,1435462453,1457957712,1457.957712,15550,1.567109,3,2026-09-19T11:30:00Z
player:co59rv08x22hk5itwibbwq191,Gauthier Hein,FW,1227532938,1246701267,1246.701267,15495,1.561533,3,2026-09-20T15:15:00Z
player:ecinw8qh468iydvlfhhxhgwl,Alexandre Lauray,CM,1011587583,1027351510,1027.35151,15463,1.558335,3,2026-09-19T18:45:00Z
player:6l1y87tlepsvr83d8y2qifeqy,Gerard Martín,CB,1251865813,1271370728,1271.370728,15461,1.558068,4,2026-09-19T19:00:00Z
player:7q96z3aaee5jyccb8pjthi8kp,Donyell Malen,FW,1661636822,1687364002,1687.364002,15364,1.548303,3,2026-09-19T16:00:00Z
player:dpw4s6nbkfcrjlqxxgf9j5yhh,Caoimhín Kelleher,GK,1168111392,1186160196,1186.160196,15333,1.545127,3,2026-09-18T19:00:00Z
player:83usrrx99pkiihnkz44dt2gru,Fabian Rieder,CM,1184638106,1202927710,1202.92771,15321,1.543898,3,2026-09-19T13:30:00Z
player:1ph4g125dfsijfjzjpcvpcmlm,Jarrad Branthwaite,CB,1117899628,1135150309,1135.150309,15313,1.543133,3,2026-09-19T14:00:00Z
player:2liyw2r4k4gwdkdz51ohws9ud,Djibril Sidibé,CM,936931790,951378956,951.378956,15302,1.541966,2,2026-09-19T18:45:00Z
player:9rm3r46uzxlmuqnp0jo4danhm,Matheus Cunha,AM_W,1866926909,1895636468,1895.636468,15261,1.537798,3,2026-09-20T15:30:00Z
player:eqtsanns36za56h4pfqhbnh05,Mario Götze,CM,1596016769,1620507318,1620.507318,15228,1.534479,3,2026-09-19T13:30:00Z
player:2izep8yz4gavm10cvf82py5pm,Jamil Siebert,CB,956914088,971583453,971.583453,15214,1.532987,3,2026-09-20T18:45:00Z
player:9k8gysrsy1a261nhcszo4aoyx,Vitaly Janelt,DM,1165201690,1183016719,1183.016719,15174,1.528922,3,2026-09-18T19:00:00Z
player:exqldi3zpsfhvhhvphmpw1ez8,Darryl Bakola,CM,1039349738,1055209777,1055.209777,15144,1.525958,2,2026-09-18T18:45:00Z
player:amxunh6enoc99r07cp7qt621h,Marcos Llorente,CB,1591574651,1615805925,1615.805925,15110,1.522472,4,2026-09-20T14:15:00Z
player:bdb6j168crcrwje9k0titxv55,Lewis Ferguson,CM,1487674096,1510288260,1510.28826,15087,1.520102,3,2026-09-19T13:00:00Z
player:chjjcy789cuwlsik2ibmubtyi,Andrea Carboni,CB,996942126,1012088736,1012.088736,15079,1.519307,3,2026-09-18T18:45:00Z
player:9ea8t509bssf2bhp1n5xxvrl6,James Hill,CB,1063547481,1079697892,1079.697892,15071,1.518542,3,2026-09-20T13:00:00Z
player:7b9gqjq7z692znpoklj7c057u,Ludovit Reis,CM,1017502402,1032921955,1032.921955,15041,1.515432,3,2026-09-19T13:30:00Z
player:1lisq580zw4yfk6id6f1dwr56,Danilo Veiga,CB,843808513,856583047,856.583047,15026,1.513914,3,2026-09-20T18:45:00Z
player:28ucbvor6b0yxreoieehudfc9,Ao Tanaka,CM,1049152985,1065031805,1065.031805,15022,1.513489,3,2026-09-20T13:00:00Z
player:8kj8kbwbfiqloxiilj0i00ep6,Iván Romero,FW,1047528598,1063267770,1063.26777,14913,1.502505,3,2026-09-20T16:30:00Z
player:dw8cxbn8i288w0rqiemop6qs4,Jobe Bellingham,CM,1181591700,1199315057,1199.315057,14888,1.499956,3,2026-09-19T16:30:00Z
player:e8s9ssopq5nmp51zymvqp8jbp,Unai Núñez,CB,1771137804,1797556414,1797.556414,14806,1.491618,2,2026-09-18T19:00:00Z
player:8qcl7ywa0ye0tpf7txo4uwuwa,Nathan Saliba,CM,1001374944,1016296857,1016.296857,14791,1.490142,4,2026-09-20T16:30:00Z
player:374kcix9j7e1cob4uxmfncwyd,Dominic Calvert-Lewin,FW,1278745536,1297701661,1297.701661,14715,1.4824,3,2026-09-20T13:00:00Z
player:dfcbvsb7o18lavmonbp5ucwoa,Oihan Sancet,AM_W,1563808020,1586897407,1586.897407,14657,1.476485,3,2026-09-19T14:15:00Z
player:ho87m362sey4msdjp4n180oa,Matteo Cancellieri,FW,1087138962,1103149706,1103.149706,14620,1.472741,3,2026-09-19T18:45:00Z
player:c8u45gxriyq1rup5fpr30xrdh,Adrien Thomasson,CM,1847188943,1874259119,1874.259119,14548,1.46548,3,2026-09-19T18:45:00Z
player:es8orzwchom47yjt6nwwuc5qs,Tyrique George,FW,1076080945,1091771904,1091.771904,14476,1.458158,3,2026-09-19T14:00:00Z
player:5ec2ede9uwbft3wby33mwowyd,Jonathan Tah,CB,2565272033,2602642575,2602.642575,14463,1.456787,2,2026-09-18T18:30:00Z
player:6zf7dbi1xepyxdohsnrunu5m,Neil El Aynaoui,CM,1295561270,1314397931,1314.397931,14435,1.453938,3,2026-09-20T13:30:00Z
player:71gwdg60saiwwwnnv6is52may,Tijjani Noslin,FW,1168739521,1185728043,1185.728043,14431,1.453576,3,2026-09-19T18:45:00Z
player:84d0jugdidn3if1iqx4ynuxw4,Leon Avdullahu,DM,1182395991,1199575641,1199.575641,14425,1.452952,3,2026-09-20T17:30:00Z
player:4x854vpovag131b2kdutv4qju,Sergi Cardona,FB_WB,1137537680,1153970043,1153.970043,14342,1.444555,3,2026-09-20T16:30:00Z
player:7pg1pu4ptby6hi0rp29hv4jxl,Lassana Coulibaly,AM_W,1023354179,1038105184,1038.105184,14311,1.441437,3,2026-09-20T18:45:00Z
player:cfg0ocm0b2icpagbtnzkrihn9,Nordi Mukiele,CB,1179611800,1196583031,1196.583031,14285,1.438713,3,2026-09-20T13:00:00Z
player:7tnuxlg9l4rjhc7j3ko36hduy,Antoine Semenyo,AM_W,1549552322,1571835028,1571.835028,14278,1.438009,3,2026-09-20T13:00:00Z
player:5fqvl0m1rkzhj9tmafrcxur6c,Roberto Fernández,FW,1129217632,1145449579,1145.449579,14272,1.437451,4,2026-09-18T19:00:00Z
player:aipyotc87m5bdvmvizd5n69k9,Aurélien Tchouaméni,CM,3188463039,3234264223,3234.264223,14262,1.436466,3,2026-09-20T14:15:00Z
player:7vykym3hy0qf1rxw3yv58kxgq,Saúl Coco,CB,1189116914,1206089702,1206.089702,14173,1.427344,3,2026-09-19T13:00:00Z
player:d196vatyvq6ycn1q7d477d2i1,Gleison Bremer,CB,2308449545,2341316827,2341.316827,14137,1.423782,3,2026-09-20T16:00:00Z
player:7zbu2y3nlj4dyhe1qdj15g3xl,Philipp Sander,DM,1232492410,1250037670,1250.03767,14135,1.423559,3,2026-09-19T13:30:00Z
player:1j0a3ml1zglc9s31yentfckb9,Christopher Nkunku,FW,2114395001,2144471163,2144.471163,14124,1.422448,3,2026-09-20T13:30:00Z
player:73efpm314q2paeacsvp4e8q8l,Guido Rodríguez,CM,1861237282,1887650078,1887.650078,14091,1.419099,2,2026-09-20T19:00:00Z
player:27xj7me8icr5ptta7kwx0kfs9,Armand Laurienté,FW,1681669175,1705507757,1705.507757,14076,1.417555,3,2026-09-18T18:45:00Z
player:5qfa3h4gut5jlnfkexq5m1djp,Harry Winks,CM,1164634302,1181138877,1181.138877,14072,1.417147,3,2026-09-19T13:00:00Z
player:6m85ntwegbkk9zkodmxka76dw,Dermane Karim,CM,1032232193,1046690102,1046.690102,13909,1.400645,3,2026-09-19T18:45:00Z
player:4c4ghf9zlkof83n5mnmva61d6,Anthony Rouault,CB,1470180234,1490763630,1490.76363,13903,1.400059,2,2026-09-11T18:45:00Z
player:eybpkhnd5ldeiau8niu1gg57u,Jack Clarke,FW,1059933816,1074746562,1074.746562,13878,1.397516,3,2026-09-19T14:00:00Z
player:15no5m0njma23gf0ygu9agt05,Aitor Fernández,GK,1140227723,1156105627,1156.105627,13829,1.39252,2,2026-09-19T12:00:00Z
player:3o4tq8qooplx2izq9rucgu7d,Casper Tengstedt,FW,1078178455,1093180080,1093.18008,13818,1.391386,3,2026-09-19T18:45:00Z
player:cjgrtf1xc97ir3b64cnl9ecyc,Reda Belahyane,CM,1106039583,1121387765,1121.387765,13781,1.38767,3,2026-09-19T18:45:00Z
player:f1ma05bi3t1hfbflylx5d9tyh,Ethan Ampadu,CM,1386074600,1405254024,1405.254024,13742,1.383722,3,2026-09-20T13:00:00Z
player:5lsx1d5uu8hu6x6a2eocqhvys,Pablo García,FW,1009019757,1022924921,1022.924921,13687,1.378086,3,2026-09-19T16:30:00Z
player:7jpasvui43tnyao6ijyuuyuqc,Bilal El Khannouss,CM,1396496524,1415716933,1415.716933,13669,1.376331,3,2026-09-19T16:30:00Z
player:aqqd7tq7z6bj3wn3u3sz3uuqc,Javier Guerra,FW,1070184300,1084874008,1084.874008,13633,1.372633,4,2026-09-20T19:00:00Z
player:9bba1hgnx5mzpkzeazsoikn9x,Matteo Politano,CM,1528476384,1549325737,1549.325737,13548,1.364061,3,2026-09-20T10:30:00Z
player:adb8skc3qbvgunhzd9651lij8,Vanderson,CM,1413008696,1432278709,1432.278709,13545,1.363758,3,2026-09-18T18:45:00Z
player:8s259ktv9j6ei0f8rh2msqfh1,Valentin Rongier,DM,2566833833,2601792953,2601.792953,13528,1.361955,3,2026-09-19T18:45:00Z
player:58vrddf0ws30ev8rrkjpkkrxm,Pavel Šulc,AM_W,1172790020,1188736229,1188.736229,13505,1.359682,3,2026-09-19T18:45:00Z
player:1mf7tr17fqnddm23nx1z1tsh6,Julio Enciso,FW,1271910380,1289202337,1289.202337,13504,1.359526,3,2026-09-19T14:00:00Z
player:6ynchgp6o4tajwvnfdnoo11at,Nabil Bentaleb,DM,1617670544,1639618913,1639.618913,13477,1.356789,3,2026-09-20T15:15:00Z
player:8b3igmuipfhfzm39ack89de96,Kang-In Lee,CM,1681464774,1704274699,1704.274699,13474,1.356551,4,2026-09-20T14:15:00Z
player:9x5uo2wkxp9fk1arygbkl6u0a,Luka Sučić,CM,1179447930,1195286924,1195.286924,13340,1.342916,4,2026-09-20T19:00:00Z
player:d4tdx2ctadv6kc3tbq4as8bmx,Sergio Gómez,CB,1196125725,1212138198,1212.138198,13298,1.338695,4,2026-09-20T19:00:00Z
player:ew2sm4xxnq9jvmwq70oz4y2g9,Josh Maja,FW,1001621046,1015025200,1015.0252,13294,1.338246,3,2026-09-19T18:45:00Z
player:ch1bilea3jhwexlcdin0llyc4,Roger Hinojo,CB,994970447,1008273129,1008.273129,13281,1.336993,4,2026-09-18T19:00:00Z
player:4nzndhd2pnky4szpunvlyxs2y,Amine Sbaï,FW,1051752157,1065803430,1065.80343,13271,1.335987,3,2026-09-19T18:45:00Z
player:3r4r3w44ski0d4175zfe1iy38,César Palacios,FW,1016111956,1029683941,1029.683941,13268,1.335678,2,2026-09-20T15:30:00Z
player:2biwwlvzgsu5kmyw5w1adpmtx,Gerard Moreno,FW,1666765852,1688944512,1688.944512,13219,1.33064,3,2026-09-20T16:30:00Z
player:6bj5k49arillmrgqk04bxvx1w,Oso,AM_W,1010646708,1024061350,1024.06135,13186,1.327332,3,2026-09-19T15:15:00Z
player:9rjd95oqotnalxmv56v7p1r6d,Gregor Kobel,GK,1348826390,1366707677,1366.707677,13170,1.325692,3,2026-09-19T16:30:00Z
player:5uig03vbbv71f0q31cp3vfbv9,Eray Cömert,CB,1306262527,1323555670,1323.55567,13152,1.323864,3,2026-09-19T13:00:00Z
player:7c6034wb3zsuq9nhxxiahiuol,Michael Gregoritsch,FW,1353970591,1371859462,1371.859462,13126,1.321216,3,2026-09-19T13:30:00Z
player:6rxd6ltpl30qmksb5fkwrl756,Nicolás Capaldo,CM,1030745715,1044356037,1044.356037,13118,1.320434,3,2026-09-19T13:30:00Z
player:p7vw4thx5wzo49h6hfabcq5m,Mohammed Kudus,AM_W,1546011961,1566389400,1566.3894,13095,1.318065,3,2026-09-19T11:30:00Z
player:q6ns1fyw7w10xkkubh8etfc9,Alessandro Bastoni,CB,1610111317,1631290888,1631.290888,13068,1.31541,3,2026-09-19T16:00:00Z
player:3wp8fuk07m1ph1fpmbqe7tf55,Rodrigo Bentancur,DM,1973652432,1999604893,1999.604893,13064,1.314946,3,2026-09-19T11:30:00Z
player:7e7w34imugzsufvytjxytupd5,Maxence Lacroix,CB,1889150820,1913945509,1913.945509,13039,1.312478,3,2026-09-18T19:00:00Z
player:kvbjuvcseqk4sbr04ctkqi38,Cher Ndour,CM,1146832390,1161867287,1161.867287,13025,1.310993,3,2026-09-20T10:30:00Z
player:dl4e5ojyhccj6w0vgksfzvmxh,Pierre Lees-Melou,CM,1900968379,1925882465,1925.882465,13021,1.3106,3,2026-09-19T15:15:00Z
player:73jvx4opw9wvawwpg0bnt8ay2,Ilias Akhomach,FW,1031143446,1044648028,1044.648028,13012,1.309671,3,2026-09-20T16:30:00Z
player:5enjhxrx2jrjqtgb9wwq0baax,Mark McKenzie,CB,1110480074,1124997039,1124.997039,12988,1.307269,3,2026-09-19T18:45:00Z
player:9mlj7fxon5zy1qmktvvcwjrl6,Ferrán Jutglà,FW,1190257592,1205813595,1205.813595,12985,1.306944,4,2026-09-19T16:30:00Z
player:cg6h7oq0b5zpx1g4brhzyk1xx,Lukás Hrádecky,GK,822437753,833171789,833.171789,12967,1.305149,3,2026-09-18T18:45:00Z
player:coiof0pcf90xmyoea9ktrdn9w,Rubén Sánchez,CB,1000837350,1013890596,1013.890596,12958,1.304233,3,2026-09-18T19:00:00Z
player:7pmigpf4yfi6dfih8e1ogdwb9,Gonçalo Guedes,FW,1220472337,1236341353,1236.341353,12919,1.300236,4,2026-09-20T19:00:00Z
player:5lfki1zoxd4l96hjbr2rw3d2h,Hugo Magnetti,CM,1137473974,1152238578,1152.238578,12897,1.298017,3,2026-09-20T13:00:00Z
player:5f8kjgsaabn2li5r7bvpebbsa,Joan García,GK,1657504765,1678981202,1678.981202,12874,1.295709,3,2026-09-16T19:30:00Z
player:8qs8s7c173w8i1dfu06ub5zis,Luken Beitia,CB,1006484675,1019518876,1019.518876,12867,1.295022,2,2026-09-20T19:00:00Z
player:c2jqa9vozhqu7x79h5rr2n1ed,Kevin De Bruyne,CM,2332775556,2362966935,2362.966935,12859,1.294226,3,2026-09-20T10:30:00Z
player:5z8ycnd0smdkumi5fgtzf7c9h,Dean Henderson,GK,539979322,546962981,546.962981,12850,1.29332,1,2026-09-05T14:00:00Z
player:1r35ds2obqkw03f7hfpfsqqui,Giacomo Quagliata,CB,975689351,988286685,988.286685,12829,1.291121,4,2026-09-20T16:30:00Z
player:b4witgokm49tidm1a83qcvbop,Vinícius Júnior,FW,3352800382,3395958827,3395.958827,12790,1.287236,4,2026-09-20T14:15:00Z
player:66t7zm54jgmcjtiizl9g0rkkp,Kike Pérez,CM,1143375153,1158080591,1158.080591,12779,1.286143,3,2026-09-19T18:45:00Z
player:307whzq643o50rd4g8niobyay,Nicolas Seiwald,CM,1414392576,1432514908,1432.514908,12731,1.28128,2,2026-09-20T13:30:00Z
player:8yak0o9o7z5j5ribga3ui2cb9,Gabriel Suazo,CB,1332425265,1349442575,1349.442575,12691,1.277168,4,2026-09-19T19:00:00Z
player:jflu7a5n4f3ezoj20z0kje5m,Maarten Vandevoordt,GK,1025061077,1038070758,1038.070758,12612,1.269162,3,2026-09-20T13:30:00Z
player:4ml8pyt3rxwxakjxslg0c8kb9,Gianluca Scamacca,FW,1539850499,1559384983,1559.384983,12606,1.268596,3,2026-09-20T16:00:00Z
player:8ijrlhafx325b0bd78jc8duz8,Ismaëlo Ganiou,CB,1151103586,1165668149,1165.668149,12573,1.26527,1,2026-09-05T15:15:00Z
player:7y2h0upi10c3mp7u2oqn9kq38,Mahamadou Nagida,CB,1094095939,1107925389,1107.925389,12561,1.264007,3,2026-09-19T18:45:00Z
player:2ma0fsvwn2lzchpbbxw3k2uc4,Paul Mendy,FW,1012912923,1025650187,1025.650187,12496,1.257489,3,2026-09-19T13:00:00Z
player:3bm08rp9rgzh6cjhk0picxs6h,Samuel Chukwueze,FW,1345024111,1361794188,1361.794188,12391,1.246824,3,2026-09-20T18:45:00Z
player:cdsidpd0i3ub2tvw47qt813x0,Nobel Mendy,CB,1101818564,1115524699,1115.524699,12363,1.243956,2,2026-09-12T14:00:00Z
player:9kxuwgequrilkom3ru6sdxall,Josip Juranović,FB_WB,1060580660,1073665074,1073.665074,12262,1.233703,2,2026-09-11T18:30:00Z
player:5wkso3mls5ulkilr0xzfix1p1,Joachim Andersen,CB,1785820592,1807830380,1807.83038,12249,1.232475,2,2026-09-20T15:30:00Z
player:9vk8oyt5lma4ir9tbi3uvlrdh,Gautier Lloris,CB,1223354878,1238425766,1238.425766,12244,1.231931,3,2026-09-20T13:00:00Z
player:2ge9oa66xgsefhhpvuboua76x,Jørgen Strand Larsen,FW,1341777149,1358298933,1358.298933,12238,1.231336,3,2026-09-20T13:00:00Z
player:awifojlj7tvikhdfqftwhco44,Andrés García,FW,1009005412,1021410681,1021.410681,12220,1.229455,3,2026-09-20T12:00:00Z
player:6g4cnzr3dh0veul5svzkhmxw4,Johan Manzambi,AM_W,1125529959,1139359353,1139.359353,12212,1.228701,2,2026-09-19T11:30:00Z
player:57c808184l80uuuv7z3flcu6t,Grischa Prömel,CM,1205797844,1220574418,1220.574418,12180,1.22546,3,2026-09-19T16:30:00Z
player:ojqb7kv87o0cidbckgtg1rdh,Ellyes Skhiri,DM,1932266598,1955943783,1955.943783,12179,1.225358,3,2026-09-19T13:30:00Z
player:d87uduceapind7lgv6273xedw,Lucas Cepeda,FW,1015783997,1028214591,1028.214591,12163,1.223744,4,2026-09-18T19:00:00Z
player:87ytopsesl3dy8wwdefnzlm5m,Bambasé Conté,CM,998417650,1010572423,1010.572423,12101,1.217404,3,2026-09-20T17:30:00Z
player:2p1pns6j6id4nx3nbi7fv0wrt,Min-Jae Kim,CB,3323533560,3363884515,3363.884515,12068,1.214098,2,2026-09-18T18:30:00Z
player:2wl0uylmkzi2ls7v4amgaa1yi,Evanilson,FW,1267467223,1282778975,1282.778975,12008,1.208059,3,2026-09-20T13:00:00Z
player:ahz2npxe4geixkaz25f2pc82d,Manuel Locatelli,CM,2893706770,2928611718,2928.611718,11990,1.206237,1,2026-09-06T18:45:00Z
player:ck7lu09geq8mi6vkf2llyi5ii,Mikel Jauregizar,DM,1085428294,1098515635,1098.515635,11985,1.205731,3,2026-09-19T14:15:00Z
player:m030tubgf3zpgf0axzm7z26t,Domenico Berardi,FW,1894745313,1917553503,1917.553503,11966,1.20376,3,2026-09-18T18:45:00Z
player:efzokrggje7s9wc6hg75yc6ax,Evan N'Dicka,CB,2390839979,2419613223,2419.613223,11963,1.203478,2,2026-09-19T16:00:00Z
player:mfsus6ryni5b1hjn0y70sbo4,Alex Scott,DM,1197729308,1212135596,1212.135596,11956,1.2028,3,2026-09-20T13:00:00Z
player:9785y6kolfs8e6yxbl7o4xzis,Lennon Miller,CM,1015850132,1028032848,1028.032848,11921,1.199263,3,2026-09-19T13:00:00Z
player:avk0vktquq3oum9w6dyodlz6y,Alexsandro Ribeiro,CB,2005971278,2029991738,2029.991738,11903,1.197448,3,2026-09-20T15:15:00Z
player:192qpmicfd10d7mutv5y762qy,Yasin Ayari,CM,1082667620,1095628450,1095.62845,11900,1.19712,3,2026-09-19T14:00:00Z
player:4eezya3lwcwur6c8s6rl0rzvu,Yéremi Pino,FW,1326121291,1341979751,1341.979751,11888,1.195853,3,2026-09-20T13:00:00Z
player:92qqdiryqd8juqdjq8585476y,Adrien Truffert,CB,964761140,976284613,976.284613,11874,1.194438,3,2026-09-20T13:00:00Z
player:dodddfi0l5i36vlgbaybhzeqy,Micky van de Ven,CB,1413172126,1429996079,1429.996079,11835,1.19051,3,2026-09-19T11:30:00Z
player:1ysjiktcawxozp70p3w13ssgk,Facundo González,CB,995764909,1007607676,1007.607676,11823,1.189314,2,2026-09-16T19:30:00Z
player:ag6hkplnlodzxqrs9fh7mka5m,Wouter Burger,DM,1211938356,1226334631,1226.334631,11809,1.187872,3,2026-09-20T17:30:00Z
player:7ubtan6a51o79w469zawrqqqd,Íñigo Ruíz de Galarreta,DM,1419033500,1435857208,1435.857208,11786,1.185575,3,2026-09-19T14:15:00Z
player:5t2ngljfiapcn98qlnbifg53p,Moi Gómez,CM,1356469354,1372422629,1372.422629,11692,1.176088,1,2026-09-06T16:30:00Z
player:5tbabvk43ljv3z3wd9mh0y8r9,Joseph Willock,CM,1026954565,1038978280,1038.97828,11640,1.170813,3,2026-09-19T14:00:00Z
player:53nd6a4o02ebb0w2s12prijje,Yuito Suzuki,AM_W,1158878784,1172413586,1172.413586,11612,1.167922,3,2026-09-19T13:30:00Z
player:eqw6fu3no9qxejk17tqgeey5m,Pablo Ibánez,CM,1013798904,1025615374,1025.615374,11588,1.165564,4,2026-09-19T14:15:00Z
player:e1g4cho31825bw7apvh9xr0x6,Álvaro Núñez,CM,1081824780,1094381496,1094.381496,11540,1.160698,2,2026-09-19T16:30:00Z
player:dqsslq1iz1azubowq3anwws4q,Nuno Tavares,CB,1023366552,1035237397,1035.237397,11533,1.15998,3,2026-09-19T18:45:00Z
player:2u7fm04v2xzqso4rubkrvjcru,Milutin Osmajić,FW,996309063,1007858529,1007.858529,11526,1.159225,3,2026-09-20T13:00:00Z
player:c320492cbp1otejfp1i1oane1,Yangel Herrera,CM,1349883479,1365491128,1365.491128,11496,1.156222,4,2026-09-20T19:00:00Z
player:fs5utga62tud5s06xj27qdat,Jordan Torunarigha,CB,1129368767,1142400445,1142.400445,11473,1.15389,3,2026-09-19T13:30:00Z
player:3e4s03gec7n4fe7llngv6hel0,Tidiam Gomis,FW,1009983854,1021630369,1021.630369,11465,1.153139,3,2026-09-20T13:30:00Z
player:929ho421g2zacylfc97m23uac,João Neves,CM,1859929184,1881329818,1881.329818,11440,1.150616,3,2026-09-20T18:45:00Z
player:19z8jmren3eytg7fbuzqv73kl,Trent Alexander-Arnold,CB,1397651701,1413661414,1413.661414,11390,1.145472,2,2026-09-15T19:30:00Z
player:1po7tmdv73zfjentt0p20wdlh,Stefan Posch,CB,1113958623,1126655277,1126.655277,11333,1.139778,3,2026-09-19T13:30:00Z
player:16idj1wxzcbvuaov5duvpqhyi,Elye Wahi,FW,1364118777,1379617973,1379.617973,11298,1.136206,3,2026-09-20T15:15:00Z
player:28x7i681wkjueanvkevew3bh1,Aleksandr Golovin,AM_W,1924021632,1945830702,1945.830702,11271,1.133515,3,2026-09-18T18:45:00Z
player:9ksvo095xi2t4q4pvgxa836z8,Pablo Durán,FW,1089632932,1101972599,1101.972599,11261,1.132461,3,2026-09-19T16:30:00Z
player:3e8mxxfs5q7gt4lg2beqpkwyd,Héctor Bellerín,CB,875407162,885316076,885.316076,11256,1.131921,4,2026-09-20T16:30:00Z
player:4ho3e7wi6z5tq8g87l8tjtwtm,Luca Koleosho,FW,997736775,1009028894,1009.028894,11254,1.131773,3,2026-09-19T15:15:00Z
player:eorgs50x6dss1dzy86fvb97o4,Oumar Ngom,DM,996540081,1007812404,1007.812404,11248,1.131146,3,2026-09-20T18:45:00Z
player:4cetkl0w2uq40ccti5ka6a4t1,Gianluigi Donnarumma,GK,1677992688,1696951092,1696.951092,11235,1.129826,3,2026-09-20T13:00:00Z
player:dom2gtnelp3yqgtnchnli0ftg,Ernest Nuamah,AM_W,1201230280,1214706372,1214.706372,11156,1.121858,3,2026-09-19T18:45:00Z
player:rao8xq2rg3beoc418zv1gzro,Lucas Stassin,FW,1098366415,1110686515,1110.686515,11154,1.121675,3,2026-09-16T17:00:00Z
player:6gjlcd7rzi3p74qwvj7ia6esq,Noah Atubolu,GK,1081196690,1093309101,1093.309101,11140,1.120278,3,2026-09-19T13:30:00Z
player:eaqqezw2ed1u0tt3zc128mr1m,João Pedro,FW,1601601281,1619533432,1619.533432,11134,1.119639,2,2026-09-12T14:00:00Z
player:1wileoy8mxtd2t1b106uhwzro,Thierno Barry,FW,1118509598,1130998825,1130.998825,11104,1.116595,3,2026-09-19T14:00:00Z
player:eufpzdp76oumhybvscmu76vo5,Mariano Díaz,FW,1021672395,1033033264,1033.033264,11059,1.111987,4,2026-09-19T14:15:00Z
player:9e7ybe0nsu3byq2tteey3zuy2,Pablo Barrios,CM,1662556280,1681032275,1681.032275,11052,1.1113,1,2026-09-05T14:15:00Z
player:aaoycxwi9jny6flm4apz8a2uh,Marco Friedl,CB,1965014396,1986834147,1986.834147,11043,1.110412,3,2026-09-19T13:30:00Z
player:35qg0rrwtl00pycx468s62m3u,Kenneth Taylor,CM,1182302569,1195410086,1195.410086,11025,1.108643,3,2026-09-19T18:45:00Z
player:8onruhr4es313aq52xsl7nxlh,Óscar Valentín,DM,1464587264,1480798347,1480.798347,11008,1.10687,4,2026-09-19T12:00:00Z
player:5jk0wq14a8emikh2vh53aw0ve,Liam Delap,FW,1110022731,1122297591,1122.297591,10998,1.105821,3,2026-09-19T16:30:00Z
player:72nph557ee2a9tdky8rvk12vp,Jack Grealish,AM_W,1802773853,1822631144,1822.631144,10955,1.101485,3,2026-09-19T14:00:00Z
player:6cx5c6bzp1hq6c1vui53mxzx0,Abdul Fatawu,FW,1026365643,1037653754,1037.653754,10938,1.099814,3,2026-09-19T14:00:00Z
player:53bjqee7oomr7czgfmm1mcy96,Clemens Riedel,CB,1091945710,1103931169,1103.931169,10916,1.097624,4,2026-09-18T19:00:00Z
player:6zcua8ycqj1pca5fxwvie4x04,Juan Rodríguez,CB,1096566303,1108593033,1108.593033,10908,1.096763,3,2026-09-19T13:00:00Z
player:6eqqtmbg35rg2stk10ic7q8k5,Nikola Moro,CM,1249369065,1263065261,1263.065261,10903,1.096249,3,2026-09-19T13:00:00Z
player:am6ppbdrbz4ml3xsbty53o73d,Alexis Mac Allister,DM,1938287641,1959528471,1959.528471,10899,1.095855,3,2026-09-20T13:00:00Z
player:8855nyl8htw15u4y4apom7fxm,Mohamed Amoura,FW,1284674013,1298697656,1298.697656,10857,1.091611,3,2026-09-20T15:15:00Z
player:bcx883fj4ra94k586139a0e8k,Raúl Torrente,CB,1058361544,1069900883,1069.900883,10844,1.090302,2,2026-09-13T15:15:00Z
player:370bp4zp3mxe27rtx3gwhcems,Stanis Idumbo,CM,1001624871,1012483144,1012.483144,10782,1.084066,2,2026-09-12T15:15:00Z
player:5w7ztsau360j3zd1aai33d4b8,Kacper Potulski,CB,1042867026,1054156312,1054.156312,10767,1.082524,3,2026-09-19T13:30:00Z
player:849wrp9wm8cjyrbshlaukyz56,Nicolai Remberg,CM,1112569463,1124611046,1124.611046,10765,1.082322,3,2026-09-19T13:30:00Z
player:pjbuqt8wiwm2ql2tfvvcn59m,Tim Lemperle,FW,1104305907,1116241949,1116.241949,10751,1.080864,3,2026-09-20T17:30:00Z
player:3weuuu2vlyod9x7gnk2v9r1ed,Vincent Sasso,FB_WB,1008231849,1019125383,1019.125383,10747,1.080459,1,2026-09-19T18:45:00Z
player:4gbk8ka3fv401f8zyslo38fai,Radu Drăgușin,CB,1023406413,1034430033,1034.430033,10714,1.07715,3,2026-09-20T10:30:00Z
player:6mf11pv0pfvyl9vom1i1pi0yy,Akor Adams,FW,1201929332,1214859134,1214.859134,10700,1.075754,3,2026-09-19T18:45:00Z
player:1fua3j2pq3ftsfwykefvs6u50,Andrija Bulatović,CM,1043064552,1054235587,1054.235587,10653,1.070982,3,2026-09-18T18:45:00Z
player:5nsag404623qznyyizl8yuwkq,Chris Richards,CB,1149895672,1162172605,1162.172605,10620,1.067656,3,2026-09-20T13:00:00Z
player:ejcyvgclry4g5pc2rtptifphx,Thomas Lemar,CM,1248194373,1261492504,1261.492504,10598,1.065389,4,2026-09-18T19:00:00Z
player:46yp8iqh0qm7i75d98tfrsbxm,Lorenzo Colombo,FW,1214526488,1227426237,1227.426237,10565,1.062122,4,2026-09-20T13:00:00Z
player:adcmwodw7raphk57z8m46f97u,Younes Ebnoutalib,FW,1020904852,1031733783,1031.733783,10551,1.060719,3,2026-09-19T13:30:00Z
player:cngitl9unybpxpdle1nlc5qms,Mamadou Sangaré,CM,1456438155,1471879097,1471.879097,10546,1.060185,3,2026-09-18T19:00:00Z
player:avubg95m07a6rted50ejdkftg,Joël Schingtienne,CB,978323765,988607735,988.607735,10457,1.051183,3,2026-09-19T18:45:00Z
player:ecwzzrkn1snbua5yu4gehxm2,Willian Pacho,CB,2354813831,2379530039,2379.530039,10441,1.049603,3,2026-09-20T18:45:00Z
player:d3hg7lo01o84dsvzud3b6vsnp,Oli McBurnie,FW,1120810112,1132498646,1132.498646,10375,1.042865,3,2026-09-19T14:00:00Z
player:bffc3dzdi9c6ix77k1yaepjpw,Sadibou Sané,CB,1221868061,1234609965,1234.609965,10374,1.042822,3,2026-09-18T18:45:00Z
player:bahph7009sc73jl6s2bramn6d,Marko Dmitrović,GK,927473874,937125960,937.12596,10353,1.040685,4,2026-09-18T19:00:00Z
player:62gct49oglcdzxafhrfucrb2t,Fabian Bredlow,GK,1121664299,1133328651,1133.328651,10345,1.039915,3,2026-09-19T16:30:00Z
player:75079gtd2efpviyo605ozsd79,Sergio Canales,AM_W,1531806894,1547707384,1547.707384,10327,1.038022,4,2026-09-19T16:30:00Z
player:7fmpgkx58o9pivo2bbnxxkt05,Aymeric Laporte,CB,1437678729,1452551689,1452.551689,10292,1.034512,3,2026-09-19T14:15:00Z
player:8jt4vsixxoqp4uvskyfl7k222,Malo Gusto,CM,1505044165,1520609368,1520.609368,10289,1.034202,2,2026-09-12T14:00:00Z
player:4hhwub45239nculr9sowalr10,Afonso Moreira,FW,1128029131,1139690903,1139.690903,10285,1.033818,3,2026-09-20T13:30:00Z
player:3hpaoy4qzn5xp7qnzdrj1yvsa,Andy Diouf,CM,1121149182,1132727542,1132.727542,10274,1.032723,3,2026-09-19T16:00:00Z
player:59ynmlwky3h6m9g2r7a8igi96,Troy Parrott,FW,1142338593,1154047619,1154.047619,10198,1.025005,2,2026-09-17T17:00:00Z
player:cbzfr0b3pjiknahduv488ogoa,Ilario Monterisi,FB_WB,1023338211,1033816075,1033.816075,10187,1.023891,3,2026-09-20T13:00:00Z
player:9lzqgedy6aaouokqenirdbu38,Miguel Sierra,AM_W,1019299528,1029723057,1029.723057,10174,1.022617,4,2026-09-19T19:00:00Z
player:46vm60m1v8o9t0aesa0bpr42y,Han-Noah Massengo,CM,1083944232,1095017081,1095.017081,10164,1.021533,3,2026-09-19T13:30:00Z
player:djha3ac2mfhyb7oia64hq2nd,Edmond Tapsoba,CB,2795535550,2823818411,2823.818411,10066,1.011715,3,2026-09-20T13:30:00Z
player:8m3vlawmsti8ateh7sd5041jp,Rafa Rodríguez,CM,1003715777,1013838003,1013.838003,10034,1.008475,1,2026-09-20T12:00:00Z
player:6icypdqtfk2k81ax0i49j5xpl,James Justin,CM,925625543,934945775,934.945775,10019,1.006912,3,2026-09-20T13:00:00Z
player:l0qqn9tlgov91p5d1zzdupcl,Emiliano Buendía,AM_W,1413105612,1427308983,1427.308983,10001,1.005117,3,2026-09-19T11:30:00Z
player:2jc6sdkse1kxjztsgystidot1,Denis Zakaria,CM,1602230324,1618286551,1618.286551,9971,1.002117,3,2026-09-18T18:45:00Z
player:4rktv6j9sioe0gmu7jt77fsh5,Arnaut Danjuma,FW,1204585642,1216656625,1216.656625,9971,1.002086,4,2026-09-20T19:00:00Z
player:8bvn7mn5tjfj3l2bnpvm75gmi,Georges Mikautadze,FW,1525785134,1541072675,1541.072675,9970,1.001946,4,2026-09-20T16:30:00Z
player:jvtea24o3s6ze8etqk0rqgru,Dilane Bakwa,FW,1142088616,1153530224,1153.530224,9968,1.001814,3,2026-09-20T15:15:00Z
player:7c8ms7bw3fva4xeubax4ep8et,Phillipp Mwene,CM,868412658,877094216,877.094216,9947,0.999704,3,2026-09-19T13:30:00Z
player:17au7v1ocl4zab872g59821yi,Junior Messias,CM,1139576199,1150963307,1150.963307,9943,0.999241,3,2026-09-20T13:00:00Z
player:amcwh6w0brmkttg4uc5qm6z9w,Nicolas Jackson,FW,1604115048,1620138157,1620.138157,9939,0.998875,3,2026-09-19T11:30:00Z
player:19856wqwrmzmvfw9thf0tzrv9,Federico Dimarco,CM,1834770652,1852964209,1852.964209,9867,0.991598,3,2026-09-19T16:00:00Z
player:bhsdzppop8jwjsxwftizot1t6,Jamal Musiala,AM_W,2430288556,2454361075,2454.361075,9856,0.990521,3,2026-09-18T18:30:00Z
player:4jqgl7x5ewke1u0sy2cbkqfhl,Calvin Bassey,CB,1498058314,1512817001,1512.817001,9804,0.985188,3,2026-09-20T15:30:00Z
player:9jrya38msibxt1c7rx1et4acq,Igor Thiago,FW,1266740538,1279206377,1279.206377,9793,0.984088,3,2026-09-18T19:00:00Z
player:84mp3eqt1ckw107hwxpby9cd1,Matthias Ginter,CB,1192590039,1204304524,1204.304524,9775,0.982273,3,2026-09-19T13:30:00Z
player:bzv32rpgvs111w8e2gch452xg,Bryan Zaragoza,FW,1099041015,1109685517,1109.685517,9639,0.968526,4,2026-09-18T19:00:00Z
player:5fuphn1nsmp0e3i3qshhdeyac,Kyllian Antonio,CB,1017568544,1027415094,1027.415094,9630,0.967655,3,2026-09-18T18:45:00Z
player:9xbo6c8uq29ueuyinngjjiaj9,Rubén Garcia,FW,1472538041,1486785417,1486.785417,9629,0.967539,4,2026-09-19T12:00:00Z
player:f5lfo1hz7u5bk494w53arcacq,Junior Dina Ebimbe,AM_W,1084183133,1094668500,1094.6685,9625,0.967121,3,2026-09-20T15:30:00Z
player:aou0s44ekqc7vyp71mjf8n3mc,Simon Ebonog,CM,963592341,972901081,972.901081,9614,0.966045,3,2026-09-19T18:45:00Z
player:6gymgqxnu2zavuxgp6amm3zkl,Duje Ćaleta-Car,CB,1403293531,1416830269,1416.830269,9600,0.964641,2,2026-09-18T18:45:00Z
player:7c5uk1ts8jlu88p1x6wubuz8p,Romain Faivre,AM_W,1405089585,1418607259,1418.607259,9575,0.962051,3,2026-09-20T13:00:00Z
player:ct2t62s5gte4o5hodlfz9hkb8,Antonio Raimondo,FW,1006262254,1015927884,1015.927884,9560,0.960548,3,2026-09-20T13:00:00Z
player:5l02insq2xjtf3dhna970modl,Ilan Kebbal,CM,1280441587,1292723754,1292.723754,9546,0.959213,3,2026-09-19T15:15:00Z
player:9ka7y81b5kst146mhq7mom5ed,Leonardo Spinazzola,CM,928166299,937036869,937.036869,9512,0.955709,2,2026-09-13T16:00:00Z
player:1hwkpsnmh04e9jakw26e584k4,Jair Cunha,CB,978184294,987532478,987.532478,9511,0.955667,2,2026-09-19T16:30:00Z
player:jagvvzc7329tf2c64mnc251,Lewis Dunk,CB,2470411909,2493866752,2493.866752,9450,0.94943,2,2026-09-13T13:00:00Z
player:1oszv53od5pulbhx566ht984q,Antonino Gallo,CB,664537078,670792177,670.792177,9369,0.941272,3,2026-09-20T18:45:00Z
player:bt2pm0it9f1o216uxo3abfpbd,Jim Allevinah,FW,1072204405,1082284251,1082.284251,9357,0.940105,3,2026-09-19T18:45:00Z
player:4iijb6llnz28unsz4rirr3umt,David Raya,GK,865846518,873912972,873.912972,9273,0.931626,3,2026-09-19T14:00:00Z
player:8gkexxgf3pypshhqwg6ibp7o4,Kamory Doumbia,AM_W,1429392781,1442702488,1442.702488,9268,0.931144,3,2026-09-20T13:00:00Z
player:dfsb8uzowi737si30le6gjaxg,Tiago Gabriel,CB,1061484441,1071292176,1071.292176,9197,0.923964,2,2026-09-13T13:00:00Z
player:63tj5b59b7en3tnd4sjff8woa,Lorenzo Bernasconi,FB_WB,1029905847,1039396598,1039.396598,9173,0.921516,2,2026-09-20T16:00:00Z
player:7snt4uu7f2d0g7utjm2xfis8a,Fábio Silva,FW,1127932149,1138257747,1138.257747,9113,0.915445,3,2026-09-19T16:30:00Z
player:16kv5p8we3pwqpt5ktwrb7mj9,Mërgim Vojvoda,CM,1144567912,1155035048,1155.035048,9103,0.914505,3,2026-09-19T13:00:00Z
player:2f79rc4i712sxstahjkq6pxp1,Bernd Leno,GK,1767237477,1783391602,1783.391602,9099,0.914089,3,2026-09-20T15:30:00Z
player:1ct0gujao4wvj1ff3aebqgqnd,Gianluca Gaetano,CM,1277918397,1289590084,1289.590084,9092,0.913336,2,2026-09-20T16:00:00Z
player:6u2ob6fv950r1qve8uejkq2uh,Amine Gouiri,AM_W,1790279421,1806630586,1806.630586,9092,0.91333,3,2026-09-20T18:45:00Z
player:5lzbyj5i0cotpry4gneap8c89,Juan Iglesias,CB,830414834,837968334,837.968334,9055,0.909606,4,2026-09-19T19:00:00Z
player:2szgrzcosfeifh664tgt3mfvt,Ferrán Torres,AM_W,1569801213,1584054687,1584.054687,9039,0.90798,3,2026-09-20T18:45:00Z
player:7jtc6yk5xu4cm1an97wrgozbp,Odysseas Vlachodimos,GK,884563161,892566360,892.56636,9007,0.904763,4,2026-09-19T19:00:00Z
player:dqrtbk6lsscer7078jro6z3hm,Dembo Sylla,CM,1015292251,1024462149,1024.462149,8991,0.903178,3,2026-09-19T18:45:00Z
player:3haxsyfrccsgw6x5jgbwdjze,Gianluca Busio,CM,1055037433,1064530730,1064.53073,8958,0.899807,2,2026-09-11T18:45:00Z
player:6fttn5mk6n1lstqt0dl5xzn4l,Gianluca Mancini,CB,900833332,908938554,908.938554,8957,0.899747,3,2026-09-19T16:00:00Z
player:cis0z72hgahfnfjduk7hdnz3e,Odilon Kossounou,FB_WB,1493845103,1507272780,1507.27278,8949,0.898867,2,2026-09-12T18:45:00Z
player:9xfrrmf19uv4i69ge0kg1hh7u,Aaron Hickey,CB,901326852,909421733,909.421733,8941,0.898107,3,2026-09-18T19:00:00Z
player:cscn06kwqfzo09h0dc5ybt1pl,Jules Koundé,CB,1999381283,2017327666,2017.327666,8936,0.897597,1,2026-09-06T14:15:00Z
player:bnjdkz5d7st9gtn2srjs8ozc9,Daniel Ballard,CB,1035707806,1044932304,1044.932304,8867,0.890647,3,2026-09-20T13:00:00Z
player:6gxyeuqjnyj9bl4n8kz14sv6d,Jefferson Lerma,CB,1314273440,1325962188,1325.962188,8854,0.88937,2,2026-09-20T13:00:00Z
player:4ryipy52oscxkv71ws0os5w5,Vladimír Coufal,CB,765725339,772459146,772.459146,8756,0.879402,3,2026-09-20T17:30:00Z
player:bwhn9ve3o3jh21a4vuyjmzbbo,Jahmai Simpson-Pusey,CB,1045117383,1054300091,1054.300091,8748,0.878629,3,2026-09-19T13:30:00Z
player:e30x514qvzadcryj2zhoss26s,Chema Andrés,CM,1148110488,1158159231,1158.159231,8714,0.875242,2,2026-09-19T14:00:00Z
player:2smmv9hdoiet7necaf00ol51x,Tyrone Mings,CB,1226868983,1237555123,1237.555123,8672,0.871009,3,2026-09-19T11:30:00Z
player:bznkfclbiwpcx4k8wub7q7skq,Diego Villares,CM,1011417541,1020214326,1020.214326,8660,0.869748,1,2026-09-20T16:30:00Z
player:4d17grk2qflzake218uz76uei,Carlos Augusto,CB,1363110201,1374959886,1374.959886,8656,0.869312,3,2026-09-19T16:00:00Z
player:36di67wn0rmx79vlwbst3rjhm,Maurits Kjærgaard,CM,1077175592,1086475294,1086.475294,8596,0.863341,2,2026-09-20T15:15:00Z
player:6psklvi66inwws7buzf16yjft,Pedro Neto,FW,1450355396,1462828121,1462.828121,8563,0.859977,3,2026-09-18T19:00:00Z
player:cd0w7dewgwkiiqkg0jty8ae50,Ángel Ortiz,CB,1030751326,1039599097,1039.599097,8547,0.858381,1,2026-09-17T17:00:00Z
player:1py4bk2ik16w8lil31bghq99m,Matthis Abline,FW,1186848229,1197020520,1197.02052,8534,0.857084,3,2026-09-18T18:45:00Z
player:bgc1psqiv7vagmphfl920nbah,Antonee Robinson,CB,1409323049,1421375259,1421.375259,8515,0.855177,3,2026-09-20T15:30:00Z
player:2u8bekuidiwqz1gvb4vd3uhg,César Tárrega,CB,1144946102,1154699588,1154.699588,8483,0.851873,2,2026-09-11T19:00:00Z
player:39c5g6782qlrtw55fsre7exnt,Fran García,CB,1186263433,1196341260,1196.34126,8460,0.849544,3,2026-09-20T16:30:00Z
player:en2c7z1raqmcwee78297pbnu2,Eduardo Camavinga,CM,2179286353,2197777278,2197.777278,8449,0.848485,3,2026-09-20T14:15:00Z
player:i48mf81fxn2af1xxjzfi8gr9,Dani Ceballos,CM,1560685275,1573821400,1573.8214,8382,0.84169,3,2026-09-20T16:30:00Z
player:9yr3pfa15sb0lljanpcer15p0,Emersonn,FW,1040974513,1049733516,1049.733516,8379,0.841423,3,2026-09-19T14:00:00Z
player:cyo6sdiy84t6b9nk46snawq5m,Carlos Dotor,CM,1009791539,1018281280,1018.28128,8372,0.840742,3,2026-09-20T12:00:00Z
player:cm8po8ez5w9ms01gid6w3kwk5,Oliver Baumann,GK,1393323129,1405023048,1405.023048,8362,0.839713,3,2026-09-20T17:30:00Z
player:4st4hurqbtyzw1tbkzuuk78fe,Edon Zhegrova,FW,1438954631,1450980365,1450.980365,8323,0.835727,3,2026-09-20T16:00:00Z
player:b45ryclny991bm7qosieyg1cl,Mikel Oyarzabal,FW,1644503553,1658167069,1658.167069,8274,0.83086,4,2026-09-20T19:00:00Z
player:4x1tm440b5cshi5gxkx5k9m95,Morten Hjulmand,DM,1357395480,1368662600,1368.6626,8266,0.830054,4,2026-09-20T14:15:00Z
player:2kfkjjqh7vrfcfbgr4aa85dqt,Amir Rrahmani,CB,2140686596,2158399644,2158.399644,8240,0.827447,3,2026-09-20T10:30:00Z
player:9k3cr9bc23253jmcw2a53hn2s,Wesley,CM,1063215890,1071982368,1071.982368,8211,0.824525,2,2026-09-19T16:00:00Z
player:aripnzu9yo2wlr8ud93ufdhih,Raoul Bellanova,CM,1004166469,1012395458,1012.395458,8161,0.819485,3,2026-09-20T16:00:00Z
player:cksi669gcnskpytzh70a43it,Carl Starfelt,CB,1776623176,1791180403,1791.180403,8160,0.819376,1,2026-09-07T17:00:00Z
player:8hg7sqlb5o3duhbhm31oifjhm,Diego Moreira,AM_W,1140703302,1150025309,1150.025309,8139,0.817216,3,2026-09-20T18:45:00Z
player:5ikeslw81x2em97k79crmhh0q,Félix Correia,AM_W,1094004339,1102926622,1102.926622,8123,0.815562,3,2026-09-19T19:00:00Z
player:548jzfl9higq44w9bgqvcjh05,José Giménez,CB,1528744802,1541196354,1541.196354,8112,0.814495,4,2026-09-20T16:30:00Z
player:70zr0nhl2tgyor1oajhcxg6j8,Honest Ahanor,CB,1053745542,1062315732,1062.315732,8100,0.813307,1,2026-09-12T14:00:00Z
player:e5xxqwz0sdlwkkmp8bgs1k6w9,Timothy Weah,CB,1055838622,1064347937,1064.347937,8027,0.80593,3,2026-09-20T18:45:00Z
player:9vf02r3geinhsy732oxyrcacq,Ismael Saibari,FW,1119858189,1128864992,1128.864992,8011,0.804281,3,2026-09-18T18:30:00Z
player:4rtps64cca8vrscv80bgyvjf8,Tom Rothe,CB,968251534,976028575,976.028575,8000,0.803205,3,2026-09-18T18:30:00Z
player:bndkgzdolm2c3iteenkv8s3it,Habibou Mouhamadou Diallo,FW,1273366272,1283553744,1283.553744,7969,0.800043,3,2026-09-19T18:45:00Z
player:6a0w73agnkslcc6gea1jxxzvt,Jan-Niklas Beste,AM_W,1246093665,1256012818,1256.012818,7929,0.79602,3,2026-09-19T13:30:00Z
player:15948izygnu32cu1pw6h5wp9l,James Garner,DM,1234442510,1244260373,1244.260373,7922,0.795328,3,2026-09-19T14:00:00Z
player:49230s4p4daocrftccqqbeqjt,Adrián De La Fuente,CB,1055155878,1063513002,1063.513002,7889,0.792027,3,2026-09-20T16:30:00Z
player:aqlu9i7yzmnmyzwuw6u93j6y1,Noah Okafor,FW,1167722265,1176967714,1176.967714,7886,0.791751,3,2026-09-20T13:00:00Z
player:ch1lxxbn01at4jmkafy4uevh1,Luis Milla,CM,1774097475,1788128703,1788.128703,7878,0.790894,3,2026-09-20T13:00:00Z
player:31b0dvddmki2b2zvumesyrx4a,Roberto Piccoli,FW,1184162258,1193505558,1193.505558,7859,0.789022,3,2026-09-19T13:00:00Z
player:8l0am8k4pg2s9g9qbkhwte6dx,Yussuf Poulsen,FW,1114193630,1122844126,1122.844126,7734,0.776391,2,2026-09-19T13:30:00Z
player:1bz1zdxmtx5oxipvukpg7svmc,Massimo Pessina,GK,1009868373,1017633897,1017.633897,7660,0.768964,1,2026-09-13T16:00:00Z
player:e6ok0deqkoe80184iu509gzu2,El Bilal Touré,FW,1144429956,1153123826,1153.123826,7568,0.759668,3,2026-09-20T13:00:00Z
player:4oh051knl4dkgju4yvj7xlwr8,Joshua King,CM,1038299143,1046175150,1046.17515,7557,0.758549,3,2026-09-20T15:30:00Z
player:9r20sl10trs6903jz83hmt6nd,Maximilian Wöber,CB,1273030708,1282654748,1282.654748,7532,0.755994,3,2026-09-20T15:30:00Z
player:cdrzpuj49ploquvdolgh5c3bp,Saša Lukić,DM,1292103116,1301857853,1301.857853,7521,0.75495,3,2026-09-19T14:00:00Z
player:aarmpoi343teu4medudpl49ka,Charlie Cresswell,CB,1026180305,1033899688,1033.899688,7494,0.752244,3,2026-09-19T18:45:00Z
player:f12l40tkknok5cqitoacfdsve,Estéban Lepaul,FW,1270979112,1280468120,1280.46812,7438,0.74659,3,2026-09-19T18:45:00Z
player:5tiol5jc7h11oic9vvyu83fqi,Flavien Boyomo,CB,1170196569,1178872948,1178.872948,7387,0.741446,2,2026-09-16T17:00:00Z
player:6rutvrgco8li4nyz7tfayxb6x,Deniz Undav,FW,1804862472,1818225767,1818.225767,7377,0.740405,3,2026-09-19T16:30:00Z
player:daid84a2zbh8rasleahdp8nis,Hugo Álvarez,FW,1147162019,1155651712,1155.651712,7373,0.740061,2,2026-09-19T16:30:00Z
player:5240u8emo4o2ma2oqva237cic,Javi Hernández,AM_W,1023088864,1030632684,1030.632684,7347,0.737357,4,2026-09-18T19:00:00Z
player:a4kw8u4dqsslfwe1ux08lbmc,Alvaro Carreras,CB,1313767335,1323427558,1323.427558,7326,0.735307,2,2026-09-12T19:00:00Z
player:1i9mqbswolg91evnmsrf5katx,Tete Morente,FW,1063006251,1070794083,1070.794083,7300,0.732623,4,2026-09-18T19:00:00Z
player:6u7iuum6kqfwb4pbw5lsoff56,Petar Sučić,CM,1187438870,1196131355,1196.131355,7294,0.732036,2,2026-09-19T16:00:00Z
player:7s79un28qujnx64qwl49wy4tl,Zian Flemming,FW,1078759747,1086632285,1086.632285,7271,0.729777,3,2026-09-19T14:00:00Z
player:af58rhtg8ck7c8g7nwfs67d91,Alex Meret,GK,1096895664,1104898601,1104.898601,7270,0.729599,1,2026-09-05T16:00:00Z
player:2lt2tw1qypl9hmlz529bo0sus,Ethan Nwaneri,CM,1092870808,1100840806,1100.840806,7266,0.729272,3,2026-09-19T16:30:00Z
player:7j84ozqdpgupzxevbxemi5tyh,Douglas Luiz,DM,1591511159,1603001258,1603.001258,7194,0.721962,3,2026-09-20T16:00:00Z
player:6disrpsqjrkg0ye06a5y6box5,Giorgi Kochorashvili,CM,1003403652,1010637194,1010.637194,7183,0.720901,4,2026-09-19T19:00:00Z
player:27wum5rq0cw9g7g33cbvc6kno,Ethan Mbappé,FW,1037179670,1044651922,1044.651922,7179,0.720439,3,2026-09-20T15:15:00Z
player:bdg3xeth77c0nw61hvj5fct0p,Keinan Davis,FW,1192393085,1200958811,1200.958811,7158,0.718364,3,2026-09-19T13:00:00Z
player:as2byx2nymkahqyzw88gxictm,Igor Jesus,FW,1126321712,1134380958,1134.380958,7130,0.715537,3,2026-09-19T16:30:00Z
player:cc04mat3snly9oe4bt7xaeooa,Kristian Thorstvedt,CM,1077907928,1085620264,1085.620264,7129,0.715491,3,2026-09-18T18:45:00Z
player:16mj3l623plqx1hm9zvpvn5yh,Carlos Protesoni,CB,1032523666,1039890941,1039.890941,7110,0.713521,2,2026-09-19T14:15:00Z
player:f2o5hj0e2k3kw0fj1xzom0cet,Kevin Stöger,AM_W,1706375107,1718505247,1718.505247,7084,0.710872,2,2026-09-19T13:30:00Z
player:9t0jh9kfw1225c8hoj0pu8cbu,Hákon Arnar Haraldsson,AM_W,1500005835,1510604639,1510.604639,7041,0.706584,3,2026-09-20T15:15:00Z
player:5kktohikuoy0a1oagcgps8mxg,Niccolò Pisilli,CM,1149469915,1157559565,1157.559565,7013,0.703772,2,2026-09-19T16:00:00Z
player:8vhjmcgjbzpzd4vv3zb945p1w,Maghnes Akliouche,AM_W,1764750950,1777124093,1777.124093,6987,0.701127,3,2026-09-20T18:45:00Z
player:9ikkuxd19avliz1khcrm82gyy,Julián Álvarez,FW,2297735389,2313803143,2313.803143,6969,0.699287,2,2026-09-20T14:15:00Z
player:btf0dch35aww78bzillh2jgx6,Pape Sarr,CM,1426297610,1436205318,1436.205318,6922,0.694645,2,2026-09-20T16:00:00Z
player:7b0vbfxlv3uiozb19fcj2vsyy,Fedde Leysen,CB,1027509557,1034631937,1034.631937,6908,0.693169,3,2026-09-18T18:45:00Z
player:71u496icvidir8qgjqut39qms,Idrissa Gueye,FW,996527747,1003364545,1003.364545,6837,0.686062,2,2026-09-19T13:00:00Z
player:et849xmcdgsy5itb8i4w7qkq2,Beñat Turrientes,CM,1152844228,1160733774,1160.733774,6820,0.684355,1,2026-09-03T19:00:00Z
player:bwqqecmqm76v5b83v1cz891p1,Jae-Sung Lee,CM,1543178562,1553720287,1553.720287,6808,0.683118,3,2026-09-19T13:30:00Z
player:ec6zx0pyq0bggng1m3k6iq51w,Filippo Mane,CB,1001968088,1008770771,1008.770771,6766,0.678932,1,2026-09-05T13:30:00Z
player:7bba28af7hqhh7ruo91x2mk9g,Ismaël Doukouré,CB,1169816613,1177744565,1177.744565,6754,0.677709,3,2026-09-19T15:15:00Z
player:ct32113pfx5q9avf2c0x208ru,Sofiane Diop,AM_W,1540648853,1551052083,1551.052083,6730,0.67525,3,2026-09-20T15:15:00Z
player:42rwtl17m029bdkerhfixiolw,Mikey Moore,FW,1026848857,1033757607,1033.757607,6706,0.672811,3,2026-09-19T13:30:00Z
player:7dayrhr0c60zbc1b6lig8pm8l,Alessio Castro-Montes,CM,1091773652,1099096468,1099.096468,6685,0.670727,3,2026-09-19T13:30:00Z
player:9xyhn7xadm9zl908lonnj0x04,Thiago Fernández,FW,1031271917,1038170811,1038.170811,6667,0.668969,2,2026-09-20T16:30:00Z
player:9v4l7ic3ve6d22c0gs9p1oe3u,Gonçalo Ramos,FW,1357758164,1366823951,1366.823951,6655,0.667703,3,2026-09-20T18:45:00Z
player:54mmovmx3osoxgbloe9rzmx9l,Ardian Ismajli,CB,1395896620,1405175715,1405.175715,6625,0.664741,2,2026-09-19T13:00:00Z
player:a1yoz8f4985o166nzcyigpj2t,James Maddison,CM,2143661865,2157798292,2157.798292,6573,0.659452,2,2026-09-19T11:30:00Z
player:1g8xr073jl9jwmh5yrco855d6,Dário Essugo,CM,1113435187,1120775232,1120.775232,6571,0.659225,3,2026-09-19T15:15:00Z
player:dzsd79k6345s9105mb2r4fqol,Ainsley Maitland-Niles,CB,1173952535,1181631766,1181.631766,6520,0.654135,3,2026-09-19T14:00:00Z
player:40msbo4o5bwx0oeuz4743w161,Leo Østigard,CB,1336041085,1344770566,1344.770566,6513,0.653384,3,2026-09-20T13:00:00Z
player:24daij2a9hj0luq5eaxeejzvu,Osame Sahraoui,FW,1117303400,1124563226,1124.563226,6477,0.649763,2,2026-09-20T15:15:00Z
player:9srjp22oprs2tkcutb2g4o2dw,Pietro Comuzzo,CB,1255094792,1263229325,1263.229325,6460,0.648121,2,2026-09-14T16:30:00Z
player:8mjj0wgufggpc1ai2dk21h90p,Anthony Gordon,FW,1667327045,1678124921,1678.124921,6455,0.647616,3,2026-09-19T19:00:00Z
player:da3j7qp7ed6h7nh3ppcklt5hw,Lorenzo Amatucci,DM,1022281244,1028884339,1028.884339,6438,0.645918,3,2026-09-16T17:00:00Z
player:7zokstl625tj96c64ow4uvjyt,Ola Aina,CB,994924450,1001350364,1001.350364,6438,0.64587,2,2026-09-12T14:00:00Z
player:5gf24ds4ejjztxyj8b5rs3tnt,Torbjørn Heggem,CB,1138197036,1145544432,1145.544432,6435,0.645529,3,2026-09-19T13:00:00Z
player:hqovjub7s0u4vxreo51loqok,Ilyas Azizi,FW,1003151709,1009611067,1009.611067,6418,0.643906,3,2026-09-19T18:45:00Z
player:6810qbng9pfg1bztczv11grmd,Leandro Cabrera,CB,906761337,912574960,912.57496,6391,0.641141,4,2026-09-18T19:00:00Z
player:2qkesslfmzmgt7igvgosixg8a,Adil Aouchiche,CM,1060526554,1067320975,1067.320975,6386,0.640665,3,2026-09-20T15:30:00Z
player:59ujnkvl7rlffomi2bqpsmbpx,Ché Adams,FW,1320500348,1328950214,1328.950214,6379,0.639899,1,2026-09-05T13:00:00Z
player:79u84y1eb01yyp8mhpej75q1g,Valentín Gómez,CB,1141749304,1149041280,1149.04128,6366,0.638667,2,2026-09-20T16:30:00Z
player:amuqk3xvo87ppk7fz39cg0pre,Franjo Ivanović,FW,1083721064,1090602362,1090.602362,6330,0.634969,1,2026-09-13T15:15:00Z
player:398isvyux7zpjiwa2hzsxyc16,Senne Lammens,GK,777355627,782277760,782.27776,6312,0.633189,3,2026-09-20T15:30:00Z
player:5wn1xudozb4s78x0m8ch7vn8q,Olivier Deman,CB,1027511255,1033995894,1033.995894,6291,0.631102,3,2026-09-19T13:30:00Z
player:e98i1kwb733b830mk2wqdlene,Pablo Martínez,DM,1011267099,1017640987,1017.640987,6283,0.630287,4,2026-09-20T12:00:00Z
player:8ri0md3tr27a1bn10xmfkgsus,Dženan Pejčinović,FW,1069408719,1076148535,1076.148535,6283,0.630238,3,2026-09-19T16:30:00Z
player:9v3gt784gfqzhlv1lie1tx7f9,Enzo Koffi,CB,990292632,996510834,996.510834,6260,0.627916,3,2026-09-19T18:45:00Z
player:1fkntyd2z8e169yh98k0zst90,Franco Mastantuono,CM,1018911232,1025246749,1025.246749,6199,0.621793,3,2026-09-20T10:30:00Z
player:dq2eqqywinhsh9ijg8amqyp78,Sebastian Otoa,CB,1027727053,1034101992,1034.101992,6184,0.620295,1,2026-09-20T13:00:00Z
player:avk9yje6h4nndg3cufnbu2imt,Ermedin Demirović,FW,1455632536,1464640159,1464.640159,6169,0.618812,3,2026-09-19T16:30:00Z
player:87kiw3scnrpt6t0hsaqkgvpey,Simon Sohm,CM,1014604527,1020871021,1020.871021,6157,0.617629,3,2026-09-19T18:45:00Z
player:6o2v57d92t1mejod24gmufcut,Philipp Lienhart,CB,1414559591,1423254374,1423.254374,6128,0.614664,3,2026-09-19T13:30:00Z
player:c9e54hwefvwos94ri459uylbe,Daniel Svensson,CM,1052394466,1058860703,1058.860703,6126,0.614431,3,2026-09-19T16:30:00Z
player:e0hk5aepnpo7cne006zwahfx1,Franck Honorat,FW,1567724434,1577339615,1577.339615,6114,0.613321,3,2026-09-19T13:30:00Z
player:144jdrezcfwd4uh3sk7zhtizu,Sebastian Nanasi,AM_W,1243579078,1251190590,1251.19059,6102,0.612065,3,2026-09-19T15:15:00Z
player:5c2zuz7f53hvqn5be1k2nddsk,Arsène Kouassi,CM,1011638381,1017816623,1017.816623,6089,0.610716,3,2026-09-19T18:45:00Z
player:b17tkj4ea4jld8yupekcolall,Lisandro Martínez,CB,1972948326,1984983221,1984.983221,6081,0.609995,3,2026-09-20T15:30:00Z
player:e1w7f2zm2yfn65qgj0by7une1,Raphael Obermair,CM,996257329,1002325423,1002.325423,6072,0.609089,3,2026-09-20T17:30:00Z
player:7x5very8ubtscmpfk4ghfpwyc,Alysson Edward,FW,1000835503,1006916639,1006.916639,6058,0.607606,2,2026-09-12T14:00:00Z
player:b8if5dg0k9prjik99aiutewh5,Omar Marmoush,FW,1731432625,1741936901,1741.936901,6048,0.606681,3,2026-09-19T11:30:00Z
player:9nrt6uh2zw65jd7u2axlvxsoa,Ransford Königsdörffer,AM_W,1038964218,1045257348,1045.257348,6039,0.605712,3,2026-09-19T13:30:00Z
player:7dbzcwyph2xoljyhaogjo7mcp,Tyler Adams,DM,1273509578,1281220675,1281.220675,6037,0.6055,3,2026-09-20T13:00:00Z
player:uzzq2p3s1qnb3wv1pee3mcph,Yeray Álvarez,CB,1654626396,1664637118,1664.637118,6032,0.605014,2,2026-09-12T16:30:00Z
player:9ipux4xiejibplsbbhqz8d5gp,Marc Guéhi,CB,2101657750,2114351378,2114.351378,6022,0.603982,3,2026-09-20T13:00:00Z
player:djpsc1fvcnrh61c071t00gmad,Marc-Oliver Kempf,CB,1360974105,1369119722,1369.119722,5967,0.598514,1,2026-09-14T16:30:00Z
player:20ebw399jhbq0i5x2eacrrs6i,Ramón Terrats,CM,1047922347,1054186791,1054.186791,5960,0.597797,3,2026-09-20T12:00:00Z
player:5syage212151fcixahbq3k8ut,Vanja Milinković-Savić,GK,781177416,785842316,785.842316,5954,0.597163,2,2026-09-20T10:30:00Z
player:ccczt6xl3hftl0qkn0txhi5pm,Kieron Bowie,FW,1062602796,1068926716,1068.926716,5934,0.595135,3,2026-09-18T18:45:00Z
player:66jotyvbhtz5cjvhbby6luelm,Nico Williams,AM_W,1624780838,1634377462,1634.377462,5889,0.590641,3,2026-09-19T14:15:00Z
player:cs2yx3hiqjsb4i5ul2r5kmdat,Iago Aspas,FW,2220227659,2233326154,2233.326154,5882,0.589962,3,2026-09-13T12:00:00Z
player:3nu7bqtarr9yo5abdj3len04q,Jacen Russell-Rowe,FW,1016348535,1022334155,1022.334155,5872,0.588934,3,2026-09-19T18:45:00Z
player:37j0zfw9xb9gu2yim0vgjlyqc,Ibrahima Baldé,FW,997743550,1003611495,1003.611495,5864,0.588122,3,2026-09-19T18:45:00Z
player:e5xuwwa4qs6zxjd7y52tslih,Quinten Timber,CM,995082136,1000919882,1000.919882,5849,0.58666,3,2026-09-20T13:00:00Z
player:4ilb0ze8usfyb8893fhh9zoyc,Nesta Elphege,FW,1007462549,1013366748,1013.366748,5843,0.586046,2,2026-09-20T13:00:00Z
player:79dz7zni5fcgh5e70spoj2j8p,Maxence Caqueret,CM,1868873647,1879781268,1879.781268,5820,0.583647,2,2026-09-14T16:30:00Z
player:4212luiyivgvje1vm1ojieicq,Gabriel Vidović,FW,1043900909,1049981622,1049.981622,5808,0.582499,3,2026-09-20T17:30:00Z
player:4wkn0nrhl9gmaflvw2wdoup04,Sebastián Boselli,CB,991111153,996881075,996.881075,5805,0.582167,3,2026-09-17T17:00:00Z
player:2yuntws503qs5o9er31diwmp5,Sandro Kulenović,FW,1021674164,1027621579,1027.621579,5804,0.582124,1,2026-09-19T13:00:00Z
player:1n4yo2riltjwcxdyu20jiaxhw,Malick Junior Yalcouyé,CM,1032019846,1038026827,1038.026827,5804,0.582061,3,2026-09-19T14:00:00Z
player:a559ewan4122b6orx6d0f6s16,Nathan Patterson,CB,996967608,1002769070,1002.76907,5802,0.581911,2,2026-09-19T13:00:00Z
player:706la37b8u3v3n6mqtbjs73mc,Jon Gorrotxategi,DM,1118282672,1124785016,1124.785016,5798,0.581458,4,2026-09-20T19:00:00Z
player:8vxsh0medm4i4uu95lfhsz8k4,Dayann Méthalie,CM,920077845,925390309,925.390309,5757,0.577393,1,2026-09-20T13:00:00Z
player:anzk8a183bh3gf3gcuz0v0tuc,Buba Sangaré,FB_WB,979280255,984914001,984.914001,5736,0.575295,4,2026-09-18T19:00:00Z
player:64ubq0xra74xaunooi8knyajt,Loïs Openda,FW,1752729720,1762809719,1762.809719,5735,0.575103,3,2026-09-19T18:45:00Z
player:85n9nt673fj0927h3lwthtus4,Abdelhamid Aït Boudlal,CB,1083383895,1089591451,1089.591451,5713,0.572978,1,2026-09-19T18:45:00Z
player:552xyc766gp97a5zu8tcx4xzo,Lewis Miley,CB,1156530993,1163135163,1163.135163,5694,0.571033,3,2026-09-19T14:00:00Z
player:am0pcyvtaws1i69jt09dgnsnp,Ludovic Ajorque,FW,1676229092,1685755487,1685.755487,5667,0.568323,3,2026-09-20T13:00:00Z
player:gw2711y9bgq4w80ntfqvv88a,Konstantinos Tzolakis,GK,915078510,920187152,920.187152,5567,0.558274,3,2026-09-19T14:00:00Z
player:n92xjnlc1ppuxe70hsyc0mj8,Daniele Ghilardi,CB,1073019595,1079004578,1079.004578,5562,0.55777,2,2026-09-19T16:00:00Z
player:evpjdko94awbqbbl5wl9hto7p,Marc Bartra,CB,1534963818,1543495924,1543.495924,5543,0.555851,3,2026-09-20T16:30:00Z
player:9pgr69ub37hmr76gwbfw7lhw5,Justin Bijlow,GK,1276552891,1283642413,1283.642413,5538,0.555365,3,2026-09-20T13:00:00Z
player:asq9gj1a93bltsfd61i6xvqsq,Adam Wharton,CM,1344732922,1352198075,1352.198075,5536,0.55514,3,2026-09-20T13:00:00Z
player:d19yalwh3i2olvpwoi89feqjt,Jurgen Ekkelenkamp,AM_W,1084661668,1090610628,1090.610628,5470,0.548462,3,2026-09-19T13:00:00Z
player:43rid94d7jz7u5ba4xzb8bbe2,Michel Ndary Adopo,CM,1082008968,1087929487,1087.929487,5457,0.547178,3,2026-09-19T13:00:00Z
player:9q01y4w4dwpaqf8lmpv9wnmc5,Marten de Roon,CM,2321190358,2333630151,2333.630151,5345,0.535923,1,2026-09-14T16:30:00Z
player:5ak9fwtqlr2pll0nsv5br7p7u,Billal Brahimi,CM,1025588271,1031079176,1031.079176,5340,0.535391,2,2026-09-19T18:45:00Z
player:2x44f29a52v8kpkkjsuiiywdm,Francisco Conceição,AM_W,1322822539,1329878648,1329.878648,5320,0.533413,3,2026-09-20T16:00:00Z
player:2az0f39bhz2kvxhopalzi0h5h,Vincenzo Grifo,AM_W,2794778884,2809642168,2809.642168,5304,0.531823,3,2026-09-19T13:30:00Z
player:b5muwvixv0nq4uylgzxz7302c,Asier Osambela,CB,1009995963,1015329363,1015.329363,5267,0.528062,4,2026-09-19T12:00:00Z
player:8bksz6c74dci1fvznxledrwiy,Kandet Diawara,FW,999213507,1004483280,1004.48328,5260,0.527392,3,2026-09-19T18:45:00Z
player:b2e12l3s3dxgyr8d2rk5qb9ey,Yunus Musah,CM,992612916,997843895,997.843895,5256,0.526991,3,2026-09-20T18:45:00Z
player:7pk2vyumro8ku45aar5dw7dw4,Lucas Bergvall,CM,1120113424,1126007901,1126.007901,5249,0.526239,2,2026-09-19T11:30:00Z
player:cm78w42nflwgvshpnok680mlm,Fredrik Oppegård,AM_W,992786145,998008132,998.008132,5246,0.525993,2,2026-09-20T13:00:00Z
player:1wnemsdjzdpyhmt2liu05mtxw,David Mokwa,FW,1015754212,1021096300,1021.0963,5245,0.525923,3,2026-09-20T15:30:00Z
player:65b7kc7djr4vmbk55wumup72s,Raphaël Le Guen,CB,1049403826,1054903567,1054.903567,5227,0.524082,3,2026-09-20T13:00:00Z
player:4aooo9gmqd70fj330jxb3s4r8,Rafik Messali,CM,1008585046,1013824049,1013.824049,5181,0.519441,3,2026-09-19T18:45:00Z
player:24vavcwn4hco5je9kdu9ciwgl,Janik Haberer,CM,949420577,954323672,954.323672,5151,0.51643,3,2026-09-18T18:30:00Z
player:5mgmcero3ui4a24v1w1upx3sa,Germán Valera,FB_WB,1116841635,1122606004,1122.606004,5148,0.516131,4,2026-09-18T19:00:00Z
player:otz9c2ifww514ummo10nfoix,Patson Daka,FW,1121485609,1127272384,1127.272384,5147,0.515992,3,2026-09-19T13:30:00Z
player:a9olh86vdqnby3hz8ibwfq784,Iker Luque,FW,1002606391,1007772760,1007.77276,5140,0.515294,3,2026-09-19T16:30:00Z
player:7c2wnewpcf1idj6ghj6gu0wyd,Marc Cucurella,CM,1460933903,1468459802,1468.459802,5138,0.515143,4,2026-09-20T14:15:00Z
player:dq037w5t3ht5zgd75mue4p1pl,Dany Mota,FW,1137803368,1143656604,1143.656604,5131,0.514433,2,2026-09-18T18:45:00Z
player:25yu90pekqr1lhs098f3uxy39,Jordan Henderson,DM,1525684256,1533511374,1533.511374,5117,0.513023,1,2026-09-18T19:00:00Z
player:40gxfsz7bgrkdudqewlpxzyzt,Javi Galán,FB_WB,1223044048,1229307093,1229.307093,5108,0.512087,4,2026-09-19T16:30:00Z
player:d9yxninyn4bac8f0ufxsnlqll,Robert Sánchez,GK,1111291430,1116959102,1116.959102,5087,0.510008,1,2026-09-14T16:30:00Z
player:cr5wtg3ulqjts3lu3xpnmlmac,Patrick Dorgu,AM_W,1075046482,1080492756,1080.492756,5053,0.506608,3,2026-09-20T15:30:00Z
player:2wwbf11c9mc2psxaa8p58qnmc,Arthur Atta,AM_W,1123979423,1129650709,1129.650709,5033,0.504572,3,2026-09-20T10:30:00Z
player:67qku7vyvbw76086eu05nowd1,Romain Perraud,CB,761432461,765265438,765.265438,5021,0.50339,3,2026-09-20T15:15:00Z
player:1v6nfd46wx11jbfertslccbo4,Francesco Pio Esposito,FW,1127354102,1133012654,1133.012654,5007,0.501932,3,2026-09-19T16:00:00Z
player:az15xx7m923srf9gdbwmiyga1,Daichi Kamada,CM,1876797760,1886196158,1886.196158,4995,0.500768,3,2026-09-20T13:00:00Z
player:bccp1nvtoc3n1q4g4sw1p7ro5,Jon Guridi,AM_W,1088428666,1093783586,1093.783586,4908,0.491986,4,2026-09-19T19:00:00Z
player:2s2fzli5c7h9dfcertq2dwxec,Warren Zaïre-Emery,CM,1616753029,1624692574,1624.692574,4899,0.49108,3,2026-09-20T18:45:00Z
player:4vlurpsi44g09g159t61u83bp,Unai Simón,GK,872887699,877143326,877.143326,4863,0.487534,3,2026-09-19T14:15:00Z
player:6rbsjfwx4pon2d1vu3k7ojxuc,Thomas Kristensen,CB,1014046779,1018969639,1018.969639,4843,0.485467,1,2026-09-20T16:00:00Z
player:clbsrtzkf61e6vx28ou5lbx90,Álex Jiménez,CB,1040642052,1045693708,1045.693708,4843,0.485436,2,2026-09-20T10:30:00Z
player:c83h08n0vnjvfgglyefy03h0p,Conor Gallagher,AM_W,1766507344,1775072711,1775.072711,4837,0.484876,2,2026-09-19T11:30:00Z
player:cnf7quyillyf560nh14taliw9,Linton Maina,CM,1087324762,1092561117,1092.561117,4804,0.481582,3,2026-09-19T13:30:00Z
player:d5m5q6dlc7vnbs634dinbsuwa,Nicolò Cambiaghi,FW,1226218544,1232123162,1232.123162,4804,0.481531,3,2026-09-19T13:00:00Z
player:3abavmbqh6vt0xgcx6zo4mgru,Lukas Petkov,FW,1006014645,1010845117,1010.845117,4790,0.480159,3,2026-09-20T15:30:00Z
player:d49iskrm33kt3vlxy4q85m0ru,Łukasz Poręba,CM,1004218090,1009011570,1009.01157,4762,0.477335,3,2026-09-20T15:30:00Z
player:7rfw6pyjslb3p5q7gmoj1ysmi,Luis Henrique,CM,1242248448,1248172422,1248.172422,4757,0.476875,1,2026-09-19T16:00:00Z
player:ej8pxizgwjx9qjacvc136yusq,Ísak Jóhannesson,CM,1069185257,1074264316,1074.264316,4739,0.47504,3,2026-09-19T13:30:00Z
player:bqbt9eix8zlp6rxzxofl6rjmc,Diego Gómez,AM_W,1122169646,1127489197,1127.489197,4729,0.474042,3,2026-09-19T14:00:00Z
player:9g3to6kcpmla26k0dbwuizspg,Iker Córdoba,CB,1000971471,1005710927,1005.710927,4724,0.473486,3,2026-09-15T18:00:00Z
player:1l228p52d8wdf8qhfxqu8rca,Brennan Johnson,FW,1314479264,1320656873,1320.656873,4689,0.469966,3,2026-09-19T14:00:00Z
player:3gem1jrrkgye0omb88fk1lsk5,John Stones,CB,1182267291,1187789773,1187.789773,4660,0.467109,1,2026-09-14T18:45:00Z
player:8qlz4omhgfnzyb2cgeou7xn56,Arthur Theate,CB,1837895192,1846416809,1846.416809,4626,0.463662,3,2026-09-19T13:00:00Z
player:8n0c5t5wzfkoauryyzy8be0gl,Juan Jesus,CB,1466767501,1473519117,1473.519117,4592,0.460306,2,2026-09-19T18:45:00Z
player:3kdl679ra6mlobdg09xqf7fft,Curtis Jones,CB,1716580035,1724479125,1724.479125,4591,0.460164,3,2026-09-19T16:00:00Z
player:1vz038uyzmq8saskeeo0qhm8l,Harry Maguire,CB,1422838235,1429334767,1429.334767,4556,0.45659,3,2026-09-20T15:30:00Z
player:9qo448ueot8pfc5oqo378wag9,Jeremie Frimpong,FB_WB,987284973,991792342,991.792342,4555,0.456542,1,2026-09-12T14:00:00Z
player:8ipqhvaekpinqwwgb4eo0g6qc,Pathé Mboup,AM_W,1019647783,1024274038,1024.274038,4527,0.453711,3,2026-09-20T13:00:00Z
player:ehbhpv43ealtggnkc4z2dtka1,Daniel Bragança,CM,1066519987,1071333487,1071.333487,4503,0.451328,3,2026-09-19T13:00:00Z
player:5tc1y5n3h4ties7gbc3zd9j6y,Sergio Carreira,CM,1094986909,1099907219,1099.907219,4483,0.449349,4,2026-09-19T16:30:00Z
player:4et6r42e7q2ojgaumwnua2kgk,Marc Bernal,DM,1100012273,1104925466,1104.925466,4457,0.446649,4,2026-09-19T19:00:00Z
player:684cguhktvth28ql6qgvvmcyc,Farès Chaïbi,CM,1383384575,1389558147,1389.558147,4453,0.446266,1,2026-09-06T15:30:00Z
player:3zqpvn7r1c779l9vwwh7yukfd,Moise Kean,FW,1393474077,1399662175,1399.662175,4431,0.444077,3,2026-09-20T13:00:00Z
player:9nwkxgbl8t933pzu60ye4xxxw,Kike Salas,CB,1342284260,1348234631,1348.234631,4423,0.443302,3,2026-09-16T17:00:00Z
player:bdaxbuz59551ktjj7g31slfc9,Juan Berrocal,CB,959421289,963665113,963.665113,4414,0.442332,2,2026-09-20T12:00:00Z
player:6xulax65kp4aid70nk7g5jr2t,Robin Le Normand,CB,1490721568,1497292892,1497.292892,4398,0.440815,2,2026-09-20T14:15:00Z
player:eolso19u03zxw2pca2i95v4dl,Alexis Claude-Maurice,CM,1278367657,1283978289,1283.978289,4379,0.43889,3,2026-09-19T13:30:00Z
player:4pmk7ahjm3cym6adkdcixkcno,Joane Gadou,CB,1086563421,1091300636,1091.300636,4350,0.435981,3,2026-09-19T16:30:00Z
player:4cejhrr3ji36591xf54jue3ca,Giorgio Scalvini,CB,1639531807,1646673066,1646.673066,4346,0.435567,3,2026-09-20T16:00:00Z
player:8n4b6j21nxf1nf628ugg3xsdl,Steffen Tigges,FW,1050799033,1055366693,1055.366693,4337,0.434684,3,2026-09-20T17:30:00Z
player:c3mpk7pjhma4lwkjl8v5mhox6,Ramon Hendriks,CB,974032942,978259216,978.259216,4330,0.433894,2,2026-09-12T13:30:00Z
player:3k6znit6fd9mbfcnphlwyvj6d,Pascal Groß,DM,1588248013,1595122344,1595.122344,4319,0.432825,3,2026-09-19T14:00:00Z
player:9qow77e16pvlb3860yjpydryt,Robin Gosens,CB,999181522,1003480730,1003.48073,4293,0.430273,3,2026-09-20T15:30:00Z
player:5dgkxz69k6jmim0ryl5fgiqga,Amine El Ouazzani,FW,1032952477,1037390456,1037.390456,4287,0.42964,3,2026-09-19T18:45:00Z
player:amt4voyjzhnvr55t08hzlw50q,Pep Chavarría,CB,993919416,998188304,998.188304,4286,0.4295,3,2026-09-18T19:00:00Z
player:eiqt71z69beq7akuhot0foset,Carles Aleñá,CM,1028654331,1033069945,1033.069945,4283,0.429261,4,2026-09-19T14:15:00Z
player:bsdr4bp6qt4qpy303u7l11250,Bilal Nadir,CM,1067878561,1072444342,1072.444342,4266,0.427556,1,2026-09-06T13:30:00Z
player:c80tzy7t4hoa8fpbek1od4lw5,Lucas Hernández,CB,1693185081,1700389349,1700.389349,4246,0.425486,1,2026-09-04T19:05:00Z
player:emvmn561wgd62zj0s3qi5j5rd,Juan Miranda,CB,855904138,859544384,859.544384,4244,0.42531,3,2026-09-19T13:00:00Z
player:84yhv0iilunn0vllz1r5fe7l5,Kjell Scherpen,GK,1001616114,1005868765,1005.868765,4237,0.424579,2,2026-09-12T14:00:00Z
player:5hsayz8xx43z84ounubrnt91w,Prosper Peter,FW,1022746231,1027048462,1027.048462,4198,0.420655,3,2026-09-19T18:45:00Z
player:e2xiayt8k5tv4dw5hjop71fqh,Enzo Ebosse,CB,1019510753,1023787494,1023.787494,4186,0.41949,3,2026-09-19T13:00:00Z
player:nyirn5d30yz5jwo74a3pyj8,Adrián Nino,FW,999636066,1003806486,1003.806486,4163,0.417194,3,2026-09-20T12:00:00Z
player:rktyecx75c47pgwyt4vm3i7d,Michaël Cuisance,CM,1008615931,1012818327,1012.818327,4158,0.41665,3,2026-09-18T18:45:00Z
player:cnriqwh17pqgz7p2gt74uar6c,Vítinha,AM_W,1173842983,1178720923,1178.720923,4147,0.415553,3,2026-09-20T13:00:00Z
player:botfgp0oq4wqlwtcs9m90kded,Hakan Çalhanoglu,CM,3615226898,3630240016,3630.240016,4144,0.415275,1,2026-09-05T16:00:00Z
player:3kwkd3b95n8qzqtq4idxav45x,Konstantinos Tsimikas,CM,1099937333,1104492437,1104.492437,4133,0.414124,1,2026-09-12T14:00:00Z
player:a1jnkdabgpvq7bdrebyec3cic,Luck Zogbé,CB,1025111105,1029343321,1029.343321,4120,0.412854,1,2026-09-05T18:45:00Z
player:amd4rodp6senk2c1mmlsqozpx,Danny da Costa,FB_WB,946002752,949905786,949.905786,4117,0.412582,3,2026-09-19T13:30:00Z
player:bhsh1n3qfg8awmctxlh8k7yzt,Jacob Ramsey,CM,1300661259,1306017629,1306.017629,4110,0.411819,1,2026-09-05T11:30:00Z
player:7amefftr5evwcnzm718rfh9n8,Christian Kofane,FW,1094022239,1098491169,1098.491169,4077,0.408486,3,2026-09-20T13:30:00Z
player:604osk9a3lxpfpkavuziqmn6x,Marcus Rashford,AM_W,1779914963,1787164188,1787.164188,4065,0.407279,3,2026-09-20T15:30:00Z
player:d7ofv9d9sbp263uo76cm2qxhw,Abdukodir Khusanov,CB,1421962156,1427730285,1427.730285,4048,0.405646,1,2026-09-05T14:00:00Z
player:b8ixf31bdyfqqcwoy4ulai73e,Kian Fitz-Jim,CM,1096150031,1100576099,1100.576099,4030,0.403783,3,2026-09-19T13:00:00Z
player:9rfwfsz5cmckyjripqgtbc7op,Júnior Firpo,CB,988720926,992656659,992.656659,3973,0.398063,1,2026-09-17T17:00:00Z
player:bi8nrmyaxsgbhixw921fzvm5l,Alejandro Catena,CB,1375367785,1380836315,1380.836315,3968,0.397605,3,2026-09-19T12:00:00Z
player:45rxt159xjefvxlfgeykclw8a,Isaac Romero,FW,1170553356,1175148938,1175.148938,3918,0.392599,3,2026-09-19T19:00:00Z
player:31sljkjull0n7082fed26stzp,Benjamin André,DM,2179853050,2188390583,2188.390583,3909,0.391656,3,2026-09-20T15:15:00Z
player:d3dzhnj9na7marc0c4j0d1zbo,Romano Floriani Mussolini,CM,971224278,975025379,975.025379,3906,0.391372,3,2026-09-19T18:45:00Z
player:7o3fumeufgigw092b7i5n4f6x,Amadou Haidara,CM,1392163484,1397581301,1397.581301,3884,0.389165,3,2026-09-18T18:45:00Z
player:8vom3bt6es2kp5sdl98az6gwk,Emirhan İlkhan,CM,1050598733,1054681818,1054.681818,3879,0.388644,2,2026-09-19T13:00:00Z
player:6dqnwhx0eglxhelidxg0dphm2,Tyrick Mitchell,CM,1093167007,1097397210,1097.39721,3862,0.386968,3,2026-09-20T13:00:00Z
player:9k9fpax1m803err1528v29clw,Roy Revivo,CM,919749656,923301914,923.301914,3855,0.38622,4,2026-09-18T19:00:00Z
player:2bmeynv0dhsc8sjfuaprkexre,Jonathan Rowe,FW,1143892002,1148292699,1148.292699,3840,0.384713,2,2026-09-20T16:00:00Z
player:d364lpc0km51psy3zwc4a6zca,Rasmus Højlund,FW,1522414588,1528243907,1528.243907,3822,0.3829,3,2026-09-20T10:30:00Z
player:2h0nzzgjm960f5i93ncgp4mxg,Hugo Burcio,CM,1000759288,1004585379,1004.585379,3816,0.382319,2,2026-09-19T16:30:00Z
player:aplc9mad75h1k90o3qla9c7l6,Patrick Wimmer,CM,1240389314,1245127939,1245.127939,3813,0.382027,3,2026-09-20T17:30:00Z
player:9yfnfwqog4y572aoe2iztnbv9,Ludovic Blas,CM,1663241346,1669562134,1669.562134,3793,0.380028,3,2026-09-19T18:45:00Z
player:6e9fu9o226zn6jzx02jutvi3u,Jacopo Fazzini,CM,1137361041,1141671881,1141.671881,3783,0.379021,2,2026-09-12T18:45:00Z
player:7xdhy2xi9mrhzjn6aiatd9ono,Patrizio Masini,CM,1050794620,1054764350,1054.76435,3771,0.377784,3,2026-09-20T13:00:00Z
player:693z0rzfh3m0h0wsma9v8c9ux,Phil Foden,FW,2813744399,2824344090,2824.34409,3760,0.376711,2,2026-09-13T15:30:00Z
player:4pk1mszqyrckgiqmw25qtuzv8,David Mella,FW,1002085115,1005858577,1005.858577,3759,0.376561,1,2026-09-20T16:30:00Z
player:2uvexgjeidkvy6qu4i2nf14a,Adam Obert,CM,1066067363,1070071968,1070.071968,3749,0.375643,3,2026-09-19T13:00:00Z
player:7dnu1vdavskc4ct33k88lpdcl,Patrick Cutrone,FW,1113107626,1117255527,1117.255527,3719,0.372642,2,2026-09-18T18:45:00Z
player:6dd248q0adq6su677bw2kk2c5,Calvin Verdonk,CB,1045926767,1049774735,1049.774735,3672,0.3679,1,2026-09-03T18:45:00Z
player:d66tmyj9pt69gub8pcjgo3bh1,Gabriel Jesus,FW,1639733940,1645742066,1645.742066,3657,0.366409,3,2026-09-19T19:00:00Z
player:21vx56lpd276xqbu11ubkf78q,Ander Barrenetxea,AM_W,1209402673,1213831726,1213.831726,3655,0.366218,3,2026-09-20T19:00:00Z
player:ekz97oo88fcqhay2w2hrhecyc,Saïd El Mala,FW,1104720919,1108765643,1108.765643,3655,0.366131,2,2026-09-19T13:30:00Z
player:ek0k9s7axizns3vtzyy3z5nu,Mikkel Damsgaard,CM,1363955422,1368943140,1368.94314,3650,0.36568,3,2026-09-18T19:00:00Z
player:1e9txzr9hqz94xtun6byo0vs9,Matty Cash,FB_WB,721836518,724473452,724.473452,3646,0.365309,2,2026-09-19T11:30:00Z
player:e91yegwfliqhfy9yyk19otafo,Williot Swedberg,FW,1143785381,1147936362,1147.936362,3623,0.362916,3,2026-09-19T16:30:00Z
player:72m84nwa6dshu3ibmy13dz5rd,Bruno Guimarães,CM,2544385946,2553613565,2553.613565,3620,0.362666,2,2026-09-19T14:00:00Z
player:bxjc2heo4ve54cyvw98qcck45,Yoane Wissa,FW,1477159187,1482498374,1482.498374,3608,0.36145,3,2026-09-19T14:00:00Z
player:6km3r9cspyz7g6343o9mri63u,Raúl Moro,FW,997329253,1000919961,1000.919961,3594,0.360032,4,2026-09-19T12:00:00Z
player:3e7h2fmxpv8wjyj8tkki1oe1g,Luca Reggiani,CB,1000993492,1004586315,1004.586315,3583,0.358926,1,2026-09-05T13:30:00Z
player:d6kzekcwqw0q8fq6wt6rmyusq,Jesus Vázquez,CB,971492529,974973943,974.973943,3577,0.358357,4,2026-09-20T19:00:00Z
player:e6zf0qj614z50i0bsd4l3xmac,Pape Cabral,CM,1006593643,1010178669,1010.178669,3555,0.356154,1,2026-09-18T18:45:00Z
player:7yieh5r0uzk6d6x9o060c2bfu,Hugo Duro,FW,1240087551,1244486204,1244.486204,3541,0.354705,4,2026-09-20T19:00:00Z
player:9hl7yh42qvmdcjw69si5imnf8,Alieu Njie,CM,1001565344,1005115918,1005.115918,3539,0.354502,3,2026-09-20T10:30:00Z
player:9rtfwu0z7qtk1kglenp2vm13o,Pau Navarro,CB,1092091864,1095943834,1095.943834,3521,0.352715,3,2026-09-20T16:30:00Z
player:9mf9yl7utp4pv5zczlz7t3o5w,Alexis Vossah,CM,974559438,977956721,977.956721,3480,0.348597,3,2026-09-19T18:45:00Z
player:2im16cd31tgg3yac3c8c18jbp,Edward Nketiah,FW,1214482781,1218701771,1218.701771,3468,0.34739,2,2026-09-20T13:00:00Z
player:90wsjxdc3ibvah5gm9tnsjwbu,Brajan Gruda,FW,1212027653,1216237255,1216.237255,3467,0.347319,2,2026-09-20T13:30:00Z
player:7cdiijsvnfc7tafy0zkf4uz9,Djibril Sow,CM,1572171053,1577624006,1577.624006,3462,0.346842,3,2026-09-20T13:00:00Z
player:6sj31v61vtwwxe5hhwkj80g7o,Tom Bischof,CB,1395980082,1400794666,1400.794666,3443,0.344889,3,2026-09-18T18:30:00Z
player:2190fr0h93harqz08la1ov4t0,Amar Fatah,FW,1004377008,1007827779,1007.827779,3430,0.343573,3,2026-09-20T18:45:00Z
player:3nok8qxxj2zl831wgvc7abxuc,Conrad Harder,FW,1058476382,1062107743,1062.107743,3425,0.343074,3,2026-09-19T15:15:00Z
player:b4x911h58r8i9b2vvsnydvfo4,Lennart Karl,AM_W,1213807518,1217961967,1217.961967,3417,0.342266,2,2026-09-13T15:30:00Z
player:c0yxqwkxqx1sty7abj1qwh9zp,Danny Welbeck,FW,1460170193,1465055765,1465.055765,3340,0.334589,3,2026-09-18T19:00:00Z
player:ejbp3sxls7lgrg6y3a9q4u978,Ange-Yoan Bonny,FW,1154951309,1158815533,1158.815533,3340,0.334579,3,2026-09-19T16:00:00Z
player:573hlc6devy50gjotyav9ql4a,Levi Colwill,CB,1347971792,1352480616,1352.480616,3339,0.334489,2,2026-09-18T19:00:00Z
player:56oxuwxbszkg8xjic1bizd1xw,Farès Ghedjemis,FW,1003757040,1007103357,1007.103357,3328,0.333379,3,2026-09-20T13:00:00Z
player:4qrvwap878sl5dz5n3o8mr71m,Fábio Vieira,AM_W,1233252514,1237358653,1237.358653,3324,0.332952,3,2026-09-19T13:30:00Z
player:4ynekiqwgd0l8h7cuyvdl28ve,Benjamin Šeško,FW,1396199055,1400814096,1400.814096,3300,0.330543,2,2026-09-13T15:30:00Z
player:ez84mmwnccba4l4mprch00962,Omari Forson,FW,1014905286,1018224763,1018.224763,3265,0.327073,2,2026-09-13T13:00:00Z
player:2bgqwwop0ppczzaigcu3j5no4,Amorim,CM,1044189241,1047578428,1047.578428,3241,0.324576,2,2026-09-12T13:00:00Z
player:bj37ny1s1gbbe4wrgyz1wag9h,Mama Baldé,FW,1137026389,1140716700,1140.7167,3240,0.324558,2,2026-09-20T13:00:00Z
player:7vb4xrwk7sbgpxzgiwwbt4s89,Pedro Díaz,CM,1099461556,1103027311,1103.027311,3238,0.324318,4,2026-09-19T12:00:00Z
player:aqlakf0mo95rlktf6xdbaegh5,Jurriën Timber,CB,945260242,948321287,948.321287,3233,0.323831,2,2026-09-19T14:00:00Z
player:e8dina16u5kt5ho4u5igtmimt,Jordan Pickford,GK,663408432,665521651,665.521651,3180,0.31854,3,2026-09-19T14:00:00Z
player:7ax7vrumfwlxb8a4tchkho650,Alisson Santos,FW,1064925624,1068315271,1068.315271,3178,0.318299,1,2026-09-05T16:00:00Z
player:9vnr9uog5fmggich2i4vjxwbt,Alexis Saelemaekers,CM,1536360587,1541248157,1541.248157,3176,0.318126,2,2026-09-20T18:45:00Z
player:3yb66hal4fvr04bawz0y3efhl,Daniel Muñoz,CM,1252607520,1256584580,1256.58458,3170,0.317502,3,2026-09-19T16:30:00Z
player:ax69g2ukn2tsaz71n0waf58q2,Noah Cadiou,CM,1134775606,1138366363,1138.366363,3159,0.316429,3,2026-09-19T18:45:00Z
player:e1gq9zfwrm446r2tzmeiw6jmx,Thibault De Smet,CB,897265926,900076902,900.076902,3128,0.313282,1,2026-09-19T15:15:00Z
player:28psc296gj3umo59qqha8jil1,Denis Suárez,CM,1247420303,1251308002,1251.308002,3112,0.311659,3,2026-09-15T18:00:00Z
player:5cti09ebqg7or3stoh5k2mo7o,Davinchi,CM,1002857492,1005979920,1005.97992,3109,0.311353,3,2026-09-20T12:00:00Z
player:cvuf4hvrzivk7yhnhf6qu4k45,Antoine Rabillard,FW,1003774350,1006877366,1006.877366,3087,0.309135,2,2026-09-19T18:45:00Z
player:1p0xp2onnys7jlru55vfgf1pm,Anastasios Douvikas,FW,1210911430,1214652362,1214.652362,3085,0.308935,3,2026-09-20T13:00:00Z
player:192q3f2xwk9nc6juoa1bcm3th,Artem Dovbyk,FW,1466613967,1471136779,1471.136779,3079,0.308385,1,2026-09-06T16:00:00Z
player:abq67eup8kd31w8da2i0eftgp,Giacomo Raspadori,FW,1567897382,1572727689,1572.727689,3076,0.308075,2,2026-09-20T16:00:00Z
player:896uaqjrz22q6fqjfzuwf77jd,Mathías Olivera,CB,1481458067,1485990165,1485.990165,3055,0.305921,2,2026-09-20T10:30:00Z
player:dkb6yz2ffzt2z1b1l0i605889,Giorgi Chakvetadze,CM,1075371303,1078659046,1078.659046,3053,0.305731,2,2026-09-19T13:00:00Z
player:egt3tl6hu2bfi16pqyxwv4onp,Asier Villalibre,FW,1016560081,1019631655,1019.631655,3017,0.302154,3,2026-09-19T16:30:00Z
player:36yupk7p1vks4dbguw53xhucp,Mahdi Camara,CM,1199193684,1202812333,1202.812333,3013,0.301757,3,2026-09-19T18:45:00Z
player:bk1gdyxtfp4drwb0yotwerbsa,Tommaso Baldanzi,AM_W,1155412216,1158893319,1158.893319,3008,0.301287,3,2026-09-20T13:00:00Z
player:dkt9892ixwnz1bkmgileo71sl,Diego Rico,FB_WB,853820751,856378544,856.378544,2991,0.29957,2,2026-09-19T12:00:00Z
player:30ed2aojjzmqigq6vkcrzc8pg,Jesús Rodríguez,AM_W,1119038417,1122377149,1122.377149,2979,0.298357,2,2026-09-20T13:00:00Z
player:7jyumaakrro4umaxyy09cjbsa,Luismi Cruz,CM,1010010395,1013023033,1013.023033,2978,0.298278,4,2026-09-20T16:30:00Z
player:504o2odlvra056ouwcgreopgp,Sebastian Szymański,CM,1129348862,1132689209,1132.689209,2953,0.295776,2,2026-09-11T18:45:00Z
player:7udphhcokm6vralyz5gkovxsl,Mathew Ryan,GK,1265302022,1269029957,1269.029957,2942,0.294628,3,2026-09-20T16:30:00Z
player:55eiicx10oqok1601fqyovt1x,Taiwo Awoniyi,FW,1312539978,1316387470,1316.38747,2927,0.293133,2,2026-09-13T13:00:00Z
player:t9fp85x7cuopfnxat4h830q2,Jaden Philogene-Bidace,FW,1006379260,1009319487,1009.319487,2917,0.292159,2,2026-09-19T14:00:00Z
player:c157xhi78x9cykn7xz816bjd,Jorge de Frutos,AM_W,1151875155,1155229773,1155.229773,2908,0.291231,2,2026-09-19T12:00:00Z
player:9z2j13bl5yh4i1vyofautc9yi,Wilfried Gnonto,FW,1080346693,1083491676,1083.491676,2907,0.291109,3,2026-09-20T10:30:00Z
player:dkdy6ighxc2j05suqc2odry3u,Martim Neto,CM,1066517624,1069615376,1069.615376,2900,0.290455,2,2026-09-15T19:30:00Z
player:a52575bcqr3acuweauiyzsb56,Mamadou Mbow,CB,1198888828,1202343395,1202.343395,2877,0.288147,2,2026-09-19T15:15:00Z
player:9lh02mivhvtgcfajhsf06e4us,Shafiq Nandja,CB,1000299045,1003158783,1003.158783,2855,0.285888,2,2026-09-13T13:30:00Z
player:73lwz4he5erpp25zi8crjvztg,Isak Steiner Jensen,FW,1057680494,1060701076,1060.701076,2852,0.285585,3,2026-09-19T18:45:00Z
player:9ao7l82r1xd2rjnvv5u6plcr9,Diego Llorente,CB,1848983257,1854258628,1854.258628,2849,0.285312,1,2026-09-04T19:00:00Z
player:e9u7cmvaem5p7x9px3yq9f179,Borna Sosa,CM,1145125225,1148386658,1148.386658,2844,0.28481,1,2026-09-19T13:30:00Z
player:2um03dny7h3sdvehq3bygd1t6,Morten Frendrup,CM,1358650322,1362510963,1362.510963,2837,0.284153,3,2026-09-20T13:00:00Z
player:bhi4ivjgojkot4d7za72gu2nd,Nikola Milenković,CB,1147362958,1150619306,1150.619306,2834,0.283811,1,2026-09-05T14:00:00Z
player:m2nkidcdrspnmeq177yv7kk,Mick Schmetgens,FB_WB,1003131032,1005976783,1005.976783,2833,0.283687,3,2026-09-19T13:30:00Z
player:9p87liko3b1jjpjmi19135y0a,Adrià Altimira,AM_W,1005436735,1008284683,1008.284683,2829,0.283255,1,2026-09-16T17:00:00Z
player:9mvwnz2zlvx54nggvvw3l9ega,Robbie Ure,FW,1004729515,1007563559,1007.563559,2817,0.28207,4,2026-09-19T19:00:00Z
player:47bjfjrtjv3uv5lnguc2ycg0k,Jeanuël Belocian,CB,1017128029,1019991425,1019.991425,2811,0.281518,3,2026-09-19T16:30:00Z
player:d3pdr28q2n295ldry2lc1uklx,Lucas Torró,CM,1170261242,1173546623,1173.546623,2803,0.280739,2,2026-09-19T12:00:00Z
player:bietr931bndhcujqn866nqj56,Tomás Bobček,FW,1000000000,1002796365,1002.796365,2792,0.279637,1,2026-09-12T13:00:00Z
player:10fuwkejg59w68jmx1ae0cfe1,Ragnar Ache,FW,1069758613,1072745361,1072.745361,2788,0.279198,3,2026-09-19T13:30:00Z
player:g3fgd752o63acmmuahdvppm1,Randal Kolo Muani,FW,1504655999,1508822357,1508.822357,2765,0.276898,3,2026-09-20T16:00:00Z
player:biuovem90utcyzda58nixtaay,Albert Grønbæk,CM,1049378711,1052272665,1052.272665,2754,0.275778,3,2026-09-19T13:30:00Z
player:7ew7g18qo649t8ld44omgib55,Noa Lang,FW,1148945191,1152110761,1152.110761,2751,0.27552,2,2026-09-20T10:30:00Z
player:avcz4wr4wem1s9vz3y5hl5fdg,Panos Katseris,CM,962648019,965296818,965.296818,2748,0.275158,3,2026-09-19T18:45:00Z
player:cv6hc8tikw5u6l56j02rfqaga,Tanner Tessmann,DM,1161700986,1164881142,1164.881142,2734,0.27375,3,2026-09-19T18:45:00Z
player:ejzxqtdo5xxvbg6gvtju3lk9h,Albert Guðmundsson,FW,1631090172,1635539435,1635.539435,2724,0.272778,3,2026-09-19T18:45:00Z
player:bda9fmdum05xtmj2d8k5dfnkk,David Otorbi,FW,1000062925,1002786453,1002.786453,2720,0.272336,4,2026-09-20T19:00:00Z
player:atigcsq78g14w82lwvay26aj9,Mikel Merino,CM,1936204195,1941476721,1941.476721,2719,0.272312,3,2026-09-19T14:00:00Z
player:ccokndnkkyllbp5vb8nwnhdlg,Peio Canales,AM_W,1028435974,1031232230,1031.23223,2715,0.271894,1,2026-09-19T14:15:00Z
player:cet0tgjv82l6ao07ij1ylgp9l,Oumar Solet,CB,1745804394,1750537195,1750.537195,2707,0.271096,1,2026-09-07T18:45:00Z
player:6u47fsriz3ejlf72hxtsew5bd,Anthony Caci,CM,1397160100,1400931472,1400.931472,2696,0.269931,3,2026-09-19T13:30:00Z
player:3n9jnuteyjx6w6dxviuead0b9,Nicolas Pépé,CM,1452945416,1456808716,1456.808716,2655,0.265894,3,2026-09-20T16:30:00Z
player:5ch0r2awkzjfd4hv6kbw6c9gp,Luis Díaz,AM_W,2700733235,2707800017,2707.800017,2613,0.261662,3,2026-09-18T18:30:00Z
player:5n7vp6g13q7sxkzbygfbz27oq,Merlin Röhl,AM_W,1059447198,1062213585,1062.213585,2608,0.261116,1,2026-09-06T13:00:00Z
player:1qkep5ck252k1g3oqza5ygh61,Takefusa Kubo,AM_W,1372779215,1376349014,1376.349014,2597,0.260042,2,2026-09-13T19:00:00Z
player:bj929w5yi7lnz36jxsi5qnq7e,Aihen Muñoz,CB,851162205,853373267,853.373267,2594,0.25977,1,2026-09-20T19:00:00Z
player:dqrzogrwznyks6whhfhq748ut,Ramy Bensebaini,CB,1536284747,1540262599,1540.262599,2586,0.258927,2,2026-09-19T16:30:00Z
player:d92v6n4pf20eepvli92lqau39,Olivier Boscagli,CB,1441205440,1444898169,1444.898169,2559,0.256225,3,2026-09-19T14:00:00Z
player:ch5rw8dgb6wh99wyhd8o3t1pl,Tommaso Pobega,CM,1095358218,1098150605,1098.150605,2546,0.254929,3,2026-09-19T13:00:00Z
player:z0qe6u5fvgrjy0jzk1qhbgq2,Marc Aguado,CM,1142934473,1145823566,1145.823566,2525,0.252779,1,2026-09-15T19:30:00Z
player:djelmk2oafas355n2u0d1bumt,Lewis Cook,CM,1269480235,1272676009,1272.676009,2514,0.251739,3,2026-09-20T13:00:00Z
player:dz2rfsmhib89jwilpuub10qcq,Harvey Elliott,CM,1372404070,1375854277,1375.854277,2511,0.251399,3,2026-09-20T19:00:00Z
player:6sg2ot7z9kfyrlgjkmpqvejqi,Devyne Rensch,CM,1131284828,1134126899,1134.126899,2509,0.251225,2,2026-09-19T16:00:00Z
player:6go1e6kiezmwexizbpo7pp0yc,Livan Burcu,AM_W,1024457424,1027022119,1027.022119,2500,0.250347,3,2026-09-18T18:30:00Z
player:9ov7tj31hixo7xp0tfffuhpn8,Ngal Ayel Mukau,AM_W,1107864946,1110629333,1110.629333,2492,0.249524,3,2026-09-20T15:15:00Z
player:1yjv2fht4kuph088zlgwfwup6,Fisnik Asllani,AM_W,1124067722,1126828612,1126.828612,2453,0.245616,2,2026-09-20T17:30:00Z
player:bgydmtsi0ngn9k56apo29v0no,Jorrel Hato,CB,1159679383,1162514365,1162.514365,2442,0.244463,2,2026-09-12T14:00:00Z
player:5f13ro5hgmago2bmqtzjw5ey,Alieu Fadera,FW,1105605249,1108288822,1108.288822,2424,0.242724,3,2026-09-19T13:00:00Z
player:4o9d3hpjlicgce9gtbewyzhn8,Gonzalo García,FW,1077081831,1079679484,1079.679484,2409,0.241175,3,2026-09-20T15:30:00Z
player:6jhavdnaitqn6ydme8a526aui,Couhaib Driouech,FW,1026821389,1029256026,1029.256026,2368,0.237104,3,2026-09-13T12:00:00Z
player:b8w8yita3r3unmolru3o95ous,Ayyoub Bouaddi,CB,1081333665,1083865723,1083.865723,2339,0.234161,1,2026-09-05T14:00:00Z
player:7nivkfkngr374fx5totgektm1,Angel Gomes,CM,1361129847,1364312889,1364.312889,2336,0.233853,3,2026-09-20T18:45:00Z
player:8prrhz0d1i4vxkhgro8p42bxl,Tim Skarke,FW,1122273339,1124880246,1124.880246,2320,0.232288,3,2026-09-18T18:30:00Z
player:bzgh5psb1janz9y3btpswngbu,Alejandro Balde,CB,914060055,916183170,916.18317,2320,0.232273,1,2026-09-16T19:30:00Z
player:27rvy5c5l3x2a9lqv0l87e4et,Louis Mafouta,FW,1029010282,1031397027,1031.397027,2317,0.231946,3,2026-09-19T18:45:00Z
player:c4w6l0ha9pvwljyh3aejqz3yt,Jonathan Clauss,CM,1465700273,1469099581,1469.099581,2317,0.231924,3,2026-09-20T15:15:00Z
player:3tb27261f8mpzpq3prpv8ng0l,Péter Gulácsi,GK,1069983252,1072447967,1072.447967,2301,0.230351,3,2026-09-20T16:30:00Z
player:8kdamc6zz4bskby51c59uuntg,Ibrahim Sulemana,CM,1026391236,1028754731,1028.754731,2300,0.230272,1,2026-09-06T16:00:00Z
player:3cbwh4pfwae5xw072cy14gb85,Lorenzo De Silvestri,CB,823457783,825347538,825.347538,2292,0.22949,1,2026-09-19T13:00:00Z
player:spjwukiya1mdmpbk7f4baolw,Max Moerstedt,FW,1032452973,1034822064,1034.822064,2292,0.229462,2,2026-09-20T17:30:00Z
player:aopmwx748flafzpj58w2afwlx,Tim Kleindienst,FW,1291260966,1294200692,1294.200692,2274,0.227663,2,2026-09-12T13:30:00Z
player:bdmomasg7lrn5pwihecvgpuga,Valentino Livramento,CB,1170372409,1173007649,1173.007649,2249,0.225163,2,2026-09-14T19:00:00Z
player:7bs0ph4yksf6lvkg91u9nqzqi,Jon Pacheco,CB,1166751040,1169327152,1169.327152,2206,0.220794,1,2026-09-07T19:30:00Z
player:7kbn6vt37rfgd9yszzvx9idm2,Alessandro Zanoli,CM,906592691,908567434,908.567434,2176,0.21782,1,2026-09-19T13:00:00Z
player:3qov7l9cw4fu5xwh0lmxmsc2c,Tyler Dibling,FW,1017320287,1019506957,1019.506957,2147,0.214944,1,2026-09-19T14:00:00Z
player:az7owi5t4bclkamjsjuyxzv1l,Anton Stach,CM,1999611320,2003875998,2003.875998,2130,0.213275,3,2026-09-20T13:00:00Z
player:5gond4ss348863bc1768s4q,Mario Gila,CB,1810363684,1814207879,1814.207879,2121,0.212344,3,2026-09-20T18:45:00Z
player:c9pmcoyzgtgcnlc63cl4283bp,Odsonne Édouard,FW,1315033453,1317811269,1317.811269,2110,0.211235,3,2026-09-18T18:45:00Z
player:ci37qg2uu0z3nppxvn0z9034l,Roberto Gagliardini,CM,1287387538,1290034169,1290.034169,2054,0.205582,2,2026-09-19T13:00:00Z
player:920yurg08gqayxwc80q9f8ixh,Mark Flekken,GK,1688849717,1692320296,1692.320296,2053,0.2055,3,2026-09-20T13:30:00Z
player:hsobzlp177f9755mpsi7szmy,Sebastian Sebulonsen,FB_WB,873695817,875489066,875.489066,2050,0.205249,1,2026-09-12T16:30:00Z
player:b3974hgsmyff5xtq7qf1onhlh,Bernardo Silva,DM,2511498654,2516640953,2516.640953,2045,0.20475,3,2026-09-20T14:15:00Z
player:b2rqgjegzeyq6wy6qu63zz2fo,Unai Gómez,AM_W,1044933314,1047037380,1047.03738,2012,0.201359,3,2026-09-19T13:00:00Z
player:f0x3pa532agezdjdzcsp94l49,András Schäfer,DM,1012927059,1014956209,1014.956209,2001,0.200325,3,2026-09-18T18:30:00Z
player:99yx7t2j59cyia4bkpi59q1as,Ousmane Camara,CB,1151506802,1153804525,1153.804525,1993,0.199541,3,2026-09-19T18:45:00Z
player:dqazrm2wmu9zqpvp8xbeeb7jd,Vakoun Issouf Bayo,FW,998473349,1000439203,1000.439203,1967,0.196886,3,2026-09-19T13:00:00Z
player:eb3ci3a120om80v80mobsus8a,Gavi,DM,1403941200,1406699464,1406.699464,1963,0.196466,1,2026-09-16T19:30:00Z
player:cz9ofh9ot911m65duxtjerpxw,Yanik Spalt,CM,1000478114,1002443234,1002.443234,1962,0.196418,2,2026-09-12T13:30:00Z
player:do5tibysnhbnbw18nwdo39kut,Alex Berenguer,AM_W,1486778719,1489692294,1489.692294,1958,0.195966,3,2026-09-19T14:15:00Z
player:6ir1z8c3o7t4kqx04kw24i415,Arnaud Nordin,FW,1261718916,1264186892,1264.186892,1954,0.195604,1,2026-09-19T18:45:00Z
player:9mrmzuytv82k3u2nco9tq9y0a,Yehor Yarmoliuk,DM,1091539414,1093669650,1093.66965,1950,0.195159,3,2026-09-18T19:00:00Z
player:1ore4ght7ls393tcpbmah9dcl,Pere Milla,CM,1127102133,1129290992,1129.290992,1940,0.194202,2,2026-09-18T19:00:00Z
player:6b7p3ncup75mpop91n0u1mw2d,Marius Bülter,FW,1239424085,1241830715,1241.830715,1940,0.194173,3,2026-09-19T13:30:00Z
player:4foax2b7unlkev1eq6py86lii,Piero Hincapié,CB,1585554946,1588593595,1588.593595,1915,0.191646,1,2026-09-06T15:30:00Z
player:bzajzlkiffu1t48lxjzxc8cq2,Zakaria Eddahchouri,FW,999434904,1001345874,1001.345874,1910,0.191205,3,2026-09-16T17:00:00Z
player:2922aevmtpw4qvcwohmxmqtbd,Takehiro Tomiyasu,CB,1033577740,1035552176,1035.552176,1908,0.191029,2,2026-09-20T13:00:00Z
player:rlgrvvibryod2g92hqc97ii2,Loic Badé,CB,2247754553,2251993402,2251.993402,1884,0.188581,1,2026-09-05T13:30:00Z
player:e51jmlxup2pdr8ikl98etxgd0,Trey Nyoni,CM,1006677526,1008555356,1008.555356,1864,0.186537,2,2026-09-20T13:00:00Z
player:7ojvhhfvbtbn60sc50y4l2ctm,Johan Vásquez,CB,1314238275,1316638733,1316.638733,1825,0.18265,2,2026-09-12T13:00:00Z
player:1abb1gcw7arw1nkbuxnccjca1,Ibrahim Sangaré,CM,1379945870,1382465319,1382.465319,1824,0.182576,2,2026-09-19T16:30:00Z
player:aqht6kkszdz780zccbazy99g4,Khalis Merah,AM_W,1048297060,1050174547,1050.174547,1789,0.179099,2,2026-09-19T18:45:00Z
player:7uw88nwfgndw5rwjdf3ok89hw,Niko Sigur,CB,997947687,999731028,999.731028,1785,0.178701,2,2026-09-19T18:45:00Z
player:1av9mmv19jwvc4xdr0p9owyxh,Andreas Christensen,CB,1688935009,1691893225,1691.893225,1750,0.175153,4,2026-09-19T19:00:00Z
player:8vmrboswsfyb5bfoq07s6susp,Thierry Correia,FB_WB,1056703245,1058548293,1058.548293,1745,0.174604,2,2026-09-19T18:45:00Z
player:er6z557ns3jcjhgrsbtmsn6s4,Konstantinos Karetsas,AM_W,1059476056,1061318159,1061.318159,1737,0.173869,2,2026-09-19T16:30:00Z
player:7zkku0gboniozaks9yx0ous8a,Armel Bella-Kotchap,CB,1383131636,1385533867,1385.533867,1735,0.173681,1,2026-09-06T13:00:00Z
player:4aqkgskbra4wsoo7a8uw7xl9l,Éderson,CM,2060900187,2064474949,2064.474949,1733,0.173456,3,2026-09-20T16:00:00Z
player:dlpk0a4jgiswcm2r75uh1czpx,Harry Wilson,FW,1369595228,1371950894,1371.950894,1718,0.171997,2,2026-09-14T19:00:00Z
player:bbgk4kk0eineku8xfgciw7op,Felix Götze,CB,1000000000,1001715181,1001.715181,1714,0.171518,1,2026-09-20T17:30:00Z
player:661b6x35l9b9uieqbcq7el1hx,Tosin Adarabioyo,CB,1375439064,1377794007,1377.794007,1711,0.171214,1,2026-09-12T16:30:00Z
player:4yxo8gwnou3m7jh6ph8lkuw44,Rémy Lascary,FW,1058702394,1060476139,1060.476139,1674,0.16754,3,2026-09-20T13:00:00Z
player:b9clhoz198r69kavhw4anymms,Santiago Castro,FW,1240935712,1243000007,1243.000007,1662,0.16635,2,2026-09-14T16:30:00Z
player:577j49ffrxuurraco9chy388a,Yasser Larouci,CM,996282171,997931630,997.93163,1654,0.165561,2,2026-09-19T18:45:00Z
player:2fqlri41xq6p924kine7pjr2t,Jérémie Boga,AM_W,1415617153,1417948115,1417.948115,1645,0.16466,1,2026-09-06T18:45:00Z
player:6kc8ieszwg6u00e3sa554y7yt,Luis Rioja,CM,1109393056,1111212458,1111.212458,1639,0.164,2,2026-09-20T19:00:00Z
player:3jln1gzc0859ymphvq83i0mp5,Brahim Díaz,FW,1697006752,1699750999,1699.750999,1616,0.161711,1,2026-09-15T19:30:00Z
player:8qezzr83ofw7htqufohg2fwlx,Emerson,CB,1124262989,1126070973,1126.070973,1607,0.160815,3,2026-09-20T18:45:00Z
player:1au9xpmimbyr1jceidcy6v7kk,Valentín Barco,DM,1147181354,1149002509,1149.002509,1586,0.15875,2,2026-09-18T19:00:00Z
player:b7l20ljluxk74v0ok82s0iz56,Adrián Bernabé,CM,1204819038,1206707748,1206.707748,1566,0.156763,1,2026-09-14T16:30:00Z
player:7sep6mx2s67mh5fr3raxu7aei,Melvin Bard,FB_WB,1524855120,1527245441,1527.245441,1566,0.156757,1,2026-09-14T19:00:00Z
player:ac5f9msbvijksbq5s2ivwh979,Josan,FW,1078991676,1080677727,1080.677727,1561,0.156262,2,2026-09-15T19:30:00Z
player:73xu8dfkmgivh8l71hkqfe6sp,Viktor Gyökeres,FW,1224398861,1226309882,1226.309882,1560,0.156078,2,2026-09-19T14:00:00Z
player:d3qx3gwypipcl2azrj9ing9ud,Carlens Arcus,CB,985641868,987143002,987.143002,1522,0.1523,3,2026-09-19T18:45:00Z
player:8qys6qtdwgsycxducl062zld5,Ezri Konsa,CB,1060933771,1062541407,1062.541407,1514,0.15153,3,2026-09-19T14:00:00Z
player:cp13vthbds3tl1wtfelfx2evp,Giovanni Simeone,FW,1280982474,1282922034,1282.922034,1513,0.151412,3,2026-09-19T13:00:00Z
player:1nd8l0ofw9x779c0ufwbbo4ph,Toni Martínez,FW,1179896809,1181678785,1181.678785,1509,0.151028,3,2026-09-19T14:15:00Z
player:3sby91ws28mb3yt82a9al75sk,Edan Diop,CM,1015628873,1017154353,1017.154353,1501,0.150201,1,2026-09-18T18:45:00Z
player:cag3gzjcv8erx3zpp2lidzcvd,Ryan Sessegnon,CB,962523920,963959237,963.959237,1490,0.14912,1,2026-09-05T14:00:00Z
player:4b3axlxopby87f4luevihgwdl,Ellis Simms,FW,999082762,1000496882,1000.496882,1414,0.141542,2,2026-09-19T16:30:00Z
player:ieu0x9fy8hpqyztdjg8bgpnt,Nahuel Molina,CB,1074566676,1076076990,1076.07699,1405,0.140551,3,2026-09-19T16:00:00Z
player:a3on8aipuz77wn25jm2r312lm,Mujaid Sadick,CB,1065641540,1067138774,1067.138774,1404,0.140501,3,2026-09-19T12:00:00Z
player:288nn7pbq5ewriiyb9o7da86h,Weston McKennie,CM,1250433272,1252188534,1252.188534,1403,0.140372,1,2026-09-20T16:00:00Z
player:edgnkgpt7a6rzffcd012sqfpw,Rodrigo Ribeiro,FW,1015394507,1016812627,1016.812627,1396,0.139662,3,2026-09-19T13:30:00Z
player:1ywfkwrcysdlvkt859q00kt7t,Danilho Doekhi,CB,827073691,828228462,828.228462,1395,0.139621,1,2026-09-07T18:45:00Z
player:8d04q3yp2kouwog0lj0s7ew2x,Ademola Lookman,FW,2150845992,2153837947,2153.837947,1390,0.139106,4,2026-09-20T14:15:00Z
player:a5jrqzijth7e3uxl4phi83sdm,Nathan Ngoy,CB,1199072962,1200738125,1200.738125,1388,0.138871,3,2026-09-20T15:15:00Z
player:1xscywgyfqisqexmpfvbf9g45,Henrikh Mkhitaryan,CM,2344668429,2347921037,2347.921037,1386,0.138724,1,2026-09-14T18:45:00Z
player:a7rdypucykxo0a9xmcuqzabpx,Renaud Ripart,FW,1012694848,1014098416,1014.098416,1385,0.138597,3,2026-09-19T18:45:00Z
player:310zaj8t3k4c8aj54ml0n0kx5,Himad Abdelli,CM,1389903307,1391798906,1391.798906,1363,0.136384,3,2026-09-20T18:45:00Z
player:56bidwsegakrtx3z1qbbpnc6i,Joshua Zirkzee,FW,1302731224,1304505176,1304.505176,1361,0.136172,2,2026-09-20T15:30:00Z
player:ausceoo438aoxbb6gl8tpes16,Timothée Pembélé,FB_WB,907436702,908660074,908.660074,1347,0.134816,1,2026-09-05T18:45:00Z
player:elwm97xvha0y0t8yqx5sur9ck,Hugo Larsson,CM,1428641503,1430562845,1430.562845,1344,0.134487,3,2026-09-20T15:30:00Z
player:byn8dfwg5zdefrca7wgn32qne,Ansgar Knauff,FW,1068132716,1069567394,1069.567394,1342,0.134316,1,2026-09-19T13:30:00Z
player:ah0f7tonnst92d8q91j1wll62,Jaka Bijol,CB,1148296813,1149828618,1149.828618,1333,0.133398,1,2026-09-05T14:00:00Z
player:d12m2oz1lomkc1qxmpht38lat,Borja Iglesias,FW,1520346089,1522372132,1522.372132,1332,0.133262,2,2026-09-19T16:30:00Z
player:xuk3qlmk4985hs8ocjjd49ka,Maximilian Beier,AM_W,1321709858,1323467296,1323.467296,1329,0.132967,3,2026-09-19T16:30:00Z
player:7j0fv43b1dkuiqk71ym4mmw6i,Alidu Seidu,CB,1595040298,1597140296,1597.140296,1316,0.131658,1,2026-09-20T15:15:00Z
player:axj86ms31y5wju5431l5j2lwq,Tim Iroegbunam,DM,998370613,999675053,999.675053,1306,0.130657,2,2026-09-19T14:00:00Z
player:5ga7g20wsa7oqjbh4ijoeknl6,Ryan Gravenberch,DM,1442637832,1444514225,1444.514225,1300,0.130067,3,2026-09-20T13:00:00Z
player:7qk6gr48g3n1jfzz2tgb3iz1l,Jakub Piotrowski,AM_W,1067120831,1068508315,1068.508315,1299,0.130021,1,2026-09-07T18:45:00Z
player:16x1h9hpemidk9a15q01kfj10,Rudy Matondo,CM,993681047,994968218,994.968218,1295,0.129536,3,2026-09-19T15:15:00Z
player:8xjdsfk5u7wph4o7h1w45dses,Héctor Fort,CB,1018029606,1019333928,1019.333928,1280,0.128122,1,2026-09-07T19:30:00Z
player:5tfh0jvfxlw1aqfaiiok4pwr8,Wisdom Amey,CB,999433161,1000682739,1000.682739,1250,0.125029,2,2026-09-20T13:00:00Z
player:3e703hmiskmwqd4f3hvx326tw,Samuel Amo-Ameyaw,CM,1058165421,1059472623,1059.472623,1235,0.123535,3,2026-09-19T15:15:00Z
player:58de7rbubnxjraen49dxpaqne,Oscar Bobb,AM_W,1076280048,1077602209,1077.602209,1228,0.122845,3,2026-09-20T15:30:00Z
player:6udrxynn6611j9tjm258iu80k,Kialonda Gaspar,CB,982952754,984148850,984.14885,1216,0.121684,2,2026-09-20T18:45:00Z
player:eh9sh9aa10zrp80l6e4l0c7h1,Aarón Martín,CM,1030452472,1031703278,1031.703278,1213,0.121384,3,2026-09-19T16:30:00Z
player:1yev88jhwy9w7c4v3m4yyul7t,Wilson Isidor,FW,1010444187,1011660883,1011.660883,1203,0.120412,3,2026-09-20T13:00:00Z
player:1ghyb2ozmwm2o9bxzuxzw7yfo,Andrija Maksimović,CM,995409567,996605707,996.605707,1201,0.120166,2,2026-09-20T13:30:00Z
player:d3dv3vc71981v5oems59892sq,Nuno Mendes,CB,1547735659,1549577711,1549.577711,1189,0.119016,2,2026-09-20T18:45:00Z
player:8ezfdv6lgv4gz8kogxvvn1rtg,Estêvão,AM_W,1080367189,1081634952,1081.634952,1173,0.117346,3,2026-09-18T19:00:00Z
player:at2rbigl1d8bsjw2u6lhfcatx,Kenan Karaman,CM,1001785593,1002950011,1002.950011,1162,0.116234,3,2026-09-20T15:30:00Z
player:8w2rfa3vnu6t1a37510374nv9,Manuel Lazzari,CB,819031514,819982176,819.982176,1160,0.116071,2,2026-09-19T18:45:00Z
player:32avhormhc1dbawwzztesqac,Robinio Vaz,FW,1007263251,1008431807,1008.431807,1159,0.116013,2,2026-09-19T14:00:00Z
player:4vkdz07ldrv7dxirfqo479a3u,Andrea Ghion,CM,1000256033,1001412381,1001.412381,1155,0.115605,1,2026-09-06T16:00:00Z
player:p87gxg8kc9ta6iipqt5fxmtx,Timothy Castagne,CB,988632098,989771680,989.77168,1152,0.115269,3,2026-09-20T15:30:00Z
player:7h0b81yjiiu356rycsakgd0yc,Omar El Hilali,CB,1028294606,1029467087,1029.467087,1140,0.114022,3,2026-09-15T17:00:00Z
player:5ec6f4mm3rwjm0fgis0k3cmp5,Gustav Isaksen,FW,1318127761,1319626223,1319.626223,1136,0.113681,3,2026-09-19T18:45:00Z
player:7r7wgbcu7vmlj19m9jpjhu1yi,Jesús Areso,CB,690900113,691681466,691.681466,1130,0.113092,3,2026-09-19T14:15:00Z
player:64pzn3jdqo6y2izlpm8n3tvpx,Manuel Neuer,GK,1286975413,1288425422,1288.425422,1126,0.112668,2,2026-09-18T18:30:00Z
player:d12unjo4sk39iix9of2yfask4,Medon Berisha,CM,1089990521,1091198980,1091.19898,1108,0.110869,1,2026-09-07T16:30:00Z
player:6q793p9lurdevqmetgoke54wk,Leny Yoro,CB,1410014010,1411559028,1411.559028,1095,0.109575,1,2026-09-06T13:00:00Z
player:2mhvgtcem9qn2yzobtkqiegpg,Tani Oluwaseyi,FW,1015332414,1016433903,1016.433903,1084,0.108486,2,2026-09-14T19:00:00Z
player:f5ln82l8q7gvouj3zhsp5t4gl,Maximilian Eggestein,DM,1111979413,1113173772,1113.173772,1074,0.107408,3,2026-09-19T13:30:00Z
player:dgjl6ks0r7lbh09fe8cuwj7ro,Roméo Lavia,DM,1136132451,1137352599,1137.352599,1073,0.107395,2,2026-09-12T14:00:00Z
player:4zve4017u2i3zvxlnjruv25t5,Antonio Blanco,CM,1253003193,1254345305,1254.345305,1071,0.107112,4,2026-09-19T14:15:00Z
player:ancokw84xekm3uve7tnoiiju,Mattia Felici,CM,971499696,972537474,972.537474,1068,0.106822,1,2026-09-07T16:30:00Z
player:a971j313ztjvcgojpg6u390b9,Ezequiel Ponce,FW,1037768230,1038876741,1038.876741,1068,0.106817,1,2026-09-07T19:30:00Z
player:2e0o5pwinz3zhg9pqg5vej9ih,Jordan Teze,CM,1284018449,1285386699,1285.386699,1065,0.10656,1,2026-09-04T19:05:00Z
player:eucssbf7wamb41y1gixfodivp,Mouctar Diakhaby,CB,1192220680,1193471010,1193.47101,1048,0.104874,1,2026-09-06T14:15:00Z
player:3u86fbw1xj6g51hlm20iruok,Kerim Alajbegović,AM_W,1034114577,1035188820,1035.18882,1038,0.10388,3,2026-09-20T16:00:00Z
player:5fn9m086q3b5kdgt055bol638,Ben Gannon-Doak,FW,1007021475,1008048995,1008.048995,1020,0.102036,3,2026-09-20T13:00:00Z
player:azuin8p3zlcnhew8e914dhvdg,Noah Edjouma,FW,1008557408,1009584790,1009.58479,1018,0.101866,1,2026-09-05T18:45:00Z
player:eqbo811or1jh9ps1llmrugpux,Oliver Batista Meier,FW,1000000000,1001015617,1001.015617,1015,0.101562,2,2026-09-12T13:30:00Z
player:31foqyshubo5nkh8kdmbjw8kq,Trai Hume,AM_W,919873559,920801499,920.801499,1008,0.100877,2,2026-09-20T13:00:00Z
player:74wjzeja92l4q8fpy1bkmcsfd,Pol Lozano,CM,975140651,976122288,976.122288,1006,0.100666,1,2026-09-15T17:00:00Z
player:3mp7p8tytgkbwi8itxl5mfkrt,Bakery Jatta,CM,977927676,978886917,978.886917,980,0.098089,2,2026-09-19T13:30:00Z
player:a5eki9p236y4zxmp9qz202pcl,Edin Džeko,FW,1454947563,1456338968,1456.338968,956,0.095633,2,2026-09-20T15:30:00Z
player:3g9riero16s160evc28u3q3u1,Diogo Leite,CB,1223704826,1224873295,1224.873295,954,0.095486,1,2026-09-12T16:00:00Z
player:725lp72qyqzvbul0aarhvi99m,Robin Hranác,CB,950774699,951662591,951.662591,933,0.093386,1,2026-09-05T13:30:00Z
player:eee0bq4dkdn91l81e8cf1zxpm,Pote,AM_W,1213210317,1214334918,1214.334918,927,0.092696,3,2026-09-20T10:30:00Z
player:6tedvat245ajkir9c4035i0np,Moses Simon,CM,1255932549,1257091042,1257.091042,922,0.092242,2,2026-09-12T18:45:00Z
player:8cho2d1nz18i5o0zt6aysd68l,Marcel Sabitzer,CM,1266896557,1268058586,1268.058586,917,0.091722,3,2026-09-19T16:30:00Z
player:7gni45coa4swn1i66wzpzug9h,Timothy Chandler,CM,952333490,953204080,953.20408,914,0.091417,2,2026-09-12T13:30:00Z
player:1lnktjxx0mux4beo28cl54j1m,Thijs Dallinga,FW,1428942627,1430237079,1430.237079,905,0.090588,2,2026-09-19T13:30:00Z
player:7izciy79i6d6h7usfr8mcmh91,Florian Sotoca,FW,1731747264,1733313644,1733.313644,904,0.090451,1,2026-09-05T15:15:00Z
player:e7e68wlpiqqohpg71oh4vrbl6,Hicham Boudaoui,CM,1341476668,1342674513,1342.674513,893,0.089293,1,2026-09-12T18:45:00Z
player:cbh5v5yi380uvbt5z2xbxemfo,Carlos Espí,FW,1085845924,1086793587,1086.793587,872,0.087274,2,2026-09-15T19:30:00Z
player:c16ghzpjtslc34hb6z43vmuw9,Michael Svoboda,CB,1127682907,1128665673,1128.665673,871,0.087149,1,2026-09-19T14:00:00Z
player:ccjhe1cnlhrlkqzcodcij7fo4,Daren Mosengo,CM,1003636597,1004503203,1004.503203,863,0.086347,1,2026-09-12T18:45:00Z
player:d4vdrtte9kb9qmlkrx1rvgk45,Yerry Mina,CB,1307657017,1308782377,1308.782377,860,0.086059,1,2026-09-19T13:00:00Z
player:9nqvf6si8k5u91rjslfvgc650,Aitor Mañas,FW,999400677,1000248982,1000.248982,848,0.084881,2,2026-09-12T12:00:00Z
player:87g6qlasqe627i5g7ir30j2sp,Pervis Estupinán,CM,1372180087,1373323402,1373.323402,833,0.083321,3,2026-09-20T18:45:00Z
player:12aiyv96y3vl94r227c1xnld5,Nicolas-Gerrit Kühn,FW,1057959446,1058835826,1058.835826,828,0.082837,1,2026-09-05T13:30:00Z
player:9wqqm1lr6y75yl27asdcygf3e,Rodrigo Muniz,FW,1104050370,1104960417,1104.960417,824,0.082428,3,2026-09-20T15:30:00Z
player:e5oet393vired282yco4i7gfd,Daiki Hashioka,FB_WB,975098066,975880130,975.88013,802,0.080204,1,2026-09-19T13:30:00Z
player:6gdoxudvl1rgcn7d19e89p9ed,Gaëtan Perrin,FW,1160891215,1161802929,1161.802929,785,0.078536,1,2026-09-13T13:00:00Z
player:3r9qvhedhr1o6zm6c5l4alkpg,Ibrahim Osman,FW,1004915360,1005702192,1005.702192,783,0.078298,1,2026-09-13T13:00:00Z
player:dg4782hj9xdqg46w225kzph5g,Dango Ouattara,AM_W,1283859860,1284849020,1284.84902,770,0.077046,3,2026-09-18T19:00:00Z
player:6w6ewzxircqxk6dsrs1rvc8ru,Lorenzo Lucca,FW,1162566002,1163427227,1163.427227,741,0.07408,3,2026-09-20T10:30:00Z
player:93mfx60imfs1lx341b3ae7wgk,Keisuke Goto,FW,1006272929,1007000039,1007.000039,722,0.072258,3,2026-09-19T13:30:00Z
player:5djkwcoflvxcv5oida6txfyp6,Carlos Romero,CB,999299091,1000020092,1000.020092,721,0.072151,2,2026-09-17T19:30:00Z
player:dvj6rdi2k0td95oxldbj6e28l,Dominic Solanke,FW,1487684983,1488757529,1488.757529,721,0.072095,3,2026-09-19T11:30:00Z
player:39qaf8nu4uz9g5dgymulxtrmc,Lucas Beraldo,CB,1605170652,1606327676,1606.327676,721,0.072081,1,2026-09-20T18:45:00Z
player:e2oeysariwd866ksilu3t4m7e,Samuele Ricci,CM,1433213321,1434238963,1434.238963,715,0.071562,3,2026-09-20T13:00:00Z
player:6dswrjvnakdr8gwun530inwgk,Rayane Belaid,FW,999430162,1000140964,1000.140964,711,0.071121,1,2026-09-12T19:00:00Z
player:85gmjxvy1g5aj1lcizegwuaui,Jérémy Doku,FW,1670618643,1671793218,1671.793218,703,0.070308,1,2026-09-20T13:00:00Z
player:a71n80h977h7fu99ftnri5zsa,Bradley Barcola,FW,1837803291,1839083079,1839.083079,696,0.069637,3,2026-09-20T13:00:00Z
player:446lrhzh79xugyt2pgnrwypnu,Guéla Doué,CB,1375758288,1376715245,1376.715245,695,0.069559,1,2026-09-12T13:30:00Z
player:e5eiuko5p1yms97xndrvcr0bu,Alejandro Garnacho,FW,1438039283,1439000078,1439.000078,668,0.066813,1,2026-09-05T16:30:00Z
player:3ojnucluy7h8fgk2myyo0zx4a,Joe Gelhardt,CM,1011307453,1011978202,1011.978202,663,0.066325,1,2026-09-19T14:00:00Z
player:7gyfpskzbb3r5nhiniky22o6h,Lloyd Kelly,CB,1327450277,1328315192,1328.315192,651,0.065156,2,2026-09-20T16:00:00Z
player:4w3hixbz661gepdin7ji0flgq,Kasey McAteer,AM_W,1020941838,1021599581,1021.599581,644,0.064425,1,2026-09-04T19:00:00Z
player:ausjnoieiyx9m37qzam0gqgic,Benja Domínguez,FW,1060223184,1060904439,1060.904439,642,0.064256,2,2026-09-18T18:45:00Z
player:bby7fmthsys2h60mp0w93gqqy,Kevin Carlos,FW,1018975380,1019616166,1019.616166,629,0.062885,2,2026-09-19T13:00:00Z
player:8o8o4rxbdhv002pj0q21l0f84,Diego Coppola,CB,1081691914,1082369263,1082.369263,626,0.062619,3,2026-09-19T15:15:00Z
player:5g5wwp5luxo1rz1kp6chvz0x6,Benoît Badiashile,CB,1902108492,1903298549,1903.298549,625,0.062565,1,2026-09-05T16:00:00Z
player:dj7dvhoc6al5617f70paklk2d,Cedric Itten,FW,1023007707,1023644909,1023.644909,623,0.062287,2,2026-09-12T16:30:00Z
player:2lvit204llltk13iglsa2tjah,Jens-Lys Cajuste,DM,1013011929,1013632141,1013.632141,612,0.061225,1,2026-09-06T16:30:00Z
player:3jclcjkh0ztdh5h40lqxivoph,Kiko,FB_WB,989889371,990489750,990.48975,606,0.060651,1,2026-09-07T17:00:00Z
player:2ofcow1hf3b245myztjgvvqc4,Rômulo,FW,1132501609,1133184359,1133.184359,603,0.060287,2,2026-09-20T13:30:00Z
player:6e4d1o09sl2ovlyyvhyd5xboq,Arsen Zakharyan,AM_W,1007515075,1008116057,1008.116057,596,0.05965,2,2026-09-20T19:00:00Z
player:2zny241yb0xio4i7k9a5k76s4,Ayoube Amaimouni-Echghouyab,FW,1013528726,1014124592,1014.124592,588,0.058791,3,2026-09-19T13:30:00Z
player:e8ekkg0yayhhmmhinl0v9une,Georginio Rutter,FW,1149377982,1150045360,1150.04536,580,0.058064,1,2026-09-19T14:00:00Z
player:dxxc4dioaioidmvamkzqr4b85,Fabian Schär,CB,1290353694,1291094298,1291.094298,574,0.057395,1,2026-09-19T14:00:00Z
player:ewx7srphr7r8ddb0fev7uo0yd,Everton,AM_W,993921549,994490007,994.490007,572,0.057193,1,2026-09-20T15:15:00Z
player:1qthvf5krys0pzk24h8wtr9at,Konrad Laimer,CB,1227504686,1228204527,1228.204527,570,0.057013,1,2026-09-05T16:30:00Z
player:cm7l7qimy4iysm1khmpc7u961,Matthew O'Riley,CM,1163927636,1164540605,1164.540605,526,0.052664,2,2026-09-19T14:00:00Z
player:bnvxzhxn1vv2pt76q43bu55p0,Julián Vignolo,FW,1006268008,1006797309,1006.797309,526,0.0526,1,2026-09-03T18:45:00Z
player:9cbp20wyy4ldod06myqbmkqok,Oscar Højlund,CM,1059418584,1059967935,1059.967935,518,0.051854,1,2026-09-19T13:30:00Z
player:5nbk2xeyrs7pxdye1jtqudhpl,Robin Hack,FW,1238753868,1239393510,1239.39351,516,0.051636,3,2026-09-19T13:30:00Z
player:5vznxxfbteooxk2dd2ws76xhw,Mohamed-Ali Cho,CM,1215254876,1215872701,1215.872701,508,0.050839,3,2026-09-19T14:00:00Z
player:blth4klpu88kgh73abpjlgusp,Boubacar Kamara,DM,1559957821,1560739497,1560.739497,501,0.050109,3,2026-09-19T11:30:00Z
player:8uavb2mcry7i77nhrsq6rboyc,Nathan De Cat,DM,998111910,998598200,998.5982,487,0.048721,1,2026-09-05T13:30:00Z
player:49am49vrh40bdq3lp83sy5zpw,Aboulaye Camara,CM,1025966402,1026456205,1026.456205,477,0.047741,1,2026-09-05T18:45:00Z
player:7cp51c8zn7y08iyk0hc9ix5nt,Jean-Clair Todibo,CB,2536786189,2537932948,2537.932948,452,0.045205,2,2026-09-18T18:45:00Z
player:4r5mejvmxk423kx5j3w4u3n6c,Christian Mawissa,CB,1211506094,1212042213,1212.042213,442,0.044252,1,2026-09-04T19:05:00Z
player:1cu7fg8sf90isf9gp21e5fqh,Riccardo Orsolini,FW,1617077047,1617775147,1617.775147,432,0.04317,1,2026-09-19T13:00:00Z
player:6z1du1o69dgamvu2m8yi97dre,Fábio Carvalho,CM,1021965775,1022393178,1022.393178,418,0.041822,1,2026-09-18T19:00:00Z
player:61psw0tgtithfb7knevi50xec,Max Dowman,AM_W,1006215235,1006632319,1006.632319,414,0.041451,1,2026-09-19T14:00:00Z
player:edti8t30h7ukwi3wqlzaczje1,Folarin Balogun,FW,1560727414,1561351910,1561.35191,400,0.040013,1,2026-09-18T18:45:00Z
player:avrytipllm79xl3g4lf6si5wq,Louis Mouton,AM_W,1052343940,1052751871,1052.751871,388,0.038764,1,2026-09-12T18:45:00Z
player:80aqmv4ht6rs1812qrr5j8kix,Martín Zubimendi,CM,1866625179,1867327859,1867.327859,376,0.037644,3,2026-09-19T14:00:00Z
player:djepfduaa3j07utg0j259cowk,Nicolás Valentini,CB,996228101,996581856,996.581856,355,0.035509,3,2026-09-19T14:15:00Z
player:96hvhj2ridutroyglbiwotxck,Jay Enem,FW,999671559,1000025385,1000.025385,354,0.035394,1,2026-09-13T16:00:00Z
player:6ma3oewkllhcu66tbb6d8shzo,Tadjidine Mmadi,FW,1000327054,1000678988,1000.678988,352,0.035182,2,2026-09-11T18:45:00Z
player:58d87tochcm6hk4n6l7ua7jvu,Samuel Mbangula,FW,1128347306,1128725383,1128.725383,335,0.033507,2,2026-09-13T16:00:00Z
player:eg9xhi6wfp1duf01pcsn8vfmd,Lucas Tousart,DM,949080375,949387988,949.387988,324,0.032412,3,2026-09-20T13:00:00Z
player:dom1dzrvk7y4sd8puf8iztn11,Haris Belkebla,CM,1146085240,1146456043,1146.456043,323,0.032354,1,2026-09-19T18:45:00Z
player:dx7fg77tfqytimfiixw9tyfx0,Seydou Fini,FW,999854665,1000156131,1000.156131,301,0.030151,2,2026-09-12T13:00:00Z
player:3pxte13sf3ybzb3cgvim1tqtw,Valde,CB,992599481,992894144,992.894144,297,0.029686,2,2026-09-20T10:30:00Z
player:3es8fg7y59lckypu11i68q6s5,Gian-Luca Waldschmidt,FW,1101735871,1102057388,1102.057388,292,0.029183,1,2026-09-19T13:30:00Z
player:9ano8w4jrlk6zq92rxchzaru2,Miguel Rodríguez,FW,1022373617,1022653224,1022.653224,273,0.027349,3,2026-09-15T18:00:00Z
player:9b7iei751ersl6ny0o0k8gn3d,Martin Terrier,CM,1546154687,1546569115,1546.569115,268,0.026804,1,2026-09-12T13:30:00Z
player:97nqu0mjr4ulkoiqn3y6nsmzu,Loum Tchaouna,AM_W,1036782855,1037057187,1037.057187,265,0.02646,2,2026-09-19T16:30:00Z
player:30gsjr0xlmjulnz227zfxga8l,Duván Zapata,FW,1456106068,1456479770,1456.47977,257,0.025664,1,2026-09-14T16:30:00Z
player:5t952swvuoed4pdwgbi4yjhex,Florentino,DM,1298732775,1299065636,1299.065636,256,0.02563,2,2026-09-19T14:00:00Z
player:22zaq3o78o5feeogqdsvig02y,Luca Netz,CM,1034600636,1034864876,1034.864876,255,0.02554,1,2026-09-19T16:30:00Z
player:5hu4oy1jz8k1c3ajuiueoo2ga,João Gomes,DM,1379646701,1379998686,1379.998686,255,0.025513,1,2026-09-19T11:30:00Z
player:20f5apcbciifqyln8hp3cziwa,Filippo Terracciano,CB,1029354598,1029614406,1029.614406,252,0.02524,1,2026-09-06T18:45:00Z
player:eu4xivu8i6yla9fcnuncx1ucp,Nicolò Zaniolo,FW,1195061488,1195362458,1195.362458,252,0.025184,1,2026-09-19T13:00:00Z
player:c3sl9ajm4q424r4u37iath3hl,Óscar Mingueza,CM,1239919062,1240220412,1240.220412,243,0.024304,1,2026-09-05T14:00:00Z
player:3g14bqou9coim6fit9c2cyr8q,Mohamed Kaba,AM_W,1007256202,1007496920,1007.49692,239,0.023898,2,2026-09-20T18:45:00Z
player:1en0bgq0u842snszevlkscxk9,Nikolas Nartey,AM_W,1090337196,1090596812,1090.596812,238,0.023811,1,2026-09-19T16:30:00Z
player:96ou7x51dxymv16l0ocsuhbyt,David Brooks,FW,1079832483,1080075290,1080.07529,225,0.022486,3,2026-09-20T13:00:00Z
player:2tm16w51ewqjgabmx93rettsk,Joselu Pérez,FW,999374196,999592567,999.592567,218,0.021851,1,2026-09-13T16:30:00Z
player:dbebh5mvzowjrp7h4qvzxvaol,Will Hughes,CM,1165566219,1165805066,1165.805066,205,0.020492,2,2026-09-12T14:00:00Z
player:ebgkv548xih19m8uza7bgrvmd,Nikola Vlašić,AM_W,1637335792,1637659077,1637.659077,197,0.019745,3,2026-09-19T13:00:00Z
player:13o5eskqs8b88yerwltk0tivp,Sandi Lovrić,CM,1204305438,1204541206,1204.541206,196,0.019577,1,2026-09-14T18:45:00Z
player:6fzbp94hf19ysotdassrqdc5x,Antonio Rüdiger,CB,1460368192,1460634828,1460.634828,183,0.018258,2,2026-09-20T14:15:00Z
player:9sanzxzkj52vz1mqj1d7g08b8,Toni Fernández,FW,1000763291,1000943857,1000.943857,180,0.018043,3,2026-09-19T18:45:00Z
player:bh9jia8qgkhpm5xn82bx0hhck,Cristian Volpato,FW,1120380833,1120566759,1120.566759,166,0.016595,1,2026-09-06T16:00:00Z
player:f4gpe0pxov8sea9e0fs24h8q2,Jon Moncayola,CM,1272019594,1272225056,1272.225056,162,0.016152,4,2026-09-19T12:00:00Z
player:4383t6giufw6n3xq8sgrofzmc,Anthony Bermont,FW,1007233268,1007393544,1007.393544,159,0.015913,2,2026-09-19T18:45:00Z
player:7z2gs2b8ccchwf0h92hwx8d90,Otto Ruoppi,AM_W,1040174022,1040314313,1040.314313,135,0.013487,2,2026-09-12T13:30:00Z
player:8z0395s37qe2lqi9qsvyskgk5,Marquinhos,CB,2393896993,2394175374,2394.175374,116,0.011629,3,2026-09-20T18:45:00Z
player:1pezvbb0n8z7hu5063jysg2s4,Leo Sauer,FW,1009849187,1009944957,1009.944957,95,0.009484,3,2026-09-19T16:30:00Z
player:cjdycctu96jilvbvnl7ndh9sl,Chris Wood,FW,1319374983,1319489852,1319.489852,87,0.008706,3,2026-09-19T16:30:00Z
player:95r0jtkw03vjohzwc8os8ielm,Koni De Winter,CB,1210522454,1210625678,1210.625678,85,0.008527,3,2026-09-20T18:45:00Z
player:4vdmmwetnlmvrc4erlhjbcvoq,Rafael Obrador,CM,986107361,986191345,986.191345,85,0.008517,1,2026-09-06T16:00:00Z
player:f414ed8b0apdfxxa56mq04q1h,Ulisses Garcia,CB,957740895,957817966,957.817966,80,0.008047,2,2026-09-20T18:45:00Z
player:4tev0kk0om8cr1xbwpt8bozit,Robert Andrich,CB,1857913351,1858062658,1858.062658,80,0.008036,2,2026-09-20T13:30:00Z
player:7gjpyajgsq0pd71bq30m69xpl,Gustavo Hamer,CM,1037560438,1037643121,1037.643121,80,0.007969,1,2026-09-05T14:00:00Z
player:4lg41m643jf18dgax298bufpw,Jean-Mattéo Bahoya,CM,1158102629,1158194235,1158.194235,79,0.00791,1,2026-09-20T13:00:00Z
player:8kioh2rzit592d4zwjoqsftas,Nicolò Bertola,CB,983870892,983946147,983.946147,76,0.007649,2,2026-09-14T18:45:00Z
player:39ccv9t7ydrrcwd1es1xu2e50,Andrey Santos,DM,1364233161,1364336554,1364.336554,76,0.007579,1,2026-09-06T13:00:00Z
player:7vhnftizqlyu31st2vsmgh6tx,Noussair Mazraoui,CB,1421366893,1421467806,1421.467806,71,0.0071,1,2026-09-06T13:00:00Z
player:9wo8twcbs1jnqzdy0c6y8adey,Ruben Kluivert,CB,1099419030,1099472683,1099.472683,49,0.00488,1,2026-09-04T17:00:00Z
player:cy3c0cj6yy1mokaj0mlk4k9re,Raúl García,FW,1080517632,1080554169,1080.554169,34,0.003381,4,2026-09-19T12:00:00Z
player:4bntcltsmr5ymc4f8eme1v1ii,Faris Moumbagna,FW,1027180477,1027215152,1027.215152,34,0.003376,3,2026-09-20T18:45:00Z
player:7czabe5a0l5icdqb74sa9yru2,Saba Sazonov,CB,1016393963,1016426622,1016.426622,32,0.003213,2,2026-09-20T12:00:00Z
player:75xbiozismh96vufhrhkng4mi,Javi Rueda,CM,1057708622,1057741839,1057.741839,31,0.00314,4,2026-09-19T16:30:00Z
player:vzbmf6lqvbw398clnt7jyiqy,Yannik Engelhardt,DM,1104622503,1104656716,1104.656716,31,0.003097,3,2026-09-19T13:30:00Z
player:514es9hzl2skv9dl5cofgkogl,Florian Neuhaus,CM,1268002721,1268040412,1268.040412,30,0.002972,1,2026-09-19T13:30:00Z
player:3tzvbdszdrj1tayik9igbve8l,Gorka Guruzeta,FW,1508842090,1508885502,1508.885502,29,0.002877,1,2026-09-05T14:15:00Z
player:e3il1t1s5lrn4g8t85fcm40oa,Noni Madueke,FW,1433051008,1433091910,1433.09191,29,0.002854,1,2026-09-06T15:30:00Z
player:26wj6flfqi59vgz6vwjgur2ay,Nico Serrano,FW,1035512012,1035538165,1035.538165,25,0.002526,1,2026-09-19T14:15:00Z
player:41esemh0xhemsej11f3z9ynl5,Imad Rondić,FW,1001182698,1001204023,1001.204023,21,0.00213,1,2026-09-04T18:30:00Z
player:9c82id3h8v3cahh5fpwtzqlg4,Geovany Quenda,FW,1034623511,1034640308,1034.640308,16,0.001623,1,2026-09-18T19:00:00Z
player:9s97wjlj2f6cihmrgvymof1n8,Alex Tóth,DM,1068479931,1068497127,1068.497127,16,0.001609,1,2026-09-20T13:00:00Z
player:94sln58zt76ydfvs4pl7xkqy2,Ardon Jashari,CM,1118936473,1118948774,1118.948774,11,0.001099,1,2026-09-06T18:45:00Z
player:3y9nm18as1wxhizq3fyazb2t,Thorgan Hazard,AM_W,1092406715,1092410526,1092.410526,3,0.000349,3,2026-09-18T18:45:00Z
player:9t0e3nk3d4ho198p1n0ldbsic,Yaya Dieme,FW,999775026,999766314,999.766314,-9,-0.000871,1,2026-09-19T15:15:00Z
player:5vz3ahy53htjc8pk4wzvytzbo,Francesco Camarda,FW,1001381958,1001362559,1001.362559,-19,-0.001937,2,2026-09-20T18:45:00Z
player:aianahl18ooxmlr5ok6v321d6,Daniel Bîrligea,FW,1071406246,1071378622,1071.378622,-26,-0.002578,1,2026-09-06T13:00:00Z
player:9vk04uj215dfan7wak7j25hjo,Marc Guiu,FW,1050586941,1050542256,1050.542256,-43,-0.004253,1,2026-09-05T13:30:00Z
player:dhtb9gizk25k1u3h0b7xgy4tl,Giovani Lo Celso,CM,1662321298,1662248807,1662.248807,-44,-0.004361,1,2026-09-14T19:00:00Z
player:bf2pf3hs8gcvub4ivlve12ymt,Lucas Vázquez,CM,1294095966,1294017843,1294.017843,-60,-0.006037,3,2026-09-20T13:30:00Z
player:by8xbw0rb239l1x4b0t33tpn8,Maroan Sannadi,FW,1041829389,1041761940,1041.76194,-65,-0.006474,2,2026-09-19T14:15:00Z
player:arwidogdfccsjv8fxa1veezf9,Robert Skov,CM,1025480205,1025412203,1025.412203,-66,-0.006631,1,2026-09-11T18:30:00Z
player:2r1u01vlym0nwcwx86bwbuusq,Mohammed Salisu,CB,1915046678,1914905241,1914.905241,-74,-0.007386,1,2026-09-18T18:45:00Z
player:4vzixye912wmbbgju0gpz7sdm,Daniel Jebbison,FW,1004784165,1004703860,1004.70386,-80,-0.007992,2,2026-09-20T13:00:00Z
player:26yt4f0i77i9fvaujwg0dnbbo,Samir El Mourabet,DM,1214305012,1214197479,1214.197479,-89,-0.008856,2,2026-09-19T15:15:00Z
player:ew18qvvupaejxubhqmxmbd39x,Andrej Kramarić,AM_W,2132779820,2132586218,2132.586218,-91,-0.009077,3,2026-09-20T17:30:00Z
player:djlyi0ad4x1p0k4thn8n0axw4,Darío Osorio,CM,1095893044,1095792041,1095.792041,-92,-0.009217,1,2026-09-05T14:00:00Z
player:44s112hd02w1i2ucvai9jy7e1,Ismaïla Sarr,FW,1315188493,1315060943,1315.060943,-97,-0.009698,1,2026-09-20T13:00:00Z
player:9pv566tidfz21e00y4t0mbap5,Sean Longstaff,CM,1012771939,1012672092,1012.672092,-99,-0.009859,1,2026-09-14T19:00:00Z
player:14qv8npo5alwnb5dud8x82ln8,Endrick,FW,1138739560,1138614100,1138.6141,-110,-0.011017,1,2026-09-15T19:30:00Z
player:a5a9d3z93jct2dtg6ajpi26ay,Víctor García,AM_W,1010011388,1009896505,1009.896505,-114,-0.011374,2,2026-09-20T16:30:00Z
player:2ww626a9v31b072prdx0xf1g4,Youssef Enríquez,CB,952895508,952785576,952.785576,-115,-0.011537,3,2026-09-19T14:15:00Z
player:1anl1jfwm7l4p3y0tmyvueiuh,Ayumu Seko,CB,987652365,987527299,987.527299,-127,-0.012663,3,2026-09-19T18:45:00Z
player:4wic6z72nwmhkheme209fcmp5,Eberechi Eze,CM,1805752623,1805517587,1805.517587,-130,-0.013016,2,2026-09-19T14:00:00Z
player:66r7rq9kcoyow46ovmhzrtec5,Callum Wilson,FW,1211698089,1211533854,1211.533854,-136,-0.013554,1,2026-09-05T14:00:00Z
player:2e50rmuo2tdgksugzudbjankl,Dominik Livaković,GK,934552008,934406474,934.406474,-156,-0.015573,1,2026-09-19T19:00:00Z
player:4o71xxq6qdkhug58a073fxega,Shuto Machino,FW,1115314023,1115139928,1115.139928,-156,-0.01561,2,2026-09-19T13:30:00Z
player:280u0x6o94auqt5e8ff89xune,Benedict Hollerbach,FW,1125965622,1125787998,1125.787998,-158,-0.015775,1,2026-09-12T13:30:00Z
player:6j8k3j0qp5zy19mwpmgx0l990,Alberto Risco,CM,1006322171,1006159678,1006.159678,-161,-0.016147,1,2026-09-17T17:00:00Z
player:b64p21hmhsqgrn6n04mk00zpx,Enes Ünal,FW,1329592372,1329351914,1329.351914,-181,-0.018085,4,2026-09-20T12:00:00Z
player:bukiej33alpx4e0t5cpwxhx0q,Isak Jansson,FW,1052512832,1052318050,1052.31805,-185,-0.018506,1,2026-09-12T18:45:00Z
player:tedxo29s8xx0a71z6sidw7v9,Jeffrey Gouweleeuw,CB,1160664351,1160412805,1160.412805,-217,-0.021673,2,2026-09-19T13:30:00Z
player:ay6pvdyj5pjgwvjsqdfsrbw4q,Lennard Maloney,CM,995563862,995334225,995.334225,-231,-0.023066,2,2026-09-19T13:30:00Z
player:8nh6qf9i1d0qw7nx4wk25qzth,Mason Mount,DM,1458569260,1458229326,1458.229326,-233,-0.023306,1,2026-09-20T15:30:00Z
player:86b832s2snkdxxfh3ms1zdqzt,Vanja Drkušić,CB,1000138137,999898611,999.898611,-240,-0.023949,1,2026-09-12T14:15:00Z
player:bsyv3fmihshve4jcr11qmtmfp,Lucas Höler,FW,1485886224,1485530051,1485.530051,-240,-0.02397,2,2026-09-19T13:30:00Z
player:9j742o5vdc7d54x1xdz4t9ck5,Sead Kolašinac,CB,1424531179,1424180311,1424.180311,-246,-0.02463,2,2026-09-12T18:45:00Z
player:75o3w8gbal0imwmptqunnxzpw,Maguette Gueye,CM,1005169098,1004912394,1004.912394,-255,-0.025538,2,2026-09-16T19:30:00Z
player:9ys7bl2kwn779ohtrk3v1tmvo,Dame Gueye,FW,1000689719,1000429190,1000.42919,-260,-0.026035,3,2026-09-19T18:45:00Z
player:3kbhgmnf6bhfgut0jxf4m2sfe,Gaetano Oristanio,FW,1060878144,1060598535,1060.598535,-264,-0.026356,1,2026-09-19T13:00:00Z
player:cv46mxj5i98p4hgtbomxlxs7o,Federico Gatti,CB,1284775507,1284423181,1284.423181,-274,-0.027423,1,2026-09-06T18:45:00Z
player:e07b6h22s8ve5yxj4dk3mak2c,Samba Konaté,FW,999897005,999604700,999.6047,-292,-0.029234,2,2026-09-20T13:30:00Z
player:fij46jr9fq43444gr1y8tl9l,Gabriel Gudmundsson,CM,877187071,876916921,876.916921,-308,-0.030797,3,2026-09-20T13:00:00Z
player:eh70fwampgdyfv3hu25o2qx,Alfonso Pedraza,CB,867598249,867330584,867.330584,-309,-0.030851,2,2026-09-19T18:45:00Z
player:duqiler25n63ksi0fxreo50mi,Andrea Colpani,CM,1244974094,1244589837,1244.589837,-309,-0.030865,2,2026-09-13T13:00:00Z
player:4rhyl8q31wceeq2dnaep9t3x0,Assan Ouédraogo,CM,1034675654,1034345865,1034.345865,-319,-0.031874,1,2026-09-13T13:30:00Z
player:cc3j4hx9guihwjcb3l2toja50,Cyriaque Irié,CM,1016639639,1016312832,1016.312832,-322,-0.032146,1,2026-09-12T13:30:00Z
player:4hrmzpx1nt5ze55fpby71mcb9,Łukasz Skorupski,GK,1199388340,1198984340,1198.98434,-337,-0.033684,2,2026-09-19T13:00:00Z
player:iygkwt0uv3gt899wmlbwc296,Laurs Skjellerup,FW,999717040,999357334,999.357334,-360,-0.035981,1,2026-09-18T18:45:00Z
player:e6jaaazxqeczj6ziaj0qnqpxx,Ruben Loftus-Cheek,CM,1366153178,1365650797,1365.650797,-368,-0.036773,3,2026-09-20T18:45:00Z
player:1z4cm8460fycd03z699uw6hhw,Louis Lemke,CM,988712662,988345649,988.345649,-371,-0.03712,2,2026-09-19T13:30:00Z
player:5ql70wwevaoqpxabylew5f696,Carney Chukwuemeka,CM,1100959418,1100540436,1100.540436,-381,-0.038056,1,2026-09-12T13:30:00Z
player:9ydkbbygq6uocors9kcdnzbop,Moussa Diaby,CM,1720735818,1720078038,1720.078038,-382,-0.038227,3,2026-09-20T13:30:00Z
player:38339rg6eqprxc0w976gozjmc,Ousmane Diomande,CB,1108713130,1108273537,1108.273537,-397,-0.039649,3,2026-09-19T16:30:00Z
player:5d3stmq3pgka4qhdfoff35t9m,Konstantinos Koulierakis,CB,983653340,983256583,983.256583,-403,-0.040335,1,2026-09-19T16:00:00Z
player:10lpk2wft7zsd1fa38ulbakno,Aleksandar Stanković,DM,1032092196,1031651287,1031.651287,-427,-0.04272,1,2026-09-14T18:45:00Z
player:drjbms71w0kt1pidq8q17h05w,Nilson Angulo,AM_W,1031627087,1031184285,1031.184285,-429,-0.042923,3,2026-09-20T13:00:00Z
player:bwrtljwa3px624mxp49xa6psk,Salim Musah,FW,1005910433,1005466796,1005.466796,-441,-0.044103,2,2026-09-19T13:30:00Z
player:7ujr3n286xjhtwsrckvkbldxx,Derek Cornelius,CB,1096945600,1096440299,1096.440299,-461,-0.046064,2,2026-09-11T18:45:00Z
player:7k7whr0pdbw5wtk7g0cwozw0l,Mitchell Weiser,CM,1206695946,1206136969,1206.136969,-463,-0.046323,2,2026-09-19T13:30:00Z
player:22vctvwf3zrm9jzgrmo4kc4k4,Mattia Liberali,AM_W,1003850047,1003381811,1003.381811,-467,-0.046644,1,2026-09-04T18:45:00Z
player:cx6fxszjvjam6zb3c3p0dd1jo,Mika Godts,CM,1097324410,1096806596,1096.806596,-472,-0.047189,3,2026-09-20T18:45:00Z
player:drh7wx5zz8c4dwa9o8mrigjro,Nico O'Reilly,CB,990726801,990257202,990.257202,-474,-0.047399,2,2026-09-20T13:00:00Z
player:a9jc36ub52lh0jgq2ya56wyui,Valentin Gendrey,CM,691322397,690992395,690.992395,-477,-0.047735,1,2026-09-12T13:30:00Z
player:8bj0welrf2r362hzigb86704q,Kevin,AM_W,1037669084,1037158384,1037.158384,-492,-0.049216,2,2026-09-20T15:30:00Z
player:dtq60oy7uyxjs7hob25ldpr10,Justin Bourgault,CB,992866565,992376059,992.376059,-494,-0.049403,1,2026-09-13T18:45:00Z
player:2kd2kqh0ykd5iuziic6590gve,Nick Woltemade,FW,1264737244,1264085608,1264.085608,-515,-0.051523,3,2026-09-20T16:00:00Z
player:d3d1qks236pztzcqp3wdcc0l,Vincent Marchetti,CM,1005765673,1005246061,1005.246061,-517,-0.051663,1,2026-09-19T15:15:00Z
player:733ho2s9aqwwxzbqfiia3b7bp,Álvaro Fidalgo,CM,1034825693,1034279144,1034.279144,-528,-0.052816,2,2026-09-17T17:00:00Z
player:5awkzgwwh48prwgvxwewuc5hx,Olivier Giroud,FW,1627796492,1626930334,1626.930334,-532,-0.05321,3,2026-09-20T15:15:00Z
player:25vb30mtetefhp3ix26nlhx0q,Malik Tillman,AM_W,1257495515,1256820750,1256.82075,-537,-0.053659,2,2026-09-12T13:30:00Z
player:du4ciqofpkn3nei5q3huwlnje,Nicola Zalewski,CM,1148897750,1148274192,1148.274192,-543,-0.054274,1,2026-09-05T18:45:00Z
player:br7zigajqee6fms35zhm1sb8p,Facundo Medina,CB,2156769594,2155565922,2155.565922,-558,-0.055809,3,2026-09-20T13:30:00Z
player:fr9ac60188vlmtbrcddhxii1,Sebastiaan Bornauw,CB,1134054332,1133394884,1133.394884,-582,-0.05815,1,2026-09-06T13:30:00Z
player:3dar2wtxj1x803zxzdooxfaxg,Petar Ratkov,FW,1009022459,1008435640,1008.43564,-582,-0.058157,2,2026-09-20T16:30:00Z
player:xu7mykgl15kaib3olilmsez9,Neal Maupay,FW,1269469028,1268719120,1268.71912,-591,-0.059073,2,2026-09-20T18:45:00Z
player:3hht0os2uzu234yq550i3fbe2,Marc Casadó,CM,1205892558,1205175596,1205.175596,-595,-0.059455,3,2026-09-20T16:30:00Z
player:72im0m7d8rqpsclo4f5crqmsp,Eljif Elmas,FW,1446267505,1445389569,1445.389569,-607,-0.060704,2,2026-09-20T16:00:00Z
player:bx6j2y1hnu63lawn3rdoep1m2,Johan Bakayoko,FW,1214400783,1213599897,1213.599897,-660,-0.065949,1,2026-09-05T13:30:00Z
player:dchp4ud6043gahy06jrm7q6i2,Nnamdi Collins,CB,1093792485,1093056497,1093.056497,-673,-0.067288,1,2026-09-19T13:30:00Z
player:dvo2f7d0yosn404wsrsgeprdh,Alexander Schwolow,GK,776213240,775688272,775.688272,-677,-0.067632,2,2026-09-19T13:30:00Z
player:j0zbfr4wa3dovkgo55o6xilm,Lucas Gourna-Douath,DM,1125559722,1124791685,1124.791685,-683,-0.068236,2,2026-09-19T14:00:00Z
player:7rltyxkrvvfg7q1hppl631soa,Jan Thielmann,CM,1061376296,1060625676,1060.625676,-707,-0.070721,1,2026-09-04T18:30:00Z
player:4ysxvym6ww4f9d3hflkqsbf11,Serge Gnabry,AM_W,2135968127,2134439327,2134.439327,-716,-0.071574,1,2026-09-18T18:30:00Z
player:1pkymw7biivk760rxhubin1ed,Zeki Çelik,CM,1073156863,1072384936,1072.384936,-720,-0.07193,3,2026-09-20T16:00:00Z
player:bzq3430ybx8y4n09hgqtxkt90,Carlos Maciá,CM,1010662930,1009929096,1009.929096,-726,-0.072609,2,2026-09-20T16:30:00Z
player:8ny9dh0x33c2ejy507qyj2cd0,Matija Frigan,FW,1000000000,999270615,999.270615,-730,-0.072938,2,2026-09-14T16:30:00Z
player:2znc8bmjc183pmz1xe1j8z0fd,Derrick Köhn,CM,963594172,962889344,962.889344,-732,-0.073146,1,2026-09-18T18:30:00Z
player:yq0cm7vwr0tkv7nvt9vo77bp,Benjamin Pavard,FB_WB,1822416798,1821054597,1821.054597,-748,-0.074747,1,2026-09-14T18:45:00Z
player:5mvddfxv6aqzohz87gopwl990,Jens Hjertø-Dahl,CM,1000000000,999240281,999.240281,-760,-0.075972,1,2026-09-05T16:30:00Z
player:39yc76urwnda0ze6qb9h00ine,Mio Backhaus,GK,1073577055,1072756252,1072.756252,-765,-0.076455,3,2026-09-19T13:30:00Z
player:d358ce00vstqg3ilinhcc10r8,Víctor Muñoz,AM_W,1070024326,1069181163,1069.181163,-788,-0.078798,3,2026-09-20T13:00:00Z
player:3o0zpl9cnmna2hyk595ja0xrd,Nayef Aguerd,CB,1757959060,1756557579,1756.557579,-798,-0.079722,3,2026-09-20T18:45:00Z
player:7ox43isyywsnrfcd56nm65be,Charles De Ketelaere,CM,1880956633,1879428468,1879.428468,-813,-0.081244,3,2026-09-20T16:00:00Z
player:6ufkq71qh9wrfyaez5yi94e09,Chidera Ejuke,FW,1150581266,1149636169,1149.636169,-822,-0.082141,3,2026-09-19T19:00:00Z
player:b2ak3yqqaexteldtl135erpx,John Egan,CB,1012881357,1012005732,1012.005732,-865,-0.086449,3,2026-09-19T14:00:00Z
player:32bc16sg6h58ajxigp7nl1ryt,Romain Del Castillo,AM_W,1658075957,1656640861,1656.640861,-866,-0.086552,2,2026-09-16T17:00:00Z
player:47a7supyragpxadjc4fbjw91x,Oscar Lopez,GK,1000000000,999132007,999.132007,-868,-0.086799,2,2026-09-17T17:00:00Z
player:8eh38t4oyyt728co362f6uqqd,Álvaro Garcia,AM_W,1582391265,1581015499,1581.015499,-870,-0.086942,4,2026-09-19T12:00:00Z
player:avg54tzd7cxjld09569czfgus,Marin Ljubičić,FW,1036031928,1035116521,1035.116521,-884,-0.088357,2,2026-09-11T18:30:00Z
player:8o3tk9fohlrgeqpl3xck0feac,Djylian N'Guessan,FW,1000626196,999728253,999.728253,-898,-0.089738,2,2026-09-20T13:00:00Z
player:6ivohe6bn57t1z3ptqxlhs2jt,Samir Chergui,CB,974565000,973679063,973.679063,-909,-0.090906,2,2026-09-12T18:45:00Z
player:154gonr6x9vuraxmzd9zi5xck,Rio Ngumoha,AM_W,1032735925,1031749611,1031.749611,-956,-0.095505,1,2026-09-12T14:00:00Z
player:8byp1lyd4twbvremuoip7zfv8,Albion Rrahmani,FW,1032260798,1031269028,1031.269028,-961,-0.096077,2,2026-09-19T18:45:00Z
player:5wengf05apke7rv3kms186j56,Anthony Elanga,FW,1313537848,1312267865,1312.267865,-967,-0.096684,1,2026-09-05T11:30:00Z
player:7knk2xsg4690hgq9us9us8ull,Alessio Zerbin,CM,930282367,929381187,929.381187,-969,-0.096872,2,2026-09-20T13:00:00Z
player:embn1jhcly07i6pjcvcdiavo5,Lukas Nmecha,FW,1150443650,1149320434,1149.320434,-977,-0.097633,3,2026-09-20T13:00:00Z
player:dc12yccey0n4fk1cu28wb0hzo,Aristide Zossou,FW,1000189018,999196080,999.19608,-993,-0.099275,1,2026-09-04T17:00:00Z
player:b33rlpjo3kx4477alx82si5wq,Pierre Kalulu,CB,1557554108,1555972483,1555.972483,-1016,-0.101545,3,2026-09-20T16:00:00Z
player:79n0dyjagmleor1fpwl25qql0,Javi Rodríguez,CB,1115623968,1114481818,1114.481818,-1024,-0.102378,1,2026-09-03T19:00:00Z
player:aegelvfjdhtpcwb2r63ixksgk,Promise David,FW,1031990252,1030913322,1030.913322,-1044,-0.104355,1,2026-09-05T14:00:00Z
player:6w641bd5laym8cnxg6mecsmqc,Paco Cortés,AM_W,1001530759,1000469382,1000.469382,-1060,-0.105975,1,2026-09-06T16:30:00Z
player:3mqhkh4iz4kesvmqui3hupgmi,Boulaye Dia,FW,1381327944,1379831212,1379.831212,-1084,-0.108355,3,2026-09-19T18:45:00Z
player:27u1slmp5wrly9oc6ju7ya87o,Sidiki Cherif,FW,1024477781,1023363028,1023.363028,-1089,-0.108812,1,2026-09-13T13:00:00Z
player:dve7yj8usejn9x7pmdjvozje1,Lucas Perri,GK,914874849,913864224,913.864224,-1105,-0.110466,3,2026-09-19T13:00:00Z
player:e83zd56y74k8uecxqyo5xw7v9,Adama Traoré,FW,1163309546,1162014774,1162.014774,-1114,-0.111301,4,2026-09-20T16:30:00Z
player:2zcha0sd7axiu2s2c0bccz2s5,Enrique Barja,FW,1073809264,1072602559,1072.602559,-1124,-0.112376,3,2026-09-19T12:00:00Z
player:46vjiqw7kvnauak7a85i6l695,Timothé Nkada,FW,1000000000,998872164,998.872164,-1128,-0.112784,3,2026-09-19T18:45:00Z
player:8921la7pznfjc4e69ul2pqmms,Javi Morcillo,CM,1011119332,1009952204,1009.952204,-1155,-0.115429,3,2026-09-18T19:00:00Z
player:d4byfkr3jergb1v1nakrmgvdh,Ali Abdi,CM,991943627,990789978,990.789978,-1164,-0.116302,3,2026-09-20T15:15:00Z
player:3yqxkw0tqpoucur51ieh9xdrd,Josep Martínez,GK,1095010224,1093734941,1093.734941,-1165,-0.116463,3,2026-09-19T16:00:00Z
player:2xp7fbcl6a4nua9jpm7b4k1sk,Noah Nartey,CM,1054592305,1053361854,1053.361854,-1167,-0.116676,2,2026-09-19T18:45:00Z
player:5e2zgfe3ltc6qbnoqdfshqsph,Trevoh Chalobah,CB,1809142909,1807004372,1807.004372,-1183,-0.118207,2,2026-09-20T13:00:00Z
player:dkwkmrmpb7rq4e660efcu5hat,Daniel James,FW,1011145338,1009944852,1009.944852,-1188,-0.118725,2,2026-09-20T13:00:00Z
player:8hebxu2r9uw6thv94bj5mum8k,Rodrigo Mora,CM,1040831876,1039594245,1039.594245,-1190,-0.118908,2,2026-09-14T16:30:00Z
player:awsod0zmnrukk21d4882ji7e1,Ronald Araujo,CB,1551787814,1549913472,1549.913472,-1209,-0.120786,3,2026-09-20T13:00:00Z
player:7uxt9a7t22ij4reg1uire5uqd,Luke Shaw,CB,1055650356,1054362535,1054.362535,-1221,-0.121993,2,2026-09-20T15:30:00Z
player:4ali7e2nk26rfzr0660xdrx0p,Emile Smith Rowe,AM_W,1341115306,1339476279,1339.476279,-1223,-0.122214,2,2026-09-12T14:00:00Z
player:2rvx2wlfj2rxzcgye6wiw0v84,Lucas Høgsberg,FB_WB,1087134465,1085787054,1085.787054,-1240,-0.123942,1,2026-09-06T13:00:00Z
player:8n143iu92sawgz5v8al0gyz2s,Seny Koumbassa,CB,995640331,994375576,994.375576,-1271,-0.127029,2,2026-09-19T18:45:00Z
player:mkq18lpl3d44wxq974mci5wq,Raphael Onyedika,DM,1122340917,1120881183,1120.881183,-1301,-0.130062,3,2026-09-19T13:30:00Z
player:cme92rbmqszu51sjm99ho8a21,Ander Guevara,CM,1114918154,1113464032,1113.464032,-1305,-0.130424,2,2026-09-19T14:15:00Z
player:8j498fkairlyk82v1qprc13op,Marin Pongračić,CB,1750664662,1748351775,1748.351775,-1322,-0.132115,2,2026-09-20T10:30:00Z
player:ay02byqc6zdrh5xy3d4fy5qay,Mykhaylo Mudryk,AM_W,1141308028,1139796577,1139.796577,-1325,-0.132431,1,2026-09-05T14:00:00Z
player:dssrq717aixm0exkwkbf3q42c,Harouna Djibirin,FW,1005121203,1003774022,1003.774022,-1341,-0.134032,3,2026-09-19T18:45:00Z
player:bj9f6t8o0nji79rbaxrsioep6,Brooke Norton-Cuffy,CM,945117164,943834134,943.834134,-1358,-0.135754,2,2026-09-12T14:00:00Z
player:e0cy0gwf04lohf0xjef0af8fe,Igor Paixão,AM_W,1191003660,1189379951,1189.379951,-1364,-0.136331,3,2026-09-20T18:45:00Z
player:7ppmuz6ays7s0v3gk2x4ecb1l,Alemão,FW,1059351973,1057864768,1057.864768,-1405,-0.140388,4,2026-09-19T12:00:00Z
player:a1iz91ed6hus61yhhk2r0vkd1,Stephan El Shaarawy,CM,1390616249,1388656514,1388.656514,-1410,-0.140926,2,2026-09-20T13:00:00Z
player:c88btdvycx8d59x4yn1yrfqc4,Eliezer Mayenda,FW,1006964970,1005533165,1005.533165,-1423,-0.14219,3,2026-09-19T18:45:00Z
player:57ssrnac8lqmbvn1ia1xmfs44,Keyliane Abdallah,FW,1006101960,1004662835,1004.662835,-1431,-0.14304,3,2026-09-20T18:45:00Z
player:363nsa82dww242zeo09wpcslx,Tammy Abraham,FW,1421447738,1419411244,1419.411244,-1434,-0.143269,3,2026-09-19T11:30:00Z
player:4gnprufs4yyf7wq9mzmkmf622,Nikola Štulić,FW,1025625308,1024145755,1024.145755,-1444,-0.144259,3,2026-09-20T18:45:00Z
player:8u5vfczmsnklqp9bpilrbvy8k,Jake O'Brien,CB,777568915,776438152,776.438152,-1455,-0.145423,2,2026-09-19T14:00:00Z
player:488vwilxllk6nhf4o1wrh0gve,Oier Zarraga,CM,1032656038,1031115978,1031.115978,-1492,-0.149136,1,2026-09-07T18:45:00Z
player:d1p2ke2ry7g9zfjfh93xmjvxm,Issa Soumaré,AM_W,1130406999,1128708529,1128.708529,-1504,-0.150253,2,2026-09-11T18:45:00Z
player:15nu0pkl5nko4fpoyf1j9e87o,Gessime Yassine,CM,1008215044,1006665418,1006.665418,-1538,-0.1537,3,2026-09-19T15:15:00Z
player:32n3284h95a93yq9h7hbw5hp1,Chuba Akpom,CM,1088218670,1086535638,1086.535638,-1548,-0.154659,1,2026-09-19T14:00:00Z
player:7odl8qgd0qak6w4ox0t3kg3kk,Davide Bartesaghi,CM,1041728150,1040114832,1040.114832,-1550,-0.154869,1,2026-09-20T18:45:00Z
player:ierx7puzqykloqwz9c5gsovd,Vincent Sierro,CM,1178292078,1176454393,1176.454393,-1561,-0.155962,3,2026-09-20T13:00:00Z
player:7c2qwyzh82a45s25zmdahrd91,Aïssa Mandi,CB,1480135080,1477807250,1477.80725,-1574,-0.157271,3,2026-09-20T16:30:00Z
player:e4c4tmuny1mrnofany1sbfy8k,Otto Stange,FW,994760831,993127221,993.127221,-1644,-0.164221,2,2026-09-13T13:30:00Z
player:d0kzduhj90areaill2gvvw6xg,Marc Pubill,CB,1027249490,1025561935,1025.561935,-1644,-0.164279,4,2026-09-20T14:15:00Z
player:ab3og2sas7q4czd31wbdbnro,Keita Kosugi,CB,968954548,967350580,967.35058,-1657,-0.165536,3,2026-09-19T13:30:00Z
player:r0hm6ahwcvdu57bgfi5zkslx,Jean Butez,GK,1654468142,1651721197,1651.721197,-1662,-0.166032,2,2026-09-20T13:00:00Z
player:96h53hatq4r3zsfvn5xl752c4,Andrés Antañón,FW,1002990462,1001301436,1001.301436,-1685,-0.168399,1,2026-09-03T19:00:00Z
player:11r7kkbcv2bn8lar3unczuz8p,Nikola Krstović,FW,1398990165,1396616669,1396.616669,-1698,-0.169658,3,2026-09-20T16:00:00Z
player:cmg6y5t0yuzeuzuxitelbvglx,Alessandro Deiola,CM,984757520,983069999,983.069999,-1715,-0.171364,3,2026-09-19T13:00:00Z
player:bpfp895223p7w0px2ui3nb2l1,Iván Balliu,CB,575174715,574169048,574.169048,-1750,-0.174845,4,2026-09-19T12:00:00Z
player:6jq376l673aizjxxhhos2j52i,José Ángel Carmona,CB,1170606027,1168490893,1168.490893,-1809,-0.180687,2,2026-09-19T19:00:00Z
player:7ngbzn51z20j8s1drzdtwiove,Rayan Philippe,AM_W,1039337343,1037431856,1037.431856,-1835,-0.183337,3,2026-09-20T17:30:00Z
player:3saz8njlttx2i4ospcwmmaqga,Eric Martel,CM,1271792091,1269433479,1269.433479,-1856,-0.185456,1,2026-09-19T13:30:00Z
player:e2z19y8is5m24brpa3gzn02qx,Bryan Reynolds,CB,1001695370,999835312,999.835312,-1859,-0.185691,2,2026-09-19T18:45:00Z
player:88bb68l7u2rd453gz303p4qvo,Rafik Belghali,CM,985720927,983859213,983.859213,-1890,-0.188868,3,2026-09-19T13:00:00Z
player:44i5i1fr0mw3mymdbepzkj9ck,Max Finkgräfe,CB,987214437,985315466,985.315466,-1925,-0.192356,1,2026-09-13T13:30:00Z
player:1blngn7afc8verjkysdegb0tl,Zé Pedro,CB,991901502,989981359,989.981359,-1938,-0.193582,3,2026-09-19T13:00:00Z
player:d9a62lhx21b0ym73rxd6mw8h5,Ethan Pinnock,CB,1372837838,1370119138,1370.119138,-1982,-0.198035,3,2026-09-19T16:30:00Z
player:7lo14fnq32yyyqql6jws5w3xl,Alfon González,CM,1047584245,1045451525,1045.451525,-2038,-0.203585,1,2026-09-19T19:00:00Z
player:ahe00hzfpxhe742i5db3mpe6s,Eivind Helland,CB,1074551237,1072340336,1072.340336,-2060,-0.205751,1,2026-09-19T13:00:00Z
player:ef2n7d6rysar49toiz2k3obth,Kenny Lala,CB,857663020,855897940,855.89794,-2060,-0.205801,3,2026-09-20T13:00:00Z
player:5ol17485ecah0trdmkw3byqne,Ville Koski,CB,982108208,980074071,980.074071,-2073,-0.207119,4,2026-09-19T14:15:00Z
player:71bbzkvxtah61qhi34m9n79ck,Omari Hutchinson,CM,1129209689,1126868399,1126.868399,-2076,-0.207339,1,2026-09-12T16:00:00Z
player:jw8lb54ua2iufebwnu8k68t0,Noah Mbamba,CM,1008848788,1006739640,1006.73964,-2093,-0.209065,2,2026-09-12T18:45:00Z
player:d6tc895jr5kkxotydz2jcjx1w,Mateus Fernandes,DM,1319041565,1316218211,1316.218211,-2143,-0.214046,3,2026-09-19T11:30:00Z
player:a69r2pf2w8da4dl0zl4k5vil1,Davide Zappacosta,CM,1181261650,1178686345,1178.686345,-2183,-0.218013,1,2026-09-05T18:45:00Z
player:bt35y17wl42b5t5tw6z68uwyy,Jamie Leweling,CM,1312447765,1309479035,1309.479035,-2265,-0.226198,3,2026-09-19T16:30:00Z
player:8wq90yejo2ktnfuzrkju45all,Keito Nakamura,CM,1125612125,1123056559,1123.056559,-2273,-0.227038,2,2026-09-19T18:45:00Z
player:8xjlysmwl5vnhcnvsynftjd62,Konan N’Dri,FW,989828966,987580593,987.580593,-2274,-0.227148,3,2026-09-20T18:45:00Z
player:530jf9kq6s7dqggz6how0lt04,Jones El-Abdellaoui,CM,990345421,988087568,988.087568,-2282,-0.227986,1,2026-09-07T17:00:00Z
player:9mh4ven84dualv113vxinqn10,Julio Díaz,CB,994827315,992555902,992.555902,-2286,-0.228322,2,2026-09-16T17:00:00Z
player:3y58b3su28xxhgx077hmh46ei,Enzo Bardeli,CM,1004355565,1002032560,1002.03256,-2316,-0.231293,3,2026-09-20T16:30:00Z
player:3havaatbnk8p6gc9srgajc25l,Chris Führich,CM,1779872972,1775752254,1775.752254,-2318,-0.231518,3,2026-09-19T16:30:00Z
player:3vc4cabxofay0sdv7e1ym663u,Lasse Günther,CM,995866678,993554189,993.554189,-2325,-0.232209,3,2026-09-20T15:30:00Z
player:4j8y1bwt6z8iu98077xqzmvx0,Mert Kömür,AM_W,1093323233,1090755306,1090.755306,-2351,-0.234874,3,2026-09-19T13:30:00Z
player:b275i2lg3anqae5lv9gmrzmqx,Pascal Struijk,CB,1428494018,1425126887,1425.126887,-2360,-0.235712,3,2026-09-19T14:00:00Z
player:2t9287y4uvo424uhvwjpn1jx0,Wael Mohya,AM_W,1009135646,1006684559,1006.684559,-2432,-0.24289,3,2026-09-19T13:30:00Z
player:9drh3w3emxjf6aah8pstsdgr8,Facundo Buonanotte,CM,1154646380,1151839231,1151.839231,-2434,-0.243118,2,2026-09-12T16:30:00Z
player:ar3g1flq7vgbl90q9t1v4y02d,Jordan Lefort,CB,1136778776,1133892927,1133.892927,-2542,-0.253862,3,2026-09-19T18:45:00Z
player:8rprxly1blrhq9cwhfqoheeax,Adrià Pedrosa,CB,897266906,894978988,894.978988,-2553,-0.254987,4,2026-09-19T12:00:00Z
player:4u0o6pfpmohhbzuggq31bj02c,Pedro Felipe,CB,1007782124,1005199797,1005.199797,-2566,-0.256239,2,2026-09-16T19:30:00Z
player:dfckk0xst90yjlep74tvups5x,Kingsley Ehizibue,CM,873956215,871699222,871.699222,-2586,-0.25825,3,2026-09-20T13:00:00Z
player:e5pi22e4qopz95q3y5co7thqs,Christian Ordóñez,CM,989035431,986459603,986.459603,-2608,-0.260438,2,2026-09-20T13:00:00Z
player:3vodb1m9l4hcm9pruc063dtnu,Pierre Ekwah,CM,1166216793,1163172025,1163.172025,-2614,-0.261081,3,2026-09-20T13:00:00Z
player:29pq64smaxdwlraopnxoleqxh,João Cancelo,CB,1814511047,1809698768,1809.698768,-2656,-0.265211,3,2026-09-19T19:00:00Z
player:ad2qplv0aa66l11ipq6yh0hd5,Yukinari Sugawara,CB,986592690,983967398,983.967398,-2665,-0.266097,2,2026-09-19T13:00:00Z
player:dgubl900t52nssngev6atayju,Marvin Pieringer,AM_W,1150157814,1147088833,1147.088833,-2672,-0.266831,3,2026-09-20T17:30:00Z
player:efmz0q74eh8wbjxxn31dv2puy,Jacob Greaves,CB,1014967356,1012257787,1012.257787,-2673,-0.266961,2,2026-09-12T14:00:00Z
player:2jk8zu0m0tf7if0pyrkbo82xh,Lukas Kübler,CB,989381073,986735736,986.735736,-2677,-0.267373,3,2026-09-19T13:30:00Z
player:csinkvzxcphggdjeflmo173zd,Nathan Collins,CB,1516284283,1512207813,1512.207813,-2692,-0.268846,1,2026-09-05T14:00:00Z
player:8cmkqkrjme3wb0gegzn1e6xre,Jaidon Anthony,AM_W,1057056767,1054198396,1054.198396,-2708,-0.270408,3,2026-09-18T19:00:00Z
player:33jtnv5kyzyw1it7y9czhn4a2,Terem Moffi,FW,1414152490,1410251632,1410.251632,-2762,-0.275844,3,2026-09-19T13:30:00Z
player:5oge5fhmna0oduqvjisoa1djp,Jeremy Toljan,CB,650696920,648887421,648.887421,-2785,-0.278086,3,2026-09-20T16:30:00Z
player:57s7gfvt5btbfzm600wn7df55,Pau Torres,CB,1445668516,1441607314,1441.607314,-2813,-0.280922,1,2026-09-12T14:00:00Z
player:6bv51lpfscvs71wzbdddqz5sk,Daouda Traoré,CM,999937002,997127272,997.127272,-2814,-0.280991,1,2026-09-13T15:15:00Z
player:2qy2d8xkwkbeyw5v8ljlzb845,Kenny Tete,CB,1111461708,1108320203,1108.320203,-2830,-0.282646,1,2026-09-12T14:00:00Z
player:1fcmd6qaiira468e8mph4sis4,Job Ochieng,CM,987036048,984183581,984.183581,-2894,-0.288993,3,2026-09-20T19:00:00Z
player:a91clevckra05nq55e1ztezmd,Oriol Rey,DM,1020097498,1017085577,1017.085577,-2957,-0.295258,3,2026-09-20T16:30:00Z
player:9yjtdz1toq241g6cgdty94lck,Antoine Mendy,CB,1172733061,1169258866,1169.258866,-2967,-0.296248,1,2026-09-05T18:45:00Z
player:4a7x84pflda40oka94y36gwk,Quentin Merlin,CB,1140516667,1137085892,1137.085892,-3013,-0.300809,2,2026-09-19T18:45:00Z
player:cjf412x9sg56vos0jkj85k3ys,Mandela Keita,CM,1159908577,1156392922,1156.392922,-3036,-0.303098,3,2026-09-20T13:00:00Z
player:9gt3izdka3a0nh7r9uazkueqc,Zeno Van Den Bosch,CB,1002330629,999254211,999.254211,-3074,-0.306926,2,2026-09-18T18:30:00Z
player:albt55j4oir1veynmos532psk,Santiago Mouriño,CB,1341225784,1337057160,1337.05716,-3113,-0.310807,3,2026-09-20T16:30:00Z
player:b5cqy1xamdj38bh87gvz4iac5,Jonathan Ikoné,CM,1269143162,1265193016,1265.193016,-3117,-0.311245,2,2026-09-19T15:15:00Z
player:35i9zcb2szve0ydjga9qnj384,Manu Bueno,CM,1006126692,1002951464,1002.951464,-3161,-0.315589,1,2026-09-06T19:00:00Z
player:153ljvbov0n176vm9fdaizoix,Andrea Pinamonti,FW,1443710663,1439153258,1439.153258,-3162,-0.315673,3,2026-09-19T18:45:00Z
player:6k66e9gxbu8s7zoxb7mrtwcmh,Sander Berge,DM,1229757872,1225847723,1225.847723,-3185,-0.317961,3,2026-09-20T15:30:00Z
player:euur9yvhgrieu4kl0vdkh244q,Orri Óskarsson,FW,1086922294,1083454512,1083.454512,-3196,-0.319046,3,2026-09-20T19:00:00Z
player:akvrot9hi5mylunfr07nytt04,Matteo Prati,CM,978737275,975612645,975.612645,-3198,-0.319251,3,2026-09-16T19:30:00Z
player:cnmlhoum9aahwqruxgmz2gcfd,Ben White,CB,934207469,931191462,931.191462,-3234,-0.322841,2,2026-09-12T19:00:00Z
player:cr74l0rwvkf4yck0go4esw44p,Axel Tuanzebe,CB,927474480,924467567,924.467567,-3247,-0.324204,2,2026-09-20T13:00:00Z
player:32bvxwhceid2xdcfx6cd8a8d1,Kristoffer Ajer,CB,808145973,805524235,805.524235,-3249,-0.324414,3,2026-09-18T19:00:00Z
player:eziqega9e25bg939pfh4vjp3p,Andrew Robertson,CB,1023909891,1020577842,1020.577842,-3260,-0.325424,3,2026-09-19T11:30:00Z
player:c60m17adgxbewkrzizwtzd91w,Hugo Sotelo,CM,1309871971,1305541912,1305.541912,-3311,-0.330571,2,2026-09-13T14:15:00Z
player:c4bccspnyg73206u27nhiwu1g,Niccolò Fortini,CB,1041926870,1038429370,1038.42937,-3362,-0.335676,3,2026-09-19T13:00:00Z
player:acffs01m2p3b4uemzjrp51d9m,Christos Tzolis,CM,1168848047,1164917034,1164.917034,-3369,-0.336315,3,2026-09-19T14:00:00Z
player:1f37bo8dikes3350u2a0h9hm2,Marco Brescianini,CM,1030329715,1026789294,1026.789294,-3442,-0.34362,2,2026-09-11T18:45:00Z
player:8psio8fqce76uinoqpilzxsd1,Stefano Sabelli,CM,748860174,746280849,746.280849,-3450,-0.344433,1,2026-09-04T18:45:00Z
player:7usl4495egoptlrd762f0arbp,Ben Chilwell,CB,1052657591,1049001179,1049.001179,-3480,-0.347351,2,2026-09-12T14:00:00Z
player:d9sakxlp96siw0z1jltszdlgp,Youssef Maleh,CM,954909244,951555298,951.555298,-3519,-0.351232,3,2026-09-20T18:45:00Z
player:1dump3yzfngv69uva351fexw4,Rayan Fofana,AM_W,1017352843,1013738941,1013.738941,-3559,-0.355226,3,2026-09-19T18:45:00Z
player:1cc4xhk65qvo9h3t7glirqm8k,Santiago Hidalgo,AM_W,1044879819,1041138490,1041.13849,-3587,-0.358063,3,2026-09-19T18:45:00Z
player:66fshzi5f86wt1lwa4kdhiooa,Fran Pérez,CM,1014846572,1011188892,1011.188892,-3611,-0.360417,2,2026-09-15T17:00:00Z
player:60no437awq8i5th7nlffh3dn9,Jean-Victor Makengo,AM_W,1141891681,1137743036,1137.743036,-3640,-0.363313,3,2026-09-19T18:45:00Z
player:e4vr28e9cbq3q5nux1jlpuuei,Adam Hložek,CM,1317263061,1312468368,1312.468368,-3647,-0.363989,3,2026-09-20T17:30:00Z
player:5l6t8w3nupestrpow5xlldhey,Álvaro Mantilla,CB,998868227,995203909,995.203909,-3675,-0.366847,3,2026-09-19T16:30:00Z
player:2uz1cmslnjjzsgfcgji26kqg9,David Raum,CB,1107799094,1103715164,1103.715164,-3693,-0.368653,3,2026-09-20T13:30:00Z
player:7hukebiijqntuvetwzralzuju,Oliver Provstgaard,CB,1089411970,1085303194,1085.303194,-3779,-0.377155,3,2026-09-19T18:45:00Z
player:dt2c9yjedvsjli6lcv34amgb8,Bright Ede,CB,1009319093,1005497735,1005.497735,-3793,-0.378608,1,2026-09-20T16:30:00Z
player:b7bcouznm395r2z5g33ehiiac,Rafel Bauzà,CM,996169555,992348520,992.34852,-3843,-0.383573,1,2026-09-15T17:00:00Z
player:dlybxu0l5r7yi8i11myd7ldgq,Martin Adeline,CM,1016235548,1012264735,1012.264735,-3915,-0.390737,2,2026-09-19T13:30:00Z
player:7pi4j76iy3cfh0bfkxf9x8ell,David Neres,CM,1211029430,1206283421,1206.283421,-3927,-0.391899,2,2026-09-20T10:30:00Z
player:350ehsdbvwysbfxgeian91rf8,Ángel Pérez,CM,1028471498,1024391091,1024.391091,-3975,-0.396745,4,2026-09-19T14:15:00Z
player:8kb5h8df97ju107n9ibigo1cl,Alex Iwobi,DM,1680722022,1673996791,1673.996791,-4009,-0.400139,3,2026-09-20T15:30:00Z
player:et72bvivn2sh4gq9lb2fbsm50,Dro Fernández,CM,1041637155,1037463780,1037.46378,-4015,-0.400655,2,2026-09-13T18:45:00Z
player:2fsgc0b4mvwpenawmit0q0bmd,Mario Pašalić,CM,2162294669,2153583115,2153.583115,-4037,-0.402885,2,2026-09-12T18:45:00Z
player:arjwwth6yazptr851wu2u6e0a,Woo-Yeong Jeong,CM,1216813400,1211840541,1211.840541,-4095,-0.408679,3,2026-09-18T18:30:00Z
player:5lv11o8diz2g5sxqzwond4q38,Alessandro Romano,CM,1027532961,1023305476,1023.305476,-4123,-0.411421,3,2026-09-19T13:00:00Z
player:cfpaejad8i9p2r1fj0wx0g222,Malick Thiaw,CB,1523372789,1517070432,1517.070432,-4146,-0.413711,3,2026-09-19T14:00:00Z
player:4j3d7ujmhevsi0y3zvs34i13o,Giovanni Fabbian,CM,966483550,962442611,962.442611,-4190,-0.418107,3,2026-09-20T13:00:00Z
player:5ljs2bj3wwiurcyxiwka2i8d1,Christian Kabasele,CB,956863051,952832360,952.83236,-4221,-0.42124,3,2026-09-19T13:00:00Z
player:83jbypvdtua0f2a50we2ndz6y,Iron Gomis,CM,992217832,987988743,987.988743,-4271,-0.426226,3,2026-09-19T18:45:00Z
player:4x7o9h6ea8ldt9sxgz87vwycp,Daizen Maeda,AM_W,1056136861,1051620227,1051.620227,-4286,-0.427656,3,2026-09-19T14:00:00Z
player:1bnn3tokzwvl4vvw34yxsq9gq,Nicolás González,DM,1492798921,1486395216,1486.395216,-4299,-0.428973,5,2026-09-20T16:00:00Z
player:2r6hs8npijvt4wekd059t6tx,Denzel Dumfries,CM,833281244,829700652,829.700652,-4306,-0.429698,4,2026-09-20T14:15:00Z
player:3qcyotm0vljybir8poi67stsl,Yacouba Kone,CB,1019575675,1015137341,1015.137341,-4363,-0.435312,3,2026-09-19T18:45:00Z
player:ae9xt3rmdo278sevre9oagx78,Gabriel Moscardo,CM,1004118428,999617052,999.617052,-4493,-0.448291,3,2026-09-15T17:00:00Z
player:3ghychnf02zs5pmw2s0ds3p7u,José Salinas,CB,999309969,994668201,994.668201,-4656,-0.464497,4,2026-09-20T12:00:00Z
player:6egg2gwvxxqv2i9hrr0zg4yz8,Gvidas Gineitis,CM,1064288397,1059328053,1059.328053,-4672,-0.466071,2,2026-09-14T16:30:00Z
player:52bg33ueyjgfvlh0x4n4rks2c,Mamadou Coulibaly,CM,1116529792,1111167498,1111.167498,-4814,-0.480264,1,2026-09-04T19:05:00Z
player:836552oibqphv3wkfk7hv1i39,Malick Diouf,CB,1000000000,995184552,995.184552,-4827,-0.481545,2,2026-09-18T19:00:00Z
player:3isbv9egu9vzxnna4ix8gcudx,Benjamin Henrichs,CB,1239599968,1233604570,1233.60457,-4848,-0.483656,2,2026-09-20T13:30:00Z
player:dczrgxyolp7lcz413wkz7ap61,Reece James,CB,1784297820,1775666963,1775.666963,-4849,-0.483712,2,2026-09-12T14:00:00Z
player:7o11dzx2cccrslutrjl16ik89,Ritsu Doan,CM,1351062077,1344513334,1344.513334,-4859,-0.484711,3,2026-09-19T13:30:00Z
player:2o5wwfsh5xhyatdfelh9dzqax,Rasmus Nicolaisen,CB,1347309481,1340769049,1340.769049,-4866,-0.485444,1,2026-09-03T18:45:00Z
player:b4q9q0qgmtz959rygieg9ln1l,Romano Schmid,CM,1496599073,1489311247,1489.311247,-4881,-0.486959,3,2026-09-20T13:00:00Z
player:1leoymz0kfu4y17i1bqdn8zu2,Lucas Calodat,CB,998935350,994001912,994.001912,-4951,-0.49387,3,2026-09-19T18:45:00Z
player:atvrysizvvwtt7fytcuhyt49,Ryan Giles,CM,1003695194,998725565,998.725565,-4964,-0.495133,3,2026-09-19T14:00:00Z
player:5qgc6zjc38a5xjl35gs7h3vu1,Justin Kluivert,CM,1167777746,1161980659,1161.980659,-4977,-0.49642,2,2026-09-12T14:00:00Z
player:7at6knpizbafid4br861pi6zt,Yannik Keitel,CM,1016645016,1011595876,1011.595876,-4979,-0.496647,2,2026-09-19T13:30:00Z
player:cv1d56d42wujfuc4kt6bn53x0,Mathys Tel,AM_W,1237771787,1231603655,1231.603655,-4996,-0.498325,2,2026-09-12T16:30:00Z
player:4t4u4725escxjm2gwz5e7lpsl,Jonathan Gradit,CB,1671840305,1663379732,1663.379732,-5073,-0.506063,2,2026-09-18T18:45:00Z
player:befbveuodyomkhm9ed31kb4a2,Lautaro Valenti,CB,1015176002,1010012595,1010.012595,-5099,-0.508622,1,2026-09-06T13:00:00Z
player:7uf7y7xa6hy3gieetcte3td2i,Josh Doig,CB,745951289,742149582,742.149582,-5109,-0.509645,3,2026-09-18T18:45:00Z
player:89wbevcfzkyq9qepocguaef4k,Kaïl Boudache,CM,981215500,976211384,976.211384,-5113,-0.509992,3,2026-09-19T18:45:00Z
player:bqmhsb2bsuuuijw2ci39l01k9,Rodrigo Riquelme,CM,1151923207,1145879106,1145.879106,-5261,-0.524697,4,2026-09-20T16:30:00Z
player:3zkkrq8sph1lo23bt8d1nz10,Robin Risser,GK,889215390,884517381,884.517381,-5297,-0.528332,3,2026-09-18T18:45:00Z
player:9dnne0ny6o6d5c6w3ayoo4vvu,Naouirou Ahamada,DM,1029817560,1024352258,1024.352258,-5321,-0.530706,3,2026-09-20T13:00:00Z
player:8krgbfnydbtyongkwnsaj43kk,Jon Martín,CB,1200553034,1194095809,1194.095809,-5393,-0.537854,3,2026-09-20T19:00:00Z
player:1ttc96b92xjfx1ta3vdwya0dm,Abderrahman Rebbach,CM,1022333318,1016822774,1016.822774,-5405,-0.539016,4,2026-09-19T14:15:00Z
player:8oor1m6o9js5bby3qh5imf8d0,Joël Monteiro,AM_W,1011710033,1006252381,1006.252381,-5409,-0.539448,3,2026-09-20T18:45:00Z
player:a56woizbe4g6jpl3fg4tlgno5,Walter Benítez,GK,1196374817,1189907965,1189.907965,-5420,-0.540537,2,2026-09-20T13:00:00Z
player:3t1t8eohnzwyyav6zzcntaf9x,Francho Serrano,CM,993595330,988205912,988.205912,-5439,-0.542416,3,2026-09-20T12:00:00Z
player:9uthj64y9f77y63tq7did539x,Angeliño,CM,1100267142,1094266110,1094.26611,-5469,-0.545416,1,2026-09-16T17:00:00Z
player:bytrobr8rfp9zwbxzopr4vgno,Derry Scherhant,CM,1032330384,1026698018,1026.698018,-5471,-0.545597,3,2026-09-19T13:30:00Z
player:68fb1zzxa7931hulvp37dlwix,Sorba Thomas,CM,1021596909,1016020665,1016.020665,-5473,-0.545836,3,2026-09-19T14:00:00Z
player:7l1uizt2vz2a70aarov383xm1,Adama Camara,CB,1034733246,1028988449,1028.988449,-5567,-0.555196,3,2026-09-19T15:15:00Z
player:1lxfpn0wmr895me9xbzcfnh90,Alessandro Marcandalli,CB,887766741,882833328,882.833328,-5573,-0.555711,3,2026-09-20T13:00:00Z
player:5a9y4yka5m1ft3f4e16f3ycfe,Philipp Treu,CB,908207397,903136586,903.136586,-5599,-0.558332,3,2026-09-19T13:30:00Z
player:8y3eslj8a5bm2rj0aoaluf7kk,Mouhamed Diop,CM,996268896,990677079,990.677079,-5629,-0.561276,3,2026-09-19T18:45:00Z
player:ci1nu5z8aiiikco8af0zk1lud,Robin Zentner,GK,568206925,565004647,565.004647,-5652,-0.563576,1,2026-09-12T13:30:00Z
player:9xhbpn45z9wvjidbmparzkdm1,Dani Cárdenas,GK,1019348102,1013590672,1013.590672,-5664,-0.564815,1,2026-09-05T16:30:00Z
player:93zh5umkoqryjwxib3drnams5,José Ángel,FB_WB,1000000000,994309624,994.309624,-5707,-0.569038,1,2026-09-18T19:00:00Z
player:jyh107tl6vv8bd1pgautj46h,Michał Skóras,CM,1062099126,1055993213,1055.993213,-5765,-0.574891,3,2026-09-18T18:45:00Z
player:25q6hbx0o1l23zizt87bpamms,Bil Nsongo,AM_W,995776179,989992599,989.992599,-5825,-0.580811,4,2026-09-20T16:30:00Z
player:bamobogg0wjnxd43nxunt3h4a,Warmed Omari,CB,1351310687,1343457899,1343.457899,-5828,-0.581124,2,2026-09-19T13:30:00Z
player:9ysvzu336d2ahptkv7eoscl7u,Ian Maatsen,CB,1092026124,1085631610,1085.63161,-5873,-0.585564,2,2026-09-12T14:00:00Z
player:64vve6gzn5mwodos6ynufwa5m,Aljoscha Kemlein,DM,1038374377,1032246289,1032.246289,-5919,-0.590162,3,2026-09-18T18:30:00Z
player:a0810cmxke3zmwaqj31bo15hw,Nacho Pérez,CB,1004159382,998209356,998.209356,-5943,-0.592538,2,2026-09-13T14:15:00Z
player:1h3mduwlaf89ebwtqxuegsodm,Kevin Schade,AM_W,1142684088,1135746489,1135.746489,-6090,-0.607132,3,2026-09-18T19:00:00Z
player:21bdtv9f28xkfmo2dy3uk7bah,Pontus Almqvist,CM,1042056401,1035639831,1035.639831,-6177,-0.61576,3,2026-09-20T13:00:00Z
player:aaaskdins76bd0368sbpt7wq2,Castello Lukeba,CB,2485741474,2470361940,2470.36194,-6206,-0.61871,1,2026-09-13T13:30:00Z
player:e6yimxqgm9yn77wiukcyfrzrp,Foe Ondoa,GK,913384336,907696669,907.696669,-6246,-0.622702,1,2026-09-18T18:45:00Z
player:3bhy6x04rbwzk0nh1fm59dmnd,Frank Anguissa,CM,2095248857,2082183371,2082.183371,-6255,-0.623577,2,2026-09-20T10:30:00Z
player:bce703taa20nxg814t2giuei,Tyrhys Dolan,AM_W,1020206119,1013829142,1013.829142,-6270,-0.625068,3,2026-09-18T19:00:00Z
player:c33x61zuxixolkkalsigc3q0a,Destiny Udogie,CB,1228077450,1220382099,1220.382099,-6286,-0.626618,1,2026-09-05T14:00:00Z
player:95qrrtlyz4ikkzjbgy6exbnit,Hassane Kamara,CM,1239746248,1231934975,1231.934975,-6321,-0.63007,3,2026-09-19T13:00:00Z
player:1ljgis575ujto4361ed15w0r9,Moritz Nicolas,GK,1474185780,1464793217,1464.793217,-6392,-0.637136,3,2026-09-19T13:30:00Z
player:2yt9oajv9dkbju8tgy1g2nmqd,Jan Oblak,GK,804243434,799072315,799.072315,-6451,-0.642979,4,2026-09-20T14:15:00Z
player:duuan2ogcypv8ftmnypoed3sa,Rassoul Ndiaye,DM,1041287045,1034573055,1034.573055,-6469,-0.644778,2,2026-09-19T18:45:00Z
player:4y1je8y7jioje2r96vf8zutxw,Junior Mwanga,CB,1034864410,1028185658,1028.185658,-6475,-0.645375,2,2026-09-19T18:45:00Z
player:5d9i8ubibyiecxecr9jjvxexh,Giovanni Di Lorenzo,CB,797358426,792196670,792.19667,-6495,-0.647357,3,2026-09-20T10:30:00Z
player:a536nk8ps5vrgextz3k3hcl0q,Amar Dedić,CB,1039414757,1032685287,1032.685287,-6495,-0.647429,2,2026-09-14T19:00:00Z
player:d84upyw8b3umj864lyffolyj8,Harrison Armstrong,CM,1014706441,1008049244,1008.049244,-6582,-0.656071,3,2026-09-19T14:00:00Z
player:2zvbw080n4yro1phgv39ri3qi,Théo Le Bris,CM,981350128,974908422,974.908422,-6586,-0.656413,3,2026-09-19T18:45:00Z
player:b5ovydnz8s9gf0nkwofutr7ys,Lukas Ullrich,CB,844171981,838601252,838.601252,-6621,-0.659905,2,2026-09-19T13:30:00Z
player:db59xs6wi27mder57ocnlidjo,Rayan,AM_W,1047871090,1040886196,1040.886196,-6688,-0.66658,3,2026-09-20T13:00:00Z
player:8rrcscn29rs1gk8mi1pwpu92i,Brenden Aaronson,CM,1170424394,1162584412,1162.584412,-6721,-0.669841,3,2026-09-20T13:00:00Z
player:43eq31reskwn9veb3vickralm,Joseph Scally,CB,661625866,657184525,657.184525,-6735,-0.671277,3,2026-09-19T13:30:00Z
player:8k5c8po5gx3vnxx36viq08xqt,Nico Elvedi,CB,2113127342,2098898627,2098.898627,-6756,-0.673349,3,2026-09-20T13:00:00Z
player:5gyx7sfml246um8pft2afpsa2,Arnau Ortiz,CM,990597020,983878260,983.87826,-6806,-0.678254,3,2026-09-16T17:00:00Z
player:7u9bpiajlgr3zibj89pub7wbu,Mikael Egill Ellertsson,AM_W,833188313,827504276,827.504276,-6845,-0.682203,3,2026-09-20T13:00:00Z
player:oivi495h0xuu6sw8i1ra6dpl,Robin Fellhauer,CM,974560708,967906868,967.906868,-6851,-0.682753,3,2026-09-19T13:30:00Z
player:42m78ny1ggvmzmjtka7exyzqi,Nadir Zortea,FB_WB,758760787,753577102,753.577102,-6855,-0.683178,1,2026-09-19T13:00:00Z
player:dfjph36vcwfj5cevut4x3vf11,Johan Mojica,CB,960002718,953375469,953.375469,-6927,-0.690336,4,2026-09-20T12:00:00Z
player:5zoz3mjooujpv0wdcphyrztd6,Álex Baena,CM,1481122227,1470881354,1470.881354,-6938,-0.691427,4,2026-09-20T14:15:00Z
player:4ax49niuix9tiqdv05y3vbdn9,Ricardo Mangas,CM,919036504,912618119,912.618119,-7008,-0.698382,3,2026-09-18T18:45:00Z
player:cjliznudpjjraqhj47l40wil0,Antonio Vergara,CM,1054571001,1047164801,1047.164801,-7048,-0.702295,2,2026-09-13T16:00:00Z
player:ek4oa7zejocbbgu1l2vdebitw,Josh Acheampong,FB_WB,1117123721,1109218851,1109.218851,-7101,-0.707609,2,2026-09-18T19:00:00Z
player:476nfumr6aadvufrqk72tq5be,Luca Ranieri,CB,919433671,912915265,912.915265,-7115,-0.708959,2,2026-09-20T10:30:00Z
player:2we9yak4ipkr1ljigj20puv6y,Giovanni Reyna,CM,1171164466,1162836712,1162.836712,-7136,-0.711066,3,2026-09-19T15:15:00Z
player:5irixhhyayq9yl7sb2kohjrv9,Marius Wolf,CM,909766859,903238465,903.238465,-7202,-0.71759,3,2026-09-19T13:30:00Z
player:6zc6cs596hufgbhu6jv3g2o2y,Lukás Hornícek,GK,1030797190,1023375835,1023.375835,-7226,-0.719963,3,2026-09-19T14:00:00Z
player:375gnysvjk9bvq02ex1lkmynd,Albert Sambi Lokonga,CM,1316667148,1307082199,1307.082199,-7306,-0.727971,2,2026-09-19T13:30:00Z
player:59234as8h70fejyfm7492np3p,Axel Witsel,DM,1813375487,1800149728,1800.149728,-7320,-0.729345,3,2026-09-20T15:15:00Z
player:a8pgjuz5yrbxyf1t905gj327d,Mousa Tamari,CM,1071054500,1062935399,1062.935399,-7609,-0.758047,3,2026-09-19T18:45:00Z
player:77yaqzy45dxtzicao00jxrlgq,Pedro Porro,CB,1147230752,1138520734,1138.520734,-7621,-0.759221,2,2026-09-19T11:30:00Z
player:5eibxcpkkytuil2h3zfh1amms,Mezian Mesloub Soares,CM,1001706185,994093172,994.093172,-7629,-0.760005,2,2026-09-18T18:45:00Z
player:ds1wjqejslhsbcvzaufxubey2,Mads Bidstrup,DM,1026992330,1019184249,1019.184249,-7632,-0.760286,3,2026-09-19T18:45:00Z
player:70tsvrcmklvp4ecdhxlugf8ix,Ko Itakura,CB,1300375232,1290394379,1290.394379,-7705,-0.767536,3,2026-09-19T13:30:00Z
player:6aix9yu384pv1caanqiol231l,Pablo Fornals,DM,2126516241,2110124058,2110.124058,-7738,-0.770847,3,2026-09-20T16:30:00Z
player:95uxoznu15m2xywirv43rcmol,Orel Mangala,CM,1048353180,1040104205,1040.104205,-7900,-0.786851,4,2026-09-20T12:00:00Z
player:acx78ftnm61hm01wpmme77hbe,Tajon Buchanan,CM,921338645,914019997,914.019997,-7975,-0.794349,4,2026-09-20T16:30:00Z
player:22dchchxwrsty67ultrs61qz9,Pablo Maffeo,CB,924789496,917288201,917.288201,-8144,-0.811135,4,2026-09-20T19:00:00Z
player:1sq7k81crma1kde80f06fufhl,Giorgi Tsitaishvili,AM_W,1021981098,1013678466,1013.678466,-8157,-0.812406,4,2026-09-19T12:00:00Z
player:91n9wzn3qq2789zq8vdmfrd62,Jonas Urbig,GK,1039280865,1030673173,1030.673173,-8317,-0.828235,1,2026-09-13T15:30:00Z
player:37d7oej48pb143o5eilue1hhx,Jacob Murphy,CM,1296839043,1285926795,1285.926795,-8450,-0.84145,3,2026-09-19T14:00:00Z
player:9hg51o20uf6u2bjgshjax9soa,Elliot Stroud,CM,989984393,981461124,981.461124,-8647,-0.86095,2,2026-09-12T14:00:00Z
player:el58uxf7oaqu95yx1vbgmr7it,Mile Svilar,GK,1889279916,1872766506,1872.766506,-8779,-0.874058,3,2026-09-19T16:00:00Z
player:4jjk6jqgz3w4uvm3bvhl9t016,Juan Cruz,CM,1041666850,1032543945,1032.543945,-8797,-0.875799,4,2026-09-20T12:00:00Z
player:38dhmhce7deuqgqmc3p7nhai2,Andrei Rațiu,CB,1028914472,1019877790,1019.87779,-8822,-0.878273,4,2026-09-19T12:00:00Z
player:9olzf630oclv41h41p5iunm6s,Sascha Britschgi,CM,903793142,895847241,895.847241,-8831,-0.879173,3,2026-09-20T13:00:00Z
player:4ezld812zytvbokz97jwycgkp,Kevin Danso,CB,1827953431,1811872184,1811.872184,-8836,-0.879741,3,2026-09-20T13:00:00Z
player:6lnttemmflhxp700fr069ty0a,Jon Olasagasti,DM,1071671354,1062212479,1062.212479,-8865,-0.882628,3,2026-09-20T16:30:00Z
player:ddvvwqxpsqqboupi3gx1ijhed,Iñaki Williams,AM_W,1707544518,1692345878,1692.345878,-8941,-0.890087,3,2026-09-19T14:15:00Z
player:9t2dfjl5agcsblpq8dpqojofe,Lamine Sy,CB,966060196,957377072,957.377072,-9029,-0.898818,3,2026-09-20T13:00:00Z
player:54foi544tygbd4sfx62t7wno,Álex Valle,CB,940870259,932244728,932.244728,-9210,-0.916761,2,2026-09-20T13:00:00Z
player:94md3wf5xab5mnj5niiwq33zd,Filip Ugrinic,CM,1168661474,1157924289,1157.924289,-9230,-0.918759,4,2026-09-20T19:00:00Z
player:471t4engadct4su6thk5r5qtw,Michael Kayode,CB,902930715,894634580,894.63458,-9230,-0.918801,3,2026-09-18T19:00:00Z
player:59knsm910b1ruk024rkksla3u,Logan Costa,CB,1132038509,1121254745,1121.254745,-9572,-0.952597,1,2026-09-05T19:00:00Z
player:9cv979t3dmbwoy586m01xdvkk,Luca Lipani,CM,1062769935,1052582715,1052.582715,-9632,-0.958554,3,2026-09-18T18:45:00Z
player:7gdfooe2sa90g72nddjazusd0,Alessio Cacciamani,CM,999019073,989329214,989.329214,-9747,-0.969937,3,2026-09-19T13:00:00Z
player:bkonv3y0vn24mpn6j8abjtux,Dejan Ljubičić,CM,1052127514,1041851031,1041.851031,-9815,-0.976734,2,2026-09-11T18:30:00Z
player:ex10o77wnk1exp9tj1t1rqj56,Dan Ndoye,AM_W,1217347546,1205063322,1205.063322,-10142,-1.009098,3,2026-09-19T16:30:00Z
player:cr4e64yry1ttwcjxh2klb4ui2,Nathaniel Brown,CB,1042543824,1031843446,1031.843446,-10317,-1.026372,3,2026-09-18T18:30:00Z
player:1vr896w03yky9kmu8x5tjkicp,Achraf Hakimi,CB,1635210256,1618211261,1618.211261,-10450,-1.03956,2,2026-09-13T18:45:00Z
player:6ofu6yc2qwp5ii9cerdq1tk9h,Wojciech Szczęsny,GK,1019606734,1008973602,1008.973602,-10483,-1.042866,1,2026-09-16T19:30:00Z
player:dgysidzshgxqm3jegaihwi5wq,Tom Krauß,DM,1233967590,1220924827,1220.924827,-10626,-1.056978,3,2026-09-19T13:30:00Z
player:drmudc3n93faawruj8ct3bwmh,Matvey Safonov,GK,886547976,877117422,877.117422,-10694,-1.063739,3,2026-09-20T18:45:00Z
player:9offctffrvq9n7kcoyya675cl,Matt Grimes,CM,1031554325,1020482933,1020.482933,-10791,-1.073273,3,2026-09-19T16:30:00Z
player:33r4ae8aivh27ho0ix9mnkedx,Pedro Bigas,CB,1202982873,1189804881,1189.804881,-11015,-1.095443,2,2026-09-18T19:00:00Z
player:3v4tbmgdwxn6h8h9grse37lzo,Djibril Coulibaly,CM,998421206,987223831,987.223831,-11278,-1.121508,3,2026-09-20T15:15:00Z
player:j0b21u0klyu8taaxmooycdpm,Tyler Morton,DM,1164194191,1151104476,1151.104476,-11307,-1.124358,3,2026-09-19T18:45:00Z
player:dy4p5raczhbmglfsu8n4xcdwq,Santiago Pierotti,AM_W,1091735067,1079260032,1079.260032,-11493,-1.14268,3,2026-09-20T18:45:00Z
player:2nq5nzq35tfwc7po29dtwqp78,Arnau Martínez,CB,1274907318,1260124239,1260.124239,-11663,-1.159541,3,2026-09-15T18:00:00Z
player:bepgomq3u5u8e6d4qrsj0frh1,Riki Rodríguez,CM,998960558,987290121,987.290121,-11751,-1.168258,3,2026-09-20T16:30:00Z
player:dwumn5qew7ae53givnx2p892h,Jayden Bogle,CM,860600229,850496224,850.496224,-11810,-1.174065,3,2026-09-20T13:00:00Z
player:7nfr8xuo637qma7ovxx4r9fmy,Jay Idzes,CB,1032194734,1020036535,1020.036535,-11849,-1.177898,2,2026-09-13T18:45:00Z
player:5j6v5fqvmhuwq5u8mamm2sv10,Dani Requena,CM,999923003,988025164,988.025164,-11970,-1.189876,3,2026-09-20T16:30:00Z
player:azt1lhru9cgyb64h4h4fffrx0,Myles Lewis-Skelly,DM,930241595,919075315,919.075315,-12076,-1.200363,2,2026-09-12T19:00:00Z
player:2vgr8c97x4b2e51tyvvixusid,Matz Sels,GK,452728773,447235455,447.235455,-12208,-1.213379,3,2026-09-19T16:30:00Z
player:d9bg5jjv8pz0f8u55x3hg0962,Emanuele Valeri,CM,708935960,700179700,700.1797,-12428,-1.235127,3,2026-09-20T13:00:00Z
player:cr4c6htcw2jewsvboj6s8p045,Ryan Christie,DM,1311260034,1295057748,1295.057748,-12433,-1.235627,3,2026-09-20T13:00:00Z
player:5qc2hwkixcdpfbq6qmfpxvey2,Antonín Kinský,GK,937943567,926235712,926.235712,-12561,-1.248247,3,2026-09-19T11:30:00Z
player:a3ms8havadt1y9x381l325txx,Victor Nilsson Lindelöf,CB,1301781848,1285472934,1285.472934,-12607,-1.252815,3,2026-09-19T11:30:00Z
player:c6zhg955v927x9vo39e8vunoq,Arouna Sangante,CB,1145273081,1130888382,1130.888382,-12640,-1.256006,2,2026-09-19T19:00:00Z
player:e00004wkpfc8jawioejmpu1n9,David de Gea,GK,800469125,790384247,790.384247,-12679,-1.259871,3,2026-09-20T10:30:00Z
player:2hlrcg7bdv16hdpq9y7h769k9,Joaquín Muñoz,CM,985228514,972784222,972.784222,-12711,-1.263087,4,2026-09-20T12:00:00Z
player:8nbnru9t2qxaotxw0hiaocdt5,Víctor Chust,CB,1189285633,1174182210,1174.18221,-12781,-1.269958,4,2026-09-18T19:00:00Z
player:4905drgcc9husos98ppdup4gl,Christian Walton,GK,970948355,958473127,958.473127,-12932,-1.28485,1,2026-09-19T14:00:00Z
player:9tw6rz3lfmn06fzsabtx9ei95,Nahuel Tenaglia,CB,1090415538,1076359835,1076.359835,-12974,-1.289023,4,2026-09-19T14:15:00Z
player:ekl9e2t93vow1buusgdcs3giy,Aurèle Amenda,CB,1123655007,1109107569,1109.107569,-13031,-1.294653,2,2026-09-13T13:00:00Z
player:52t6t7cdsr0fjs9ukmwo9y7rp,Christopher Trimmel,CB,1097703203,1083418846,1083.418846,-13098,-1.301295,2,2026-09-18T18:30:00Z
player:5vvhwzxwq395q3welimok3uqy,Yassin Belkhdim,CM,1036276892,1022713496,1022.713496,-13175,-1.308858,3,2026-09-19T18:45:00Z
player:xrh2szvp5808no7zm1et2zf9,Hamari Traoré,CB,1212284309,1195545344,1195.545344,-13904,-1.380779,3,2026-09-19T15:15:00Z
player:dwnd8j9ok6ncbp69gmchw953o,Noah Sadiki,DM,1008791700,994590802,994.590802,-14177,-1.407714,3,2026-09-20T13:00:00Z
player:4qejyummzkrfllds8ord642qx,Davide Frattesi,CM,1009221406,994719838,994.719838,-14473,-1.436907,3,2026-09-19T18:45:00Z
player:1t7nph4960rjzu7rgi47sf8ix,Jens Odgaard,CM,1158239136,1141472699,1141.472699,-14582,-1.44758,3,2026-09-19T13:00:00Z
player:34b0oqo4725okjxxngin9piw9,Frank Onyeka,CM,1054915334,1039579672,1039.579672,-14644,-1.453734,3,2026-09-19T16:30:00Z
player:3r1zsjvt43kg7aoudhh7o3rl6,Niels Nkounkou,CM,1101849356,1085741349,1085.741349,-14727,-1.461906,3,2026-09-20T15:15:00Z
player:3jruai7zu28e8f0ooj4t16l05,Luka Lochoshvili,CB,984885931,970158268,970.158268,-15067,-1.495367,3,2026-09-19T13:30:00Z
player:4skrm2y64va3y5jk70gz4ylpm,Josip Stanišić,CB,1500750871,1478283813,1478.283813,-15084,-1.497054,2,2026-09-18T18:30:00Z
player:1riebanoqbl7brs1bm3lkgxlg,Mario Martín,CM,990821449,975726117,975.726117,-15352,-1.523517,3,2026-09-17T17:00:00Z
player:bpfg11qh1q0zj2x6sqd3srvmx,Michel Aebischer,CM,1333264141,1312648644,1312.648644,-15583,-1.546243,3,2026-09-18T18:30:00Z
player:7xc0qldxpidl07vij2wgu1sk5,Kevin Diks,CB,1275137506,1255301968,1255.301968,-15678,-1.555561,3,2026-09-19T13:30:00Z
player:2t5s4f41jefzuzth0bhcixtcl,Rúben Dias,CB,2091453864,2058915658,2058.915658,-15680,-1.55577,3,2026-09-20T13:00:00Z
player:bpwjiomcefvhknhvx6k8tufbo,Bane Diatta,CM,1000022728,983991764,983.991764,-16160,-1.60306,2,2026-09-12T18:45:00Z
player:amjegysk3et638l4od103c7o5,Sergio Herrera,GK,1326945644,1305278996,1305.278996,-16463,-1.632821,2,2026-09-12T14:15:00Z
player:5bnq6c53ofgo9msqn3vlobpm2,Arijon Ibrahimović,CM,1136320035,1117731678,1117.731678,-16494,-1.635838,2,2026-09-12T13:30:00Z
player:1vv29mash2uijx542ssjk666t,Rani Khedira,DM,858208346,843792047,843.792047,-16941,-1.679813,3,2026-09-18T18:30:00Z
player:36ylt0kjn7t0vajmelu4mbazu,Abdallah Sima,CM,1164814738,1145039408,1145.039408,-17123,-1.697723,3,2026-09-18T18:45:00Z
player:eja2nphte2kxb19bz108zk7is,Michel Diaz,CB,1036946586,1019307490,1019.30749,-17157,-1.701061,3,2026-09-19T18:45:00Z
player:3f3jcsa7gk6in9fskp9w5a5t5,Diogo Dalot,CB,1649408389,1621078068,1621.078068,-17325,-1.717605,3,2026-09-20T15:30:00Z
player:8b60vtt1stnmt2uoj0f4lh49h,Daniel Heuer Fernandes,GK,1128590138,1107869673,1107.869673,-18530,-1.83596,3,2026-09-19T13:30:00Z
player:3imcuejzt9r6zvvv1xbn5jbl6,Jérémy Le Douaron,CM,1038430042,1019084081,1019.084081,-18806,-1.863001,3,2026-09-19T18:45:00Z
player:cxs294yvxtp9qxbgosgdb7ris,Zakaria El Ouahdi,CB,1071894882,1051619247,1051.619247,-19097,-1.891569,3,2026-09-19T13:30:00Z
player:bvs3rixmobb9gje6kfvhgb52i,Abel Bretones,CB,959928704,941769283,941.769283,-19099,-1.891747,4,2026-09-19T12:00:00Z
player:ak6mqx5tyz1duwg1u3v4fwfmc,George Hemmings,DM,988520615,969529350,969.52935,-19399,-1.92118,3,2026-09-19T11:30:00Z
player:cl6720rdjeubt0bc3su0qg3qh,Julian Ryerson,CM,1080631267,1059423355,1059.423355,-19821,-1.962548,3,2026-09-19T16:30:00Z
player:80bmtj7l07ohb2h475w955n9,Adam Smith,CB,633817524,621332840,621.33284,-19894,-1.96976,3,2026-09-20T13:00:00Z
player:dwvghrdrnqqmfiwwicm5lrskq,Roger Brugué,CM,971041421,951720384,951.720384,-20098,-1.989723,3,2026-09-20T16:30:00Z
player:7j36oy8n0tu8ps0haqb4es48a,Keane Lewis-Potter,CB,869191199,851665467,851.665467,-20369,-2.016326,3,2026-09-18T19:00:00Z
player:630sqbiu7utmkg8yw0h4ky8a2,Eren Dinkçi,CM,1087375279,1065088443,1065.088443,-20709,-2.049599,3,2026-09-19T13:30:00Z
player:31bs2qi2aa9in77z0iftbkk8a,David Møller Wolfe,CM,881235830,863051520,863.05152,-20851,-2.063501,3,2026-09-19T13:30:00Z
player:5mjnwh7z3nk3g8kipl6a69ses,Jay Robinson,CM,995331462,974070655,974.070655,-21592,-2.136053,3,2026-09-18T18:45:00Z
player:609aarpl34780k5mkkwluvjf8,Iñigo Arguibide,FB_WB,996440565,975143470,975.14347,-21605,-2.137317,4,2026-09-19T12:00:00Z
player:3rzjr8wdopfb1xj0d7sq0vrpw,Gabin Bernardeau,CM,1000656692,979256820,979.25682,-21618,-2.138583,3,2026-09-19T18:45:00Z
player:c4hif6j7tldh0w7oeq8v9pcve,Jarell Quansah,CB,1299617597,1271371688,1271.371688,-21974,-2.173402,3,2026-09-20T13:30:00Z
player:6710kg06aejtq0tq9a7303z6x,Demba Thiam,GK,992628101,971024572,971.024572,-22004,-2.176397,2,2026-09-13T13:00:00Z
player:3mgjcyaseuexxlssgatjgsand,Neco Williams,CB,1096198814,1072320737,1072.320737,-22023,-2.178262,3,2026-09-19T16:30:00Z
player:amc2rculxvgo2wanilkna8s2c,Richie Sagrado,CB,996570539,974469149,974.469149,-22427,-2.217745,3,2026-09-19T18:45:00Z
player:1lbbxbar7u6t3rl463zd7jp49,Ferdi Kadıoğlu,CB,981222964,959226640,959.22664,-22672,-2.241725,3,2026-09-19T14:00:00Z
player:6ddxujeb3873j5evwiz8n4wt0,Luíz Júnior,GK,1013248274,990271027,990.271027,-22938,-2.267682,1,2026-09-05T19:00:00Z
player:dhs8pujk55ewcis7y5alchu22,Riccardo Calafiori,CB,1344228270,1313646353,1313.646353,-23013,-2.275054,3,2026-09-19T14:00:00Z
player:31j3z9eqoxl2qlgncgdiz1zpw,Elias Jelert,CB,958628678,936391816,936.391816,-23470,-2.319653,3,2026-09-19T18:45:00Z
player:6vvwhgic29fekmmj2cg62ytp1,Nemanja Gudelj,CB,1385429697,1352265399,1352.265399,-24229,-2.393791,4,2026-09-20T12:00:00Z
player:a9352zsh3xr7rcxs0jmho7o8a,Leif Davis,CB,853823151,832530794,832.530794,-25254,-2.493767,3,2026-09-19T14:00:00Z
player:h12c7ocq35slzrop3ltnrsnp,Guglielmo Vicario,GK,1588776499,1548373349,1548.373349,-25759,-2.543035,3,2026-09-20T16:00:00Z
player:bb6glt8n0ar47cmhmj6gnfiz9,Thomas Meunier,CB,1137132806,1106301833,1106.301833,-27487,-2.71129,3,2026-09-20T13:00:00Z
player:8xdrtww8r5jbxuxtall0wh591,Gauthier Gallon,GK,1185089144,1149865360,1149.86536,-30173,-2.972248,3,2026-09-19T18:45:00Z
player:7obuhegyo1qcoikt23egcsr85,Kevin Trapp,GK,574241577,557103229,557.103229,-30300,-2.984519,3,2026-09-19T15:15:00Z
player:6h0fuh0aamz86pf25qebm0fvu,Robin Roefs,GK,1005134932,968943701,968.943701,-36671,-3.600634,3,2026-09-20T13:00:00Z
player:bcfzovs0pj9urgv9r0ykjnlrd,Djordje Petrović,GK,1280415059,1220299433,1220.299433,-48088,-4.695011,3,2026-09-20T13:00:00Z
