entity_id,display_name,role,batch_previous_reference_micros,reference_micros,reference,batch_change_log_return_ppm,batch_change_pct,batch_matches_applied,effective_at
player:4vlurpsi44g09g159t61u83bp,Unai Simón,GK,837458595,863332989,863.332989,30429,3.089633,1,2026-08-27T19:00:00Z
player:c7i0lduij4vsnluxisdnaxsk5,Antonio Sivera,GK,520299498,534287351,534.287351,26529,2.688423,1,2026-08-28T19:30:00Z
player:39a3ez9nwq3q2gysqilq9d9ii,João Bravim,GK,1000000000,1026032562,1026.032562,25699,2.603256,1,2026-08-27T16:00:00Z
player:bahph7009sc73jl6s2bramn6d,Marko Dmitrovic,GK,904007858,927473874,927.473874,25627,2.595776,1,2026-08-29T17:00:00Z
player:eiqcjlj9kmitoj8g50vaglawa,Filip Jörgensen,GK,1610225936,1649708425,1649.708425,24224,2.451984,1,2026-08-29T15:15:00Z
player:4mxx1oxkiexm0ha34utcmb17t,Iñaki Peña,GK,1329972149,1361932993,1361.932993,23747,2.403121,1,2026-08-27T17:00:00Z
player:2ppwybmbi0yf2xmkrxbabexn9,David von Ballmoos,GK,942218974,964556693,964.556693,23431,2.370757,1,2026-08-27T16:00:00Z
player:cu3a4pb4a9g6d0qir3oakd46i,Marco Kana,CM,1000711252,1024012452,1024.012452,23018,2.328464,1,2026-08-27T18:30:00Z
player:7mg9ycwc9ay4fdedl0dpp5nca,Flávio Nazinho,CM,1010399197,1033793591,1033.793591,22890,2.315361,1,2026-08-27T16:45:00Z
player:2igz499o21aihmkugktp3nyms,Malick Fofana,AM_W,1182792236,1208819865,1208.819865,21767,2.200524,2,2026-08-29T18:45:00Z
player:cionsifzpx5rhc8es29wv6i95,Vítinha,CM,3909472439,3994621558,3994.621558,21546,2.178021,1,2026-08-28T19:00:00Z
player:11opu790oivpq9iauocjs4fs9,Anthony Racioppi,GK,1043651460,1065599877,1065.599877,20812,2.103041,1,2026-08-27T18:00:00Z
player:ahz2npxe4geixkaz25f2pc82d,Manuel Locatelli,CM,2834429429,2893706770,2893.70677,20698,2.091332,1,2026-08-29T18:45:00Z
player:9e7ybe0nsu3byq2tteey3zuy2,Pablo Barrios,CM,1628715283,1662556280,1662.55628,20565,2.077772,1,2026-08-29T19:30:00Z
player:cg0yobsmbeqqdzpiynwt6m0ic,Jérémy Jacquet,CB,1125299121,1148367793,1148.367793,20293,2.050004,1,2026-08-29T11:30:00Z
player:6vjoq2kgaq2igxoh8cvq0ieax,Cristian Cásseres,CM,1355100205,1382606411,1382.606411,20095,2.029828,1,2026-08-29T18:45:00Z
player:5ir834cntiq4qhlw8dqi6rowl,Vladimír Darida,CM,1060644771,1081459871,1081.459871,19435,1.962495,1,2026-08-27T17:00:00Z
player:5e9ilgrz3tzg9kd1gk3yvrahh,Kylian Mbappé,FW,5625926899,5735501610,5735.50161,19289,1.947674,1,2026-08-26T19:00:00Z
player:evpjdko94awbqbbl5wl9hto7p,Marc Bartra,CB,1505670708,1534963818,1534.963818,19268,1.945519,1,2026-08-29T15:00:00Z
player:9kxuwgequrilkom3ru6sdxall,Josip Juranovic,FB_WB,1040351882,1060580660,1060.58066,19258,1.944417,1,2026-08-29T13:30:00Z
player:d89e52u9ocshqj57lm8k9r40k,Igor Miladinovic,CM,1002484718,1021401057,1021.401057,18694,1.886945,1,2026-08-27T19:00:00Z
player:87cds2pw8n5bacxfbits3kk5w,Romeo Amané,CM,1188755079,1211177444,1211.177444,18686,1.886206,1,2026-08-26T16:45:00Z
player:82tyg0nqfcncdgw3g474a37fu,Alex Paulsen,GK,1023922879,1042930738,1042.930738,18394,1.856376,1,2026-08-27T16:45:00Z
player:811jhcg73gxcrkuq7pkkn4dlh,Samuel Sahin-Radlinger,GK,1008883407,1027391116,1027.391116,18179,1.834475,1,2026-08-27T18:30:00Z
player:d1ze9efbuztkd5rdk7kzxf1zp,Lukas Görtler,AM_W,1094253891,1114199310,1114.19931,18063,1.822741,1,2026-08-27T18:00:00Z
player:52bg33ueyjgfvlh0x4n4rks2c,Mamadou Coulibaly,CM,1099989421,1119826074,1119.826074,17873,1.803349,1,2026-08-27T16:45:00Z
player:9offctffrvq9n7kcoyya675cl,Matt Grimes,CM,1013402377,1031554325,1031.554325,17753,1.791189,1,2026-08-29T14:00:00Z
player:w503zyr8ipyobglth281uklx,Alex Remiro,GK,1533939765,1561244309,1561.244309,17644,1.780027,2,2026-08-29T17:00:00Z
player:dpcjb50fsv7snckiq51bxnaax,Ángelo Martino,FB_WB,1000000000,1017546321,1017.546321,17394,1.754632,1,2026-08-27T18:00:00Z
player:92wxhgs6ts4tl5bv3heso90fe,Leopold Querfeld,CB,1026954884,1044953015,1044.953015,17374,1.752573,1,2026-08-29T13:30:00Z
player:49qtvqh1a3gvmf5syjg0ocjkk,Samson Nwulu,CM,1001279757,1018723886,1018.723886,17272,1.742183,1,2026-08-27T19:00:00Z
player:exzca2akgjl00jfd2hzh33h7t,Elliot Anderson,CM,1628801351,1657078915,1657.078915,17212,1.736097,1,2026-08-28T19:00:00Z
player:ama1ibpjcfu206icrfmkgfavp,Patrik Hrosovsky,CM,1091836344,1110786755,1110.786755,17208,1.735646,1,2026-08-27T17:00:00Z
player:b20k1z0y9wsbzwjjnpryy3r4k,Rafa Silva,FW,1000000000,1017343984,1017.343984,17195,1.734398,2,2026-08-27T18:00:00Z
player:2rio84cmao72sc7lnsodwzzhm,Mohamed Aly Camara,CM,1293426628,1315742869,1315.742869,17106,1.725358,1,2026-08-27T16:00:00Z
player:8i46yzejeiwdmz0tywmy42o2y,Lewis Hall,CM,1191595659,1212095763,1212.095763,17058,1.720391,1,2026-08-29T16:30:00Z
player:5ir1co1upsbvucs2if8j2mrx1,Ádám Nagy,CM,1004776391,1022046720,1022.04672,17042,1.718823,1,2026-08-27T18:30:00Z
player:7udphhcokm6vralyz5gkovxsl,Mathew Ryan,GK,1243930464,1265302022,1265.302022,17035,1.718067,1,2026-08-29T15:00:00Z
player:bcfzovs0pj9urgv9r0ykjnlrd,Djordje Petrovic,GK,1258914503,1280415059,1280.415059,16934,1.707865,1,2026-08-29T14:00:00Z
player:36dx87q1ec6aiav6jbgivccq2,Kang-Hee Lee,CM,1009270710,1026320857,1026.320857,16752,1.689353,1,2026-08-27T18:30:00Z
player:1b0nyi199eayylxj8fug2f45x,Ewandro,AM_W,1072984012,1091083279,1091.083279,16727,1.686816,1,2026-08-27T17:00:00Z
player:a3qa9kw3vbh8nu5mgns92czro,Olwethu Makhanya,FB_WB,1009354169,1026336955,1026.336955,16685,1.68254,1,2026-08-27T16:00:00Z
player:ax69g2ukn2tsaz71n0waf58q2,Noah Cadiou,CM,1116034917,1134775606,1134.775606,16653,1.679221,1,2026-08-29T18:45:00Z
player:1tctbwsidibct7wphjgv8mdm2,Julen Agirrezabala,GK,942531969,958300034,958.300034,16591,1.672947,1,2026-08-28T17:00:00Z
player:bi8nrmyaxsgbhixw921fzvm5l,Alejandro Catena,CB,1353854373,1376451238,1376.451238,16553,1.669076,1,2026-08-27T18:30:00Z
player:er6z557ns3jcjhgrsbtmsn6s4,Konstantinos Karetsas,AM_W,1042396093,1059476056,1059.476056,16253,1.638529,1,2026-08-29T16:30:00Z
player:5bqgm239kf1rnd2fn9xvu3uac,Hugo Oliveira,CM,999662057,1015857458,1015.857458,16071,1.620088,1,2026-08-27T16:00:00Z
player:8eq4c5cotvem9ae9uzb2yezo4,Lamine Camara,CM,1521811982,1546366269,1546.366269,16006,1.61349,1,2026-08-27T16:45:00Z
player:dyurvoycbhux9rm1mpaaegf10,Abdellah Ouazane,CM,1002749293,1018878777,1018.878777,15957,1.608526,1,2026-08-27T18:00:00Z
player:x4qyxhfr2vi007sazoqe5vit,Dayot Upamecano,CB,3715075501,3774562905,3774.562905,15886,1.601243,1,2026-08-28T18:30:00Z
player:bs7iyv9ys61m88qh4rvb0tpzp,Jay Dasilva,FB_WB,1001246781,1017249247,1017.249247,15856,1.598254,1,2026-08-29T14:00:00Z
player:5soi8e2hlk77rlsbsl76hg3xl,Juan Foyth,CB,1657966072,1684400797,1684.400797,15818,1.594407,1,2026-08-28T19:30:00Z
player:8s1ggifut0xesv052i43m742y,Kévin Boma,CB,1014785986,1030743820,1030.74382,15603,1.572532,1,2026-08-27T17:00:00Z
player:4ftlhtels58lyzfluwofzwxuy,Pedri,CM,2650248232,2691922888,2691.922888,15602,1.572481,1,2026-08-27T19:00:00Z
player:1zumt9vkrqd8d3p3eqtwezi6t,Robin Koch,CB,1664686807,1690796928,1690.796928,15563,1.56847,1,2026-08-29T13:30:00Z
player:1ehcji0j9s8b0qsj8v5zinjvu,Rayan Cherki,CM,2184543767,2218691478,2218.691478,15511,1.563151,1,2026-08-28T19:00:00Z
player:41zdjk7mje36kpr8v2lndp2lm,Filip Prebsl,FB_WB,972934030,988134609,988.134609,15503,1.562344,1,2026-08-27T17:00:00Z
player:2yt9oajv9dkbju8tgy1g2nmqd,Jan Oblak,GK,791952918,804243434,804.243434,15400,1.551925,1,2026-08-29T19:30:00Z
player:9fbqozvrrpesxw8nakrk4nphx,Jesús Imaz,AM_W,1124448845,1141896259,1141.896259,15397,1.551641,1,2026-08-27T16:00:00Z
player:1040ruybncve2enk3dgjb6ead,Iñigo Vicente,AM_W,1017748444,1033500846,1033.500846,15359,1.54777,1,2026-08-28T17:00:00Z
player:95qrrtlyz4ikkzjbgy6exbnit,Hassane Kamara,CM,1221081607,1239746248,1239.746248,15170,1.528533,1,2026-08-29T16:30:00Z
player:47l204bkq2qqjhtazusr0019m,Youri Baas,FB_WB,1164864672,1182636191,1182.636191,15141,1.525629,1,2026-08-27T18:00:00Z
player:6zc6cs596hufgbhu6jv3g2o2y,Lukás Hornícek,GK,1015422705,1030797190,1030.79719,15027,1.514097,1,2026-08-29T16:30:00Z
player:a94q492wcx86vrfxc5eifok16,Márius Corbu,DM,1002779509,1017952413,1017.952413,15018,1.513085,1,2026-08-27T18:30:00Z
player:9srjp22oprs2tkcutb2g4o2dw,Pietro Comuzzo,CB,1236399897,1255094792,1255.094792,15007,1.512043,1,2026-08-29T16:30:00Z
player:1ljgis575ujto4361ed15w0r9,Moritz Nicolas,GK,1452231007,1474185780,1474.18578,15005,1.511796,1,2026-08-29T13:30:00Z
player:dw8cxbn8i288w0rqiemop6qs4,Jobe Bellingham,CM,1164035677,1181591700,1181.5917,14969,1.508203,1,2026-08-29T16:30:00Z
player:6gjlcd7rzi3p74qwvj7ia6esq,Noah Atubolu,GK,1065163166,1081196690,1081.19669,14940,1.505265,1,2026-08-29T13:30:00Z
player:bvwaamcj0bpdrcuoffl6b9rf8,Daouda Weidmann,DM,1037974112,1053576323,1053.576323,14920,1.503141,1,2026-08-27T16:15:00Z
player:do0wn2lu805annoayzc8bfhpm,Emirhan Topçu,CB,1152198431,1169507157,1169.507157,14911,1.502235,1,2026-08-27T17:00:00Z
player:2legqqyd5rywbagpdkerbok16,Stefan Baiaram,CM,1047373917,1063047383,1063.047383,14854,1.496454,1,2026-08-27T16:00:00Z
player:2qesmc90fr8k87txcoh8izhn8,Teodor Ivanov,CB,1000000000,1014960109,1014.960109,14849,1.496011,1,2026-08-27T18:00:00Z
player:as0t8xi6k6nl4l06g23u3jcru,Tomás Araújo,FB_WB,1114475259,1131120341,1131.120341,14825,1.493535,1,2026-08-27T18:00:00Z
player:4sz26vstr6b7b110eri7f42jt,Dominik Greif,GK,1062636141,1078460113,1078.460113,14781,1.489124,2,2026-08-29T18:45:00Z
player:2ep16uxfa2j2pqw2ky8rsgo44,Karim Konaté,FW,1029589068,1044917609,1044.917609,14778,1.488802,1,2026-08-27T17:00:00Z
player:d1e8em0pe47h68uq73h8aq1w4,Elias Baum,FB_WB,1001922846,1016833526,1016.833526,14772,1.488206,1,2026-08-29T13:30:00Z
player:qsrfvvtj7x8lm6vualbotexh,Johannes Handl,CB,1030654268,1045982799,1045.982799,14763,1.487262,1,2026-08-27T18:30:00Z
player:30mghmimxsxj12m1w7jnx4f3e,Lazaros Rota,CB,1056521457,1072216710,1072.21671,14746,1.485559,1,2026-08-26T19:00:00Z
player:c90jak72lerrxc3kpo73cupsk,Bismark Ampofo,CM,999888218,1014730748,1014.730748,14735,1.484419,1,2026-08-27T17:00:00Z
player:a9l9kaebv2dlo434goqe0z33e,Cheick Souaré,AM_W,1002372811,1017164872,1017.164872,14649,1.475705,1,2026-08-27T17:00:00Z
player:9cy6lgb0e0cq4a7ht389qaklx,Razvan Marin,CM,1130498092,1147030913,1147.030913,14518,1.462437,1,2026-08-26T19:00:00Z
player:f3v58fkymhrprt5gs0ccm29xx,Fabián Ruiz,CM,2523223431,2560086171,2560.086171,14504,1.460938,1,2026-08-28T19:00:00Z
player:7p8wvrgk2aucmmrc30uv7j5lg,Winsley Boteli,AM_W,1019659980,1034521011,1034.521011,14469,1.45745,1,2026-08-27T18:00:00Z
player:jflu7a5n4f3ezoj20z0kje5m,Maarten Vandevoordt,GK,1010367374,1025061077,1025.061077,14438,1.454293,1,2026-08-29T13:30:00Z
player:2qeuaiajiqlpy16cenfozh05,Deividas Mikelionis,GK,1000000000,1014499243,1014.499243,14395,1.449924,1,2026-08-27T17:00:00Z
player:77r4hf2uohwyjw93tfx6sk9gp,Frantisek Cech,CB,1017648933,1032354180,1032.35418,14347,1.445022,1,2026-08-27T17:00:00Z
player:43q9ytkbmtk5y3tgv77v7pmg9,Mads Emil Madsen,AM_W,1020039432,1034767398,1034.767398,14335,1.443862,1,2026-08-27T17:00:00Z
player:9lzqgedy6aaouokqenirdbu38,Miguel Sierra,AM_W,1004926737,1019299528,1019.299528,14201,1.430233,1,2026-08-29T19:30:00Z
player:6s0ji6hpqh8wxt364frgng7hl,Olivér Nagy,FB_WB,999947002,1014200417,1014.200417,14154,1.425417,1,2026-08-27T18:30:00Z
player:enup95vx1a5gih6ljth7sdbrp,Visar Musliu,FB_WB,1007816525,1022176036,1022.176036,14148,1.424814,1,2026-08-27T17:00:00Z
player:7rpkv4tfdw0numvekzf18d82c,Milan Roganovic,CB,978574920,992516768,992.516768,14147,1.424709,1,2026-08-27T19:00:00Z
player:3ejpzdtnpo1r4yvxcq2e8cqg9,Bruno Felipe,CB,987581750,1001627309,1001.627309,14122,1.422217,1,2026-08-27T17:00:00Z
player:dmwbhii4pl75ibp3k49z3dskp,Stefan Milic,CB,988106937,1002140517,1002.140517,14103,1.420249,1,2026-08-27T19:00:00Z
player:diod1hv5hv7v7z7mfleev1txx,Luka Modric,CM,2973846803,3015834030,3015.83403,14020,1.411883,1,2026-08-28T18:45:00Z
player:ac6r3yi7rzqlcih7qw86jsro4,Zachary Athekame,CM,1014104436,1028410489,1028.410489,14009,1.410708,2,2026-08-29T18:45:00Z
player:6w45ga1ltkcn72xtv9ps5um7d,Ibrahim Alhassan,CM,1000000000,1014066121,1014.066121,13968,1.406612,1,2026-08-27T16:00:00Z
player:9prtaifv6stlujgywgq4wd08a,Josko Gvardiol,FB_WB,2782311758,2821412849,2821.412849,13956,1.405345,1,2026-08-28T19:00:00Z
player:4di5fe8ewh5fpduq6hobilvjd,Luis Palma,AM_W,1078952330,1094098320,1094.09832,13940,1.403768,1,2026-08-27T18:00:00Z
player:5wsz3usdkj01snq28pzpiwb2s,Arthur Avom,CM,1103402586,1118843864,1118.843864,13897,1.399424,1,2026-08-29T18:45:00Z
player:f23e0mo62rmrrjso771t54jro,Charalampos Kostoulas,FW,1041511616,1056068859,1056.068859,13880,1.397703,1,2026-08-27T18:30:00Z
player:1o7se1aziz6fpes5hey7yijft,Caio Henrique,FB_WB,1001788101,1015781946,1015.781946,13872,1.396887,1,2026-08-27T18:00:00Z
player:7za8h1pgec0y2s1ihmkkfvpm2,Joris Chotard,CM,1132592329,1148404787,1148.404787,13865,1.39613,1,2026-08-29T18:45:00Z
player:c9e54hwefvwos94ri459uylbe,Daniel Svensson,CM,1037926527,1052394466,1052.394466,13843,1.393927,1,2026-08-29T16:30:00Z
player:cjll1xrw3xulnl23c9tlf6rys,Fermín López,FW,1572026566,1593897362,1593.897362,13817,1.391248,1,2026-08-27T19:00:00Z
player:6vhgr2vpk0qar3zp2ow2fxofd,Fran Tudor,CB,1089210368,1104356374,1104.356374,13810,1.390549,1,2026-08-27T17:00:00Z
player:5nqonu6ea844ish2k3m5le3je,Denis Visinsky,AM_W,1000793315,1014642809,1014.642809,13744,1.383852,1,2026-08-27T17:00:00Z
player:49wkw0wkn4ta18b6657vjvglx,Andreas Hansen,GK,1159307120,1175247655,1175.247655,13656,1.375005,1,2026-08-27T18:00:00Z
player:earug82pg87gzwvm5yt1yd990,Anan Khalaili,FB_WB,1081337764,1096130608,1096.130608,13587,1.368013,1,2026-08-28T19:00:00Z
player:9s90f4r3095h8mefzmpuut51x,Lionel Mpasi-Nzau,GK,1045669897,1059895990,1059.89599,13513,1.360476,1,2026-08-29T18:45:00Z
player:2hbduprkyabq8g1nhe6b4g3bp,Marko Pjaca,CM,1087380143,1102159617,1102.159617,13500,1.359182,1,2026-08-27T16:15:00Z
player:259cvka29jsjjd3n3b0u3rv1l,Mateo Maric,CM,1129041741,1144330211,1144.330211,13450,1.35411,1,2026-08-27T17:00:00Z
player:6u47fsriz3ejlf72hxtsew5bd,Anthony Caci,CM,1378505581,1397160100,1397.1601,13442,1.353242,1,2026-08-29T13:30:00Z
player:bidudbkachfl6126lhlr254wk,Adam Gabriel,CM,976682639,989894285,989.894285,13436,1.352706,1,2026-08-27T18:45:00Z
player:e8dina16u5kt5ho4u5igtmimt,Jordan Pickford,GK,654570028,663408432,663.408432,13412,1.350261,1,2026-08-29T14:00:00Z
player:abr79wsl0folgkyvl821ggs2c,Lamine Yamal,AM_W,2552114708,2586552390,2586.55239,13404,1.349378,1,2026-08-27T19:00:00Z
player:b2isr7ljn9jmt19iiweudegyy,Henrik Falchener,CB,993194111,1006567881,1006.567881,13376,1.346541,1,2026-08-26T19:00:00Z
player:br127bsi0f5esaofj8qwiwro4,Matteo Perez Vinlöf,FB_WB,1018410684,1032037951,1032.037951,13292,1.338092,1,2026-08-26T19:00:00Z
player:4jpwo30o4qp53k59oxvuj90k4,Sergi Domínguez,CB,1099066948,1113736220,1113.73622,13259,1.334702,1,2026-08-26T19:00:00Z
player:b4witgokm49tidm1a83qcvbop,Vinícius Júnior,FW,3278886134,3322582167,3322.582167,13238,1.332649,1,2026-08-26T19:00:00Z
player:8kttsnok9bbh7kpy3zz3j2xg5,André Onana,GK,1305245699,1322639700,1322.6397,13238,1.332623,1,2026-08-27T18:30:00Z
player:b45ryclny991bm7qosieyg1cl,Mikel Oyarzabal,FW,1623044609,1644503553,1644.503553,13135,1.322141,2,2026-08-29T17:00:00Z
player:jx4qgvdq5vsa0hvgqh73mf2t,Cristian Martínez,CM,1005753801,1019033108,1019.033108,13117,1.320334,1,2026-08-26T19:00:00Z
player:11mfhxezbxlrha648ys9buoes,Miguel Chaiwa,CM,1020669720,1034080859,1034.080859,13054,1.313955,1,2026-08-27T19:00:00Z
player:144jdrezcfwd4uh3sk7zhtizu,Sebastian Nanasi,AM_W,1227468840,1243579078,1243.579078,13039,1.312476,1,2026-08-29T15:15:00Z
player:9ea8t509bssf2bhp1n5xxvrl6,James Hill,CB,1049812211,1063547481,1063.547481,12999,1.308355,1,2026-08-29T14:00:00Z
player:3p95pudljhqzrnegmko7z56uh,Richard Sedlácek,CM,1019862802,1033169711,1033.169711,12963,1.304774,1,2026-08-27T16:00:00Z
player:8shwa0k28rt5duyrhuqza1hhx,Florian Thauvin,AM_W,1455045595,1473977891,1473.977891,12928,1.301148,1,2026-08-29T15:15:00Z
player:1i9wi65k2foqwudeqiyih87hl,Federico Valverde,CM,3242938930,3285102804,3285.102804,12918,1.300175,1,2026-08-26T19:00:00Z
player:2r4450bqkmpcf1ogmcfhvczmy,Natan,CB,1428940906,1447430624,1447.430624,12856,1.293946,1,2026-08-29T15:00:00Z
player:akxjvb02zugb5ytlw2jz1ku3u,Rokas Pukstas,CM,999666056,1012577644,1012.577644,12833,1.29159,1,2026-08-27T17:00:00Z
player:adcmwodw7raphk57z8m46f97u,Younes Ebnoutalib,FW,1007966565,1020904852,1020.904852,12754,1.283603,1,2026-08-29T13:30:00Z
player:7qk6gr48g3n1jfzz2tgb3iz1l,Jakub Piotrowski,AM_W,1053718894,1067120831,1067.120831,12638,1.27187,1,2026-08-29T16:30:00Z
player:9tp35qqu1heburu0g5wa6jv56,Lucas Rosa,CB,1029959382,1043022279,1043.022279,12603,1.268292,1,2026-08-27T18:00:00Z
player:ekm47qd8w1x0456lm1tmf5re1,Pape Gueye,CM,1413320409,1431233513,1431.233513,12595,1.267448,1,2026-08-28T19:30:00Z
player:bjhjz96omjukrg6tj3mny39t6,Maxim De Cuyper,AM_W,1025498976,1038463499,1038.463499,12563,1.264216,1,2026-08-27T18:30:00Z
player:a3q75g4ni6a5w8ajin85rsacq,Christophe Kabongo,FW,1003112835,1015726867,1015.726867,12496,1.257489,1,2026-08-27T17:00:00Z
player:766yz5r437tgwjkn0ey8j2wwk,Runar Robinsønn Norheim,CM,1001552504,1014113249,1014.113249,12463,1.254127,1,2026-08-27T18:00:00Z
player:bgnuwm6gjcy6dopdm2ge3yas4,Ilhan Fakili,CM,1001308199,1013848626,1013.848626,12446,1.252404,1,2026-08-27T17:00:00Z
player:1l2m5dvofn09gno5jcdpysrmx,Kartal Yilmaz,CM,1004626670,1017197614,1017.197614,12435,1.251305,1,2026-08-27T17:00:00Z
player:97nv3y9z2ajz6b4ynoo0jn3kl,Joshua Kimmich,DM,3055612295,3093803874,3093.803874,12421,1.249883,1,2026-08-28T18:30:00Z
player:a93cs6sqqb6hj95qayyq2ib1m,Tiago Dantas,CM,1070289233,1083656704,1083.656704,12412,1.248959,1,2026-08-27T18:45:00Z
player:3zkkrq8sph1lo23bt8d1nz10,Robin Risser,GK,878247410,889215390,889.21539,12411,1.248849,1,2026-08-29T15:15:00Z
player:az15xx7m923srf9gdbwmiyga1,Daichi Kamada,CM,1853724788,1876797760,1876.79776,12370,1.244682,1,2026-08-28T19:00:00Z
player:brfa9yhy2llgt9l75unddogk,Jorthy Mokio,CM,1056999737,1070122186,1070.122186,12338,1.241481,1,2026-08-27T18:00:00Z
player:j0b21u0klyu8taaxmooycdpm,Tyler Morton,DM,1149928644,1164194191,1164.194191,12329,1.240559,2,2026-08-29T18:45:00Z
player:2bf28lr218vw4pxri6ovksa5m,Matej Valenta,CM,1043907620,1056717523,1056.717523,12196,1.227111,1,2026-08-27T17:00:00Z
player:96yikwkvaqoblxfn43f4gswr9,Josip Misic,CM,1169889097,1184238916,1184.238916,12191,1.226597,1,2026-08-26T19:00:00Z
player:exqldi3zpsfhvhhvphmpw1ez8,Darryl Bakola,CM,1026823642,1039349738,1039.349738,12125,1.219888,1,2026-08-29T16:30:00Z
player:et849xmcdgsy5itb8i4w7qkq2,Beñat Turrientes,CM,1139002474,1152844228,1152.844228,12079,1.215252,2,2026-08-29T17:00:00Z
player:dc119ejc7lls2rd3ywigl2smi,Ramiz Zerrouki,DM,1049129951,1061877760,1061.87776,12078,1.215084,1,2026-08-27T16:15:00Z
player:5f5e6wufz0x041bvqzor10k16,Enzo Barrenechea,DM,1426473445,1443794730,1443.79473,12070,1.214273,1,2026-08-27T18:00:00Z
player:aw5of6drnaorje2233ocvph7u,Yusuf Demir,CM,1008819951,1021040278,1021.040278,12041,1.211349,1,2026-08-26T16:45:00Z
player:csye3q50ciculdiggvcefx8x6,Nathaniel Adjei,CB,1001262192,1013370828,1013.370828,12021,1.209337,1,2026-08-29T18:45:00Z
player:ellz88deagksyfqdqzv16rckq,Bamidele Yusuf,AM_W,1057302205,1070056899,1070.056899,11991,1.206343,1,2026-08-27T18:30:00Z
player:1vyh50nfaq2kq5pmivpkc1psl,Dávid Hancko,CB,1335276724,1351334869,1351.334869,11954,1.202608,1,2026-08-29T19:30:00Z
player:bjqtzq0xcvtmbn54orj7rn5xx,Zlatko Tripic,FW,1021025102,1033284883,1033.284883,11936,1.200733,1,2026-08-26T19:00:00Z
player:78kzajya12k4sm0ebfl37d6ok,Denil Castillo,AM_W,993312444,1005217984,1005.217984,11914,1.19857,1,2026-08-27T18:45:00Z
player:emvi36y613e4lqlat3wfdih9l,Salih Özcan,DM,1353455132,1369663459,1369.663459,11904,1.197552,1,2026-08-27T17:00:00Z
player:3gsprcdyogabeb8lr2y0bmytx,Clément Lenglet,CB,1399459176,1416211563,1416.211563,11900,1.197061,1,2026-08-27T18:00:00Z
player:6tckvu2rw7ns18dq7dim0sout,Mohamed Elyounoussi,AM_W,1098312589,1111450524,1111.450524,11891,1.196193,1,2026-08-27T17:00:00Z
player:8asqfwh2tx52x86r0hlqbyluc,Mamady Diambou,CM,1015998276,1028105363,1028.105363,11846,1.191644,1,2026-08-29T18:45:00Z
player:2udtmz4lvh4vil16mxvo0j4l,Aleix García,CM,2527091405,2557148484,2557.148484,11824,1.189394,1,2026-08-29T13:30:00Z
player:bnjysriuqd4qe0fmh2ld8yk2c,Edvin Austbø,FW,1003409333,1015258204,1015.258204,11739,1.180861,1,2026-08-26T19:00:00Z
player:39gif4xfy8xddarasbsad56ok,Arda Güler,CM,1693683431,1713617137,1713.617137,11701,1.176944,1,2026-08-26T19:00:00Z
player:5r50to4054i6tlx5ayddsivop,Alexandros Malis,CM,997587914,1009285372,1009.285372,11658,1.172574,1,2026-08-27T16:00:00Z
player:9x0s8mzjc9ey0q812sn3poums,Ibrahim Maza,AM_W,1167643950,1181300784,1181.300784,11628,1.169606,1,2026-08-29T13:30:00Z
player:33cny48k38nlo8pcx3i24ldqt,Philip Billing,FB_WB,1212999942,1227095306,1227.095306,11553,1.162025,1,2026-08-27T18:45:00Z
player:9tylqkyhp34z6r7py95pp7or8,Nikola Simic,CB,999318309,1010898303,1010.898303,11521,1.158789,1,2026-08-27T19:00:00Z
player:46hksgr3nx4uo993u3mx7yzca,Thelo Aasgaard,CM,1012893413,1024610626,1024.610626,11502,1.156806,1,2026-08-27T16:00:00Z
player:23637o19ff0sw18pqv8g96ndh,Ederson,GK,1020990383,1032794579,1032.794579,11495,1.156152,1,2026-08-26T19:00:00Z
player:eyq7cas2uxjyrscnd5c76yfpw,Papa Daniel,CM,1029734497,1041599699,1041.599699,11457,1.152258,1,2026-08-26T19:00:00Z
player:ek3kqsm0h95azznyqctgadej9,Anto Grgic,CM,1123446755,1136354781,1136.354781,11424,1.148966,1,2026-08-27T16:00:00Z
player:8mkkchf0ysdf78r0lncd73klw,Antonio Nusa,FW,1112657168,1125420578,1125.420578,11406,1.147111,1,2026-08-29T13:30:00Z
player:3j2yog3zyussh0aq1xgz3e2cq,Anthony Oyono,CB,1003701387,1015208234,1015.208234,11399,1.146441,1,2026-08-29T16:30:00Z
player:2q40r5kclqejfv6c3pvyqim3u,Nicolas Bajlicz,CM,1007661136,1019210035,1019.210035,11396,1.146109,1,2026-08-26T16:45:00Z
player:dtt29qocpooiymw666vz2iwdm,Abubakr Barry,DM,1041028340,1052926335,1052.926335,11364,1.142908,1,2026-08-27T17:00:00Z
player:7v3gbz56454fadpqntuay5l91,Sandro Lima,FW,1000000000,1011420574,1011.420574,11356,1.142057,1,2026-08-27T16:00:00Z
player:e83ula4wockmc2xid7185kcq2,Jude Bellingham,CM,3616951569,3658210025,3658.210025,11342,1.140697,1,2026-08-26T19:00:00Z
player:a7ehmifoznpz11r08q58yzgx6,Noé Sow,CB,1000366024,1011771225,1011.771225,11337,1.140103,1,2026-08-27T18:00:00Z
player:9dzyrffyz77zqmptudhdrh8lx,Marcus Regis Coco,FB_WB,1018546807,1030095108,1030.095108,11274,1.133802,1,2026-08-27T18:00:00Z
player:5n65xhwbd6dm3uynl4h7k920a,Enric Llansana,CM,1010762504,1022215828,1022.215828,11268,1.133137,1,2026-08-27T18:30:00Z
player:2bkp1lcaxmvwoanxwo0775cdl,Kiernan Dewsbury-Hall,AM_W,1511316292,1528366263,1528.366263,11218,1.128154,1,2026-08-29T14:00:00Z
player:2wesmq2wuhnuwh2yhgkuaxqfo,Aaron Bouwman,CB,1048168222,1059980605,1059.980605,11207,1.126955,1,2026-08-27T18:00:00Z
player:5m8pflpgynidzk7d9507oujje,Daan Rots,AM_W,1039320470,1051018148,1051.018148,11192,1.125512,1,2026-08-27T16:15:00Z
player:55yy0p6johtu9nxk90zsfctt5,Morgan Gibbs-White,CM,1996945525,2019390680,2019.39068,11177,1.123974,1,2026-08-29T11:30:00Z
player:2k5g68ywtr79lc45wozvifqlm,Florian Wirtz,FW,3745232026,3787277493,3787.277493,11164,1.12264,1,2026-08-29T11:30:00Z
player:lioz4hr2umpne2bwar18qa96,Anders Klynge,CM,1015049115,1026429598,1026.429598,11149,1.121176,1,2026-08-27T16:00:00Z
player:3podnemdvn8t99b0y5jzwozkk,Ron Raçi,CB,1000000000,1011174180,1011.17418,11112,1.117418,1,2026-08-27T17:00:00Z
player:86603cyr3osksy73el0ncy7yt,Cyriel Dessers,FW,1182175043,1195346789,1195.346789,11080,1.114196,1,2026-08-27T17:00:00Z
player:amxunh6enoc99r07cp7qt621h,Marcos Llorente,CB,1574144983,1591574651,1591.574651,11012,1.107247,1,2026-08-29T19:30:00Z
player:d2hnxi1yi5rgqj1tvxh1813x0,Dean Huijsen,CB,1469933169,1486137145,1486.137145,10963,1.102361,1,2026-08-26T19:00:00Z
player:5e032yaf5mhwg7s730joqt0mi,Zviad Natchkebia,FW,1000000000,1011006492,1011.006492,10946,1.100649,1,2026-08-27T16:00:00Z
player:wfnh772q3r95omx4rbkret5g,Josué Vergara,FW,1000000000,1011001802,1011.001802,10942,1.10018,1,2026-08-27T19:00:00Z
player:bh9jia8qgkhpm5xn82bx0hhck,Cristian Volpato,FW,1108217103,1120380833,1120.380833,10916,1.097595,1,2026-08-29T16:30:00Z
player:1amx0jc0ey5w1z9g3f3nb9t2i,Aliou Baldé,FW,1007997337,1019058510,1019.05851,10914,1.097341,1,2026-08-27T18:00:00Z
player:13nrptzjshlqnkuf92vumefx0,Guillaume Restes,GK,533241603,539084340,539.08434,10897,1.095702,1,2026-08-29T18:45:00Z
player:avh60ensgiwz1qalvn1bbqkfd,Dominik Szoboszlai,AM_W,3241228392,3276706672,3276.706672,10886,1.094594,1,2026-08-29T11:30:00Z
player:a2zavv31d2aadyddk0kjttdgq,Milos Kerkez,FB_WB,793886007,802569868,802.569868,10879,1.093842,1,2026-08-29T11:30:00Z
player:3pwr7lqvo4o08c4nvzqpuue39,Vedat Muriqi,FW,1660074655,1678225159,1678.225159,10874,1.093355,1,2026-08-26T19:00:00Z
player:am6ppbdrbz4ml3xsbty53o73d,Alexis Mac Allister,DM,1917350378,1938287641,1938.287641,10861,1.091989,1,2026-08-29T11:30:00Z
player:d7pzcnoztn30xoj5b2sr9slt6,Miguel Gutiérrez,CM,1164610850,1177327478,1177.327478,10860,1.091921,1,2026-08-29T13:30:00Z
player:cx081k5lkivuv5esvs04s7r3d,Tomás Ladra,CM,1058745799,1070302797,1070.302797,10857,1.091574,1,2026-08-27T17:00:00Z
player:atzboo800gv7gic2rgvgo0kq1,Erling Haaland,FW,3190319933,3225139189,3225.139189,10855,1.091403,1,2026-08-28T19:00:00Z
player:4x6oiw1rueiv2jzjs9k76h1p1,Colin Coosemans,GK,1022226407,1033382624,1033.382624,10855,1.091365,1,2026-08-27T18:30:00Z
player:1ct0gujao4wvj1ff3aebqgqnd,Gianluca Gaetano,CM,1264934522,1278731058,1278.731058,10848,1.090692,1,2026-08-27T18:00:00Z
player:1j7c295dtb7s5z14diov3xx3p,Loïs Diony,FW,1013445705,1024476664,1024.476664,10826,1.088461,1,2026-08-27T17:00:00Z
player:81qmlg0ttijhkywm55ejdr40k,Luka Vuskovic,CB,1207176845,1220290244,1220.290244,10804,1.086286,1,2026-08-27T18:30:00Z
player:ais3wh8wz8oeyjpwv84o4ybfu,Edoardo Corvi,GK,1072809958,1084458050,1084.45805,10799,1.085755,1,2026-08-29T18:45:00Z
player:713as8ulfv31hz6bahrctmimt,Vakhtang Tchanturishvili,CM,997472904,1008262808,1008.262808,10759,1.081724,1,2026-08-27T16:00:00Z
player:2p86mzr8qnu9iy01fusvovf56,António Silva,CB,1111011392,1123021667,1123.021667,10752,1.081022,1,2026-08-29T14:00:00Z
player:f2f68n13t1nd3cjwair6jrip6,Max Rosenfelder,FB_WB,1054698483,1066020246,1066.020246,10677,1.07346,1,2026-08-27T16:45:00Z
player:57btqxe5sy3ygzxpp55p4umdx,Wout Weghorst,FW,1277582220,1291288929,1291.288929,10671,1.072863,1,2026-08-27T16:15:00Z
player:3pop9gdilkfcaoqyzj9g3d3is,Yassir Zabiri,FW,1000969470,1011692694,1011.692694,10656,1.071284,1,2026-08-28T17:00:00Z
player:5m0z9znbaneiy3yj0xbuas9re,Nemanja Tekijaski,FB_WB,1004358052,1015093022,1015.093022,10632,1.068839,1,2026-08-27T16:00:00Z
player:aripnzu9yo2wlr8ud93ufdhih,Raoul Bellanova,CM,991743898,1002284369,1002.284369,10572,1.062822,1,2026-08-27T18:00:00Z
player:8b60vtt1stnmt2uoj0f4lh49h,Daniel Heuer Fernandes,GK,1116723556,1128590138,1128.590138,10570,1.062625,1,2026-08-29T16:30:00Z
player:ct2t62s5gte4o5hodlfz9hkb8,Antonio Raimondo,FW,995690795,1006262254,1006.262254,10561,1.061721,1,2026-08-29T16:30:00Z
player:bl76cebhta912vfi9z7ky32p6,Lazar Samardzic,AM_W,1413632255,1428608321,1428.608321,10538,1.059403,1,2026-08-27T18:00:00Z
player:7ld5zwj14ozooju5v9kpfnckq,Carlos Mora,CM,1036460973,1047394328,1047.394328,10493,1.054874,1,2026-08-27T16:00:00Z
player:d68byfvk16giaur32gqwpwded,Corentin Tolisso,AM_W,1979990238,2000711472,2000.711472,10411,1.046532,2,2026-08-29T18:45:00Z
player:9wo8twcbs1jnqzdy0c6y8adey,Ruben Kluivert,CB,1088126637,1099419030,1099.41903,10324,1.037783,1,2026-08-26T19:00:00Z
player:5w0ohhrm0ojscyjh3e0o8ffmd,Christian Burgess,CB,1109099029,1120601895,1120.601895,10318,1.037136,1,2026-08-27T19:00:00Z
player:672cwl9zj2d6lce6jda350vvu,Mats Wieffer,CB,1265452652,1278534482,1278.534482,10285,1.033767,1,2026-08-27T18:30:00Z
player:9rf5uk6c2wce30b9wkmu3iuad,Moussa Niakhaté,CB,1497765632,1513240910,1513.24091,10279,1.033224,2,2026-08-29T18:45:00Z
player:dqrtbk6lsscer7078jro6z3hm,Dembo Sylla,CM,1004913638,1015292251,1015.292251,10275,1.032787,1,2026-08-29T18:45:00Z
player:euur9yvhgrieu4kl0vdkh244q,Orri Óskarsson,FW,1075830741,1086922294,1086.922294,10257,1.030976,2,2026-08-29T17:00:00Z
player:3hd9nxdb54zn4fhbf7qa7x0q1,Lovro Majer,CM,1589896408,1606210568,1606.210568,10209,1.026115,1,2026-08-26T19:00:00Z
player:boehs62sf23wlas5wb4l5s2y,Tolu Arokodare,FW,1042219191,1052902136,1052.902136,10198,1.025019,1,2026-08-27T18:00:00Z
player:3abavmbqh6vt0xgcx6zo4mgru,Lukas Petkov,FW,995826733,1006014645,1006.014645,10179,1.023061,1,2026-08-29T13:30:00Z
player:5zoz3mjooujpv0wdcphyrztd6,Álex Baena,CM,1466157728,1481122227,1481.122227,10155,1.020661,1,2026-08-29T19:30:00Z
player:7w63iqek6hmnizlirurla1cr9,Nadiem Amiri,CM,1896175580,1915488497,1915.488497,10134,1.018519,1,2026-08-29T13:30:00Z
player:5zkdl1olsiy05l1aw15fk0178,Jordi Altena,CB,1010506720,1020786525,1020.786525,10122,1.017292,1,2026-08-26T16:45:00Z
player:9hlyb2v0349p86qr36694f10,Roei Alkukin,CM,1000851257,1011006477,1011.006477,10095,1.014658,1,2026-08-27T18:00:00Z
player:b64p21hmhsqgrn6n04mk00zpx,Enes Ünal,FW,1318691855,1332058853,1332.058853,10086,1.013656,1,2026-08-27T19:00:00Z
player:7midzsc4xu11dxhw22s9b5e6s,Pape Demba Diop,CM,1121363561,1132689503,1132.689503,10049,1.010015,1,2026-08-29T15:15:00Z
player:by85t8ssyumcjcks1jx3v96vo,Younes Taha,AM_W,1008347649,1018531532,1018.531532,10049,1.009958,1,2026-08-27T16:15:00Z
player:be0ws51ws5cm9wzmcp3ozmklx,Davy Roef,GK,1027988520,1038369330,1038.36933,10048,1.009818,1,2026-08-27T19:00:00Z
player:64ubq0xra74xaunooi8knyajt,Loïs Openda,FW,1735241738,1752729720,1752.72972,10028,1.007812,2,2026-08-29T18:45:00Z
player:ge9iggeojluopt0tr9sl2yy2,Ilyas Chouaref,AM_W,1033479647,1043885893,1043.885893,10019,1.006913,1,2026-08-27T18:00:00Z
player:b8ixf31bdyfqqcwoy4ulai73e,Kian Fitz-Jim,CM,1085238423,1096150031,1096.150031,10004,1.005457,1,2026-08-29T16:30:00Z
player:d7ofv9d9sbp263uo76cm2qxhw,Abdukodir Khusanov,CB,1407857575,1421962156,1421.962156,9969,1.001847,1,2026-08-28T19:00:00Z
player:c2mmi2tbnuyu4ea8zyloqsf84,Fedor Lapoukhov,GK,1026201376,1036471572,1036.471572,9958,1.000797,1,2026-08-27T18:00:00Z
player:am0pcyvtaws1i69jt09dgnsnp,Ludovic Ajorque,FW,1659630468,1676229092,1676.229092,9952,1.00014,1,2026-08-29T18:45:00Z
player:92qqdiryqd8juqdjq8585476y,Adrien Truffert,CB,955237802,964761140,964.76114,9920,0.99696,1,2026-08-29T14:00:00Z
player:5ch0r2awkzjfd4hv6kbw6c9gp,Luis Díaz,AM_W,2674078936,2700733235,2700.733235,9918,0.996766,1,2026-08-28T18:30:00Z
player:1gr11akl4bnu1hiyftyj3eoyd,Vladyslav Kochergin,CM,1032811816,1043105630,1043.10563,9917,0.996679,1,2026-08-27T17:00:00Z
player:gw2711y9bgq4w80ntfqvv88a,Konstantinos Tzolakis,GK,906051646,915078510,915.07851,9914,0.996286,1,2026-08-29T14:00:00Z
player:3bh2udfj5run303fagtx1s8vd,Daniel Horák,CM,1003236225,1013216422,1013.216422,9899,0.9948,1,2026-08-27T17:00:00Z
player:aswmi1pnkzkvkexp8ngief6j9,Felix Beijmo,FB_WB,960451146,969997345,969.997345,9890,0.993929,1,2026-08-27T17:00:00Z
player:43zh2yj75awxpgel9jxqnw91x,Andraz Sporar,FW,1015408103,1025489141,1025.489141,9879,0.992807,1,2026-08-26T19:00:00Z
player:c3i64j5vlukz2wlm16tk7ek7p,Semi Ajayi,FB_WB,1011567261,1021606892,1021.606892,9876,0.992483,1,2026-08-29T14:00:00Z
player:42ybprj1rxbn2fz3ionthzbo,Prince Adu,FW,1061389607,1071854999,1071.854999,9812,0.986009,1,2026-08-27T17:00:00Z
player:1cfh2cg8i2f4cqd7fraos96fp,Jamie McGrath,CM,1008861029,1018772309,1018.772309,9776,0.982423,1,2026-08-27T19:00:00Z
player:9i7lb16qty1t21bnc5h7skclx,Marcos Alonso,CB,2155701867,2176869909,2176.869909,9772,0.981956,1,2026-08-27T18:30:00Z
player:7wreh7qx16zn2pe44lkf5u87o,Furkan Dursun,FW,998168480,1007959666,1007.959666,9761,0.980915,1,2026-08-27T18:00:00Z
player:d92v6n4pf20eepvli92lqau39,Olivier Boscagli,CB,1432210467,1446250671,1446.250671,9755,0.980317,1,2026-08-27T18:30:00Z
player:f5ln82l8q7gvouj3zhsp5t4gl,Maximilian Eggestein,DM,1099414684,1110190759,1110.190759,9754,0.980165,1,2026-08-27T16:45:00Z
player:dtu61wukgh3m1jfr1pxadxjis,Edmund Baidoo,CM,1061831857,1072236406,1072.236406,9751,0.979868,1,2026-08-27T17:00:00Z
player:cg6h7oq0b5zpx1g4brhzyk1xx,Lukás Hrádecky,GK,822405590,830464020,830.46402,9751,0.979861,1,2026-08-27T16:45:00Z
player:2zcha0sd7axiu2s2c0bccz2s5,Enrique Barja,FW,1062647937,1073047428,1073.047428,9739,0.978639,1,2026-08-27T18:30:00Z
player:2s2fzli5c7h9dfcertq2dwxec,Warren Zaïre-Emery,CM,1601137569,1616753029,1616.753029,9705,0.975273,1,2026-08-28T19:00:00Z
player:b9ua02n7ndgcf1cxa2e9h1bmc,Étienne Camara,CM,1020838144,1030710846,1030.710846,9625,0.967117,1,2026-08-27T17:00:00Z
player:7574bxep9nzun9uhbnhy01no4,Sofus Johannesen,AM_W,1013025930,1022767979,1022.767979,9571,0.961678,1,2026-08-27T18:45:00Z
player:drzdo6ouxi5n4jafhfajpor85,Nicklas Røjkjær,CM,1026616498,1036482568,1036.482568,9564,0.961028,1,2026-08-27T18:00:00Z
player:7dkhv2l8y6jq20l1dc2ye17je,Oliver Edvardsen,FW,1020478874,1030273047,1030.273047,9552,0.959762,1,2026-08-27T18:00:00Z
player:cy3c0cj6yy1mokaj0mlk4k9re,Raúl García,FW,1070984873,1081263555,1081.263555,9552,0.959741,1,2026-08-27T18:30:00Z
player:bptjm5hzs0fiincv8xzwq4m0a,Filip Cihák,CB,1006289698,1015919757,1015.919757,9524,0.956987,1,2026-08-27T17:00:00Z
player:2o5wwfsh5xhyatdfelh9dzqax,Rasmus Nicolaisen,CB,1334576464,1347309481,1347.309481,9496,0.954087,1,2026-08-29T18:45:00Z
player:1ax8roimt2kq507xi3xyutxqs,Mouhammade Camara,CB,998372487,1007891590,1007.89159,9489,0.953462,1,2026-08-27T18:00:00Z
player:91g10pv6w3bd0rw6p4t3hcui2,Yanis Cimignani,CM,1042828882,1052760518,1052.760518,9479,0.952374,1,2026-08-27T16:00:00Z
player:85kb69l8hw12muzozbezz4xnu,Svit Seslar,CM,1108547697,1119073469,1119.073469,9450,0.94951,1,2026-08-26T19:00:00Z
player:9sd171e4j9x8pivxfrcpv6ot0,Nikoloz Dadiani,CM,1000000000,1009489253,1009.489253,9445,0.948925,1,2026-08-27T16:00:00Z
player:7dg8woqlx67ch0ji3ujhgb52i,Filip Stankovic,GK,1065712599,1075812498,1075.812498,9433,0.947713,1,2026-08-28T18:45:00Z
player:582uvj0i3dvm0zwbou9q68pgp,Alphonso Davies,FB_WB,1673959872,1689823643,1689.823643,9432,0.947679,1,2026-08-28T18:30:00Z
player:693z0rzfh3m0h0wsma9v8c9ux,Phil Foden,FW,2787427939,2813744399,2813.744399,9397,0.944113,1,2026-08-28T19:00:00Z
player:elrxj1lswla7foudge7puv07p,Omri Altman,CM,998896913,1008319655,1008.319655,9389,0.943315,1,2026-08-27T18:00:00Z
player:c1s6vw84nupd8c0mbj8gov5lg,Stephen Acquah,CB,1010497434,1019995379,1019.995379,9355,0.939928,1,2026-08-27T18:00:00Z
player:2b1lk0zbkv8x09p0qal56xko9,Barnabás Varga,FW,1193779191,1204998809,1204.998809,9355,0.93984,1,2026-08-26T19:00:00Z
player:mfsus6ryni5b1hjn0y70sbo4,Alex Scott,DM,1186608416,1197729308,1197.729308,9328,0.9372,1,2026-08-29T14:00:00Z
player:9v4l7ic3ve6d22c0gs9p1oe3u,Gonçalo Ramos,FW,1345156396,1357758164,1357.758164,9325,0.936825,1,2026-08-28T18:45:00Z
player:8kcir7pcl2eckyb4wa5mj1695,Vahid Selimovic,CB,1000000000,1009319663,1009.319663,9277,0.931966,1,2026-08-27T16:00:00Z
player:ezbplvktzcvzh5kwur32110mi,Jon Aramburu,CB,1126666828,1137103554,1137.103554,9221,0.926336,2,2026-08-29T17:00:00Z
player:218884p8ddlc9dwk2wah482dw,Mihajlo Cvetkovic,FW,1014668543,1024051963,1024.051963,9205,0.924777,1,2026-08-27T18:30:00Z
player:dvhjw2ieemakzw9o56r6y4foq,Igor Matanovic,FW,1166361682,1177126181,1177.126181,9187,0.922913,1,2026-08-27T16:45:00Z
player:1d965xsfn74agwk8smg0at6y2,Aleksa Todorovic,GK,1030548471,1040045850,1040.04585,9174,0.921585,1,2026-08-27T18:45:00Z
player:9ipux4xiejibplsbbhqz8d5gp,Marc Guéhi,CB,2082482582,2101657750,2101.65775,9166,0.920784,1,2026-08-28T19:00:00Z
player:45s1v9805id09m5zkcylueod1,Isco,AM_W,1960256065,1978280694,1978.280694,9153,0.919504,1,2026-08-29T15:00:00Z
player:24vsicnsc44o2mr9jk0qjvb2t,Haris Tabakovic,FW,1113776262,1124007201,1124.007201,9144,0.918581,1,2026-08-27T17:00:00Z
player:an0tzhrx6uhf75uper52ta3o4,Joel Ruiz,FB_WB,1031993398,1041467746,1041.467746,9139,0.918063,1,2026-08-27T18:00:00Z
player:2a1bi1okuzvj0ch689nxotgid,Aitor Cantalapiedra,AM_W,1009348426,1018601913,1018.601913,9126,0.916778,1,2026-08-27T18:00:00Z
player:4dkerrlcqxybg52pose3qxas,Paris Brunner,FW,1027772403,1037192694,1037.192694,9124,0.916574,1,2026-08-27T16:45:00Z
player:3y58b3su28xxhgx077hmh46ei,Enzo Bardeli,CM,995237118,1004355565,1004.355565,9120,0.916208,1,2026-08-29T15:00:00Z
player:3ogcxokvirvqgt2o4rfyxx905,Erkin Tapalov,CM,995268230,1004385138,1004.385138,9119,0.916025,1,2026-08-27T18:30:00Z
player:d3pdr28q2n295ldry2lc1uklx,Lucas Torró,CM,1158439631,1169040963,1169.040963,9110,0.915139,1,2026-08-27T18:30:00Z
player:2wl6h1rlrfnn2mr65vuo3t815,Raphinha,FW,2830879281,2856772029,2856.772029,9105,0.914654,1,2026-08-27T19:00:00Z
player:53f60li56ny3w499tzfmyewic,Ante Orec,CB,1001339199,1010470622,1010.470622,9078,0.911921,1,2026-08-27T18:45:00Z
player:a39ntr1ek9aavke18yucd0r2s,Miguel Román,CM,1119301176,1129506559,1129.506559,9076,0.911764,1,2026-08-27T18:30:00Z
player:ex10o77wnk1exp9tj1t1rqj56,Dan Ndoye,AM_W,1206364538,1217347546,1217.347546,9063,0.910422,1,2026-08-29T11:30:00Z
player:5qs6q4zmy8hys1fc854ran5nu,Danylo Sikan,FW,1067878533,1077596540,1077.59654,9059,0.910029,1,2026-08-27T18:30:00Z
player:313x9xk65v0e1qoqvbqqy5u96,Fer Niño,FW,1031492144,1040863933,1040.863933,9045,0.908566,1,2026-08-28T17:00:00Z
player:65aewljrlnaritfgi91zhpnmx,Dario Maresic,CB,1035862072,1045263650,1045.26365,9035,0.907609,1,2026-08-27T17:00:00Z
player:b8if5dg0k9prjik99aiutewh5,Omar Marmoush,FW,1715866146,1731432625,1731.432625,9031,0.907208,1,2026-08-29T16:30:00Z
player:6dtp194pewnyuhwkxcn2xpf8q,Kaishu Sano,CM,1304505448,1316287492,1316.287492,8991,0.903181,1,2026-08-29T13:30:00Z
player:7oxxp38dxp40lby1kwg4xpn56,Eetu Huuhtanen,GK,1005822314,1014860694,1014.860694,8946,0.898606,1,2026-08-27T17:00:00Z
player:4x1tm440b5cshi5gxkx5k9m95,Morten Hjulmand,DM,1345335856,1357395480,1357.39548,8924,0.896402,1,2026-08-29T19:30:00Z
player:8nc9js00u6c5pshyk5lvs6jmx,Andrian Kraev,CM,1010980876,1020041706,1020.041706,8922,0.896241,1,2026-08-27T18:00:00Z
player:4y3cnggbwb92ajx8a01p03ydx,Josema,CB,1015432219,1024487760,1024.48776,8878,0.891792,1,2026-08-27T16:45:00Z
player:9k9fpax1m803err1528v29clw,Roy Revivo,CM,911650896,919749656,919.749656,8844,0.888362,1,2026-08-27T16:00:00Z
player:65nkv8grj2jhs2hlja63bp90p,Ahmed Touba,FB_WB,1098854199,1108605076,1108.605076,8835,0.887368,1,2026-08-29T18:45:00Z
player:2gj7h5fxuh4y0tbp6j308yk4q,Jan Paul van Hecke,CB,1696035741,1711043347,1711.043347,8810,0.884864,1,2026-08-29T16:30:00Z
player:b3fw2tlu6lbj5o6r5vvxakgyx,Michele Sego,FW,1000000000,1008847548,1008.847548,8809,0.884755,1,2026-08-27T17:00:00Z
player:dux0skggr99ydjz3kn58p3wmh,Marcos López,CB,1085087086,1094653806,1094.653806,8778,0.881655,1,2026-08-27T17:00:00Z
player:35ku8nrvbs0s788bhtem2a904,Lamine Sadio,FW,1011363149,1020266865,1020.266865,8765,0.880368,1,2026-08-27T18:00:00Z
player:mg7d7tsv133vl4xv3c8m05m2,Pierre Landry Kaboré,FW,1001167808,1009978021,1009.978021,8761,0.879994,1,2026-08-26T16:45:00Z
player:3o7gvykqi9ldgjrzxl14dqas4,Ebenezer Akinsanmiro,CM,1064306057,1073661077,1073.661077,8751,0.878978,1,2026-08-29T16:30:00Z
player:eu9b86opw6n66vftu1r5alfqh,Marco Carnesecchi,GK,1034626224,1043685379,1043.685379,8718,0.875597,1,2026-08-27T18:00:00Z
player:baakmd4ndnulbl9npvmq90mvp,Davy Klaassen,CM,1025389562,1034330182,1034.330182,8681,0.871924,1,2026-08-27T18:00:00Z
player:rlgrvvibryod2g92hqc97ii2,Loic Badé,CB,2228353557,2247754553,2247.754553,8669,0.870643,1,2026-08-29T13:30:00Z
player:cxykkqaoe67ndqpwoq1t15ca2,Connor Barron,CM,1020374994,1029248771,1029.248771,8659,0.869658,1,2026-08-27T16:00:00Z
player:bmrdtenqr84jt4gmw6i7wez11,Serhou Guirassy,FW,2130666839,2149117219,2149.117219,8622,0.865944,1,2026-08-29T16:30:00Z
player:4cbaoo2irqtme9goxuz6s3ey2,Gabriel Pereira,CB,1227343831,1237963703,1237.963703,8616,0.865273,1,2026-08-27T17:00:00Z
player:83hpavqn7r5bzcgxvjbcso3px,Giorgos Kyriakopoulos,CM,1058563713,1067717625,1067.717625,8610,0.864748,1,2026-08-27T17:00:00Z
player:blg56dgsdwg410mbybccbynf8,Nelson Okeke,CM,1000000000,1008624277,1008.624277,8587,0.862428,1,2026-08-27T16:00:00Z
player:996i59930r3kd4xk48x9fsp2h,Montassar Talbi,CB,1230995225,1241581410,1241.58141,8563,0.85997,1,2026-08-29T18:45:00Z
player:54e4m1h2407dt67lzmlmrnfqi,Mark Zabukovnik,CM,1064795630,1073914591,1073.914591,8528,0.856405,1,2026-08-26T19:00:00Z
player:d6tc895jr5kkxotydz2jcjx1w,Mateus Fernandes,DM,1307864949,1319041565,1319.041565,8509,0.85457,1,2026-08-29T16:30:00Z
player:4aqkgskbra4wsoo7a8uw7xl9l,Éderson,CM,2038555290,2055934061,2055.934061,8489,0.852504,1,2026-08-27T18:00:00Z
player:amd4rodp6senk2c1mmlsqozpx,Danny da Costa,FB_WB,938010627,946002752,946.002752,8484,0.852029,1,2026-08-29T13:30:00Z
player:3zc219xqywme43v3jdwmv44d0,Mathias Delorge,AM_W,1026995963,1035741082,1035.741082,8479,0.851524,1,2026-08-27T19:00:00Z
player:clbsrtzkf61e6vx28ou5lbx90,Álex Jiménez,CB,1031873206,1040642052,1040.642052,8462,0.849799,1,2026-08-29T16:30:00Z
player:9ivrglgy0tibv881e1a93psr9,Lucas Boyé,FW,1413503384,1425482675,1425.482675,8439,0.847489,1,2026-08-28T19:30:00Z
player:db32f79l8p19q2g45g885t7xm,Lamine Diaby-Fadiga,FW,1020438052,1029075202,1029.075202,8429,0.846416,1,2026-08-27T17:00:00Z
player:4riunfstr4l3lqrrd0lffv7fu,Lukás Cerv,CM,1095200004,1104468348,1104.468348,8427,0.84627,1,2026-08-27T17:00:00Z
player:35jaxclh329duzefna708jk5x,James Tarkowski,CB,1421257536,1433248184,1433.248184,8401,0.843665,1,2026-08-29T14:00:00Z
player:965y7z513tlxlsc19helfdffu,Tony Miettinen,FB_WB,1005592123,1014069511,1014.069511,8395,0.843025,1,2026-08-27T17:00:00Z
player:3fh9n1qnj4inv7ivxatayzy09,Anzor Mekvabishvili,CM,1029334009,1037998147,1037.998147,8382,0.841723,1,2026-08-27T16:00:00Z
player:aaaskdins76bd0368sbpt7wq2,Castello Lukeba,CB,2465067029,2485741474,2485.741474,8352,0.838697,1,2026-08-29T13:30:00Z
player:53nd6a4o02ebb0w2s12prijje,Yuito Suzuki,AM_W,1134817406,1144324060,1144.32406,8342,0.837725,1,2026-08-27T16:45:00Z
player:b3974hgsmyff5xtq7qf1onhlh,Bernardo Silva,DM,2487506995,2508340724,2508.340724,8340,0.837534,1,2026-08-26T19:00:00Z
player:cet0tgjv82l6ao07ij1ylgp9l,Oumar Solet,CB,1731323872,1745804394,1745.804394,8329,0.836384,1,2026-08-29T16:30:00Z
player:8d04q3yp2kouwog0lj0s7ew2x,Ademola Lookman,FW,2133037852,2150845992,2150.845992,8314,0.834872,1,2026-08-29T19:30:00Z
player:xbp16o2bijkl84w1lklyua51,Samuel Dancák,CM,1001011511,1009348811,1009.348811,8294,0.832888,1,2026-08-27T17:00:00Z
player:9d5j7rmswsnpgm9cz7v425vjd,Chico,FB_WB,1009689621,1018070072,1018.070072,8266,0.830003,1,2026-08-27T18:00:00Z
player:9rjd95oqotnalxmv56v7p1r6d,Gregor Kobel,GK,1337724453,1348826390,1348.82639,8265,0.829912,1,2026-08-29T16:30:00Z
player:2biwwlvzgsu5kmyw5w1adpmtx,Gerard Moreno,FW,1653054928,1666765852,1666.765852,8260,0.829429,1,2026-08-28T19:30:00Z
player:20ebw399jhbq0i5x2eacrrs6i,Ramón Terrats,CM,1042590890,1051235194,1051.235194,8257,0.829118,1,2026-08-27T19:00:00Z
player:28x7i681wkjueanvkevew3bh1,Aleksandr Golovin,AM_W,1904902601,1920601779,1920.601779,8208,0.824146,1,2026-08-27T16:45:00Z
player:5np1ksd9qkmc511ihzvikhy0a,Abdelkahar Kadri,CM,1000000000,1008226200,1008.2262,8193,0.82262,1,2026-08-27T19:00:00Z
player:2lx4dy8gdeox803t8iwmy2ivo,Giorgi Kvernadze,FW,999932619,1008124406,1008.124406,8159,0.819234,1,2026-08-29T16:30:00Z
player:2v3bbqm0o4jx6r3zrmlzh1cyd,Mirko Ivanic,FW,1123802472,1132991892,1132.991892,8144,0.817708,1,2026-08-27T17:00:00Z
player:1anl1jfwm7l4p3y0tmyvueiuh,Ayumu Seko,CB,979643717,987652365,987.652365,8142,0.817506,1,2026-08-29T18:45:00Z
player:cgtz4fa0mz9poi4ju8bjtbwiy,Filipe Relvas,CB,1042303276,1050809531,1050.809531,8128,0.816102,1,2026-08-26T19:00:00Z
player:49230s4p4daocrftccqqbeqjt,Adrián De La Fuente,CB,1046632193,1055155878,1055.155878,8111,0.814392,1,2026-08-29T15:00:00Z
player:21pztrby95djexvw3m9hhzgt1,Luka Jovic,FW,1193805022,1203515090,1203.51509,8101,0.813371,1,2026-08-26T19:00:00Z
player:dhz1y5vtlo24r5s99p3tywu1g,Stanley Iheanacho,FW,1004184841,1012309471,1012.309471,8058,0.809077,1,2026-08-27T18:45:00Z
player:cnp6tzuusxlu3inximbozh4wk,Slawomir Abramowicz,GK,1033486463,1041828167,1041.828167,8039,0.807142,1,2026-08-27T16:00:00Z
player:5wengf05apke7rv3kms186j56,Anthony Elanga,FW,1303032661,1313537848,1313.537848,8030,0.806211,1,2026-08-29T16:30:00Z
player:cbzfr0b3pjiknahduv488ogoa,Ilario Monterisi,FB_WB,1015157897,1023338211,1023.338211,8026,0.805817,1,2026-08-29T16:30:00Z
player:5gnywqecwvt5yxied85hu4x2i,Ivor Pandur,GK,1006230160,1014270967,1014.270967,7959,0.799102,1,2026-08-27T16:00:00Z
player:p7apgg2mliinul7ogb5knh1,Bakar Kardava,CM,1000000000,1007990379,1007.990379,7959,0.799038,1,2026-08-27T16:00:00Z
player:8nbnru9t2qxaotxw0hiaocdt5,Víctor Chust,CB,1179877141,1189285633,1189.285633,7943,0.797413,1,2026-08-28T17:00:00Z
player:8ijrlhafx325b0bd78jc8duz8,Ismaëlo Ganiou,CB,1141998426,1151103586,1151.103586,7941,0.797301,1,2026-08-29T15:15:00Z
player:2ww626a9v31b072prdx0xf1g4,Youssef Enríquez,CB,945366068,952895508,952.895508,7933,0.796458,1,2026-08-28T19:30:00Z
player:am70epdl0361z5af8ahskcdsl,N'Golo Kanté,DM,1316815800,1327295577,1327.295577,7927,0.795842,1,2026-08-26T19:00:00Z
player:m2c4lckkcr7yilnqxrrsgh2i,Michael Olise,FW,3146060387,3171092983,3171.092983,7925,0.795681,1,2026-08-28T18:30:00Z
player:3uytpqx0e0jr6zgbfl1znsm7e,Tobias Bech,FW,1006393292,1014354625,1014.354625,7880,0.791076,1,2026-08-27T18:00:00Z
player:djha3ac2mfhyb7oia64hq2nd,Edmond Tapsoba,CB,2773627416,2795535550,2795.53555,7868,0.789873,1,2026-08-29T13:30:00Z
player:e8s9ssopq5nmp51zymvqp8jbp,Unai Núñez,CB,1757281040,1771137804,1771.137804,7854,0.788534,1,2026-08-29T17:00:00Z
player:8ic751797x9g5cxsdkttz23f9,Mahir Emreli,FW,1022091482,1030149813,1030.149813,7853,0.788416,1,2026-08-27T17:00:00Z
player:23l48u4w5nj4036whjm3s49gp,Ridle Baku,FB_WB,1158130420,1167247490,1167.24749,7841,0.787223,1,2026-08-29T13:30:00Z
player:a7rdypucykxo0a9xmcuqzabpx,Renaud Ripart,FW,1004796680,1012694848,1012.694848,7830,0.786046,1,2026-08-29T18:45:00Z
player:b3gobhr43y8oxpafvp4f8rgmh,Marcus Tavernier,AM_W,1483319961,1494920183,1494.920183,7790,0.782044,1,2026-08-29T14:00:00Z
player:65lw8cumhht72k21fwi1ydot1,Jure Balkovec,CB,1005859897,1013703668,1013.703668,7768,0.779808,1,2026-08-27T17:00:00Z
player:v22q59d00b5v78rgx7v8z3vu,Antony,AM_W,2203479280,2220597880,2220.59788,7739,0.77689,1,2026-08-29T15:00:00Z
player:by2gxuixij1eciu56k8mb3cgl,Stefan de Vrij,CB,1793220205,1807148497,1807.148497,7737,0.77672,1,2026-08-27T17:00:00Z
player:1twwa4su6kcwwisd1fzlbq3th,Jean Carlos,CM,1015844211,1023727958,1023.727958,7731,0.776078,1,2026-08-27T17:00:00Z
player:et32rvp18jd7iug9evi1ulsd1,Nicusor Bancu,FB_WB,1062838331,1071083126,1071.083126,7727,0.775734,1,2026-08-27T16:00:00Z
player:49a9iffawhh36qev0fguqu4us,Junior Olaïtan,CM,1033813910,1041729842,1041.729842,7628,0.765702,1,2026-08-27T17:00:00Z
player:7cgekcpn1trfydj4gqsj4yvx0,Alexandr Sojka,CM,1002945331,1010623886,1010.623886,7627,0.765601,1,2026-08-27T17:00:00Z
player:7nhwb0zvfhrypfwengom8bbvt,Uran Bislimi,CM,1156017403,1164828661,1164.828661,7593,0.762208,1,2026-08-27T16:00:00Z
player:8t0m2n5y236pq8tj9vwhhpmcq,Norbert Wojtuszek,CB,1081756380,1089987051,1089.987051,7580,0.760862,1,2026-08-27T16:00:00Z
player:d134t07wdzhrkb1mwmq1lxln9,Mario Kvesic,CM,1051137786,1059099977,1059.099977,7546,0.757483,1,2026-08-26T19:00:00Z
player:bytrobr8rfp9zwbxzopr4vgno,Derry Scherhant,CM,1037120179,1044974287,1044.974287,7544,0.7573,1,2026-08-27T16:45:00Z
player:16kv5p8we3pwqpt5ktwrb7mj9,Mërgim Vojvoda,CM,1135979086,1144567912,1144.567912,7532,0.756073,1,2026-08-29T16:30:00Z
player:1957std7hji9ca7bd29y8at7u,Patrik Wålemark,CM,991761256,999257241,999.257241,7530,0.755826,1,2026-08-27T18:00:00Z
player:7t2ltk50ams794o3f6doyn6ga,Milan Vukotic,CM,997014802,1004531778,1004.531778,7511,0.753948,1,2026-08-27T19:00:00Z
player:3kypp9r4mqecnx1fa729dnzkl,Ercan Kara,FW,1065119411,1073126248,1073.126248,7489,0.751731,1,2026-08-26T16:45:00Z
player:cnsyexfgcdy6m2dfc0l5dfkes,Simon Lengen,FW,1000299045,1007816460,1007.81646,7487,0.751517,1,2026-08-27T18:00:00Z
player:bhi4ivjgojkot4d7za72gu2nd,Nikola Milenkovic,CB,1138861949,1147362958,1147.362958,7437,0.746448,1,2026-08-29T11:30:00Z
player:cswczed1esho0zxyaj6tit5as,Sérginho,AM_W,1010255073,1017787657,1017.787657,7428,0.745612,1,2026-08-26T19:00:00Z
player:115kqbrlwsdlm1zj2sm6pcems,Jeh,FW,1006893254,1014343864,1014.343864,7372,0.73996,1,2026-08-27T19:00:00Z
player:aa7j9iapqibvw2xfjpuy4say2,Pastor,CM,1000000000,1007385981,1007.385981,7359,0.738598,1,2026-08-27T18:00:00Z
player:2wl0uylmkzi2ls7v4amgaa1yi,Evanilson,FW,1258221483,1267467223,1267.467223,7321,0.734826,1,2026-08-29T14:00:00Z
player:bzwiiyuapfzscvt8i7n82qove,Ido Shahar,CM,981714858,988914302,988.914302,7307,0.733354,1,2026-08-27T16:00:00Z
player:ec5tz48fm3i9da5xlfx1pn14a,Christian Witzig,FW,1007274737,1014659113,1014.659113,7304,0.733104,1,2026-08-27T18:00:00Z
player:8fofcgnxsc650zuzlm6i2ryp6,Martin Cedidla,FB_WB,1001657812,1008971625,1008.971625,7275,0.730171,1,2026-08-27T16:00:00Z
player:2309zjv6facft50slzuqf1hjo,Mouhamed Ngom,CB,970528025,977592761,977.592761,7253,0.727927,1,2026-08-27T19:00:00Z
player:bffc3dzdi9c6ix77k1yaepjpw,Sadibou Sané,CB,1212939731,1221749230,1221.74923,7237,0.726293,1,2026-08-27T16:45:00Z
player:8kz0e83d3azssd7unbk2lqt0q,Archie Brown,CB,942784970,949598748,949.598748,7201,0.722729,1,2026-08-26T19:00:00Z
player:192qpmicfd10d7mutv5y762qy,Yasin Ayari,CM,1074927221,1082667620,1082.66762,7175,0.720086,1,2026-08-27T18:30:00Z
player:90wsjxdc3ibvah5gm9tnsjwbu,Brajan Gruda,FW,1203406156,1212027653,1212.027653,7139,0.716425,1,2026-08-29T13:30:00Z
player:92jhi15sq5kr17tsqhcv0nh4a,Zan-Luk Leban,GK,1104032422,1111934443,1111.934443,7132,0.715742,1,2026-08-26T19:00:00Z
player:5fqvl0m1rkzhj9tmafrcxur6c,Roberto Fernández,FW,1121216175,1129217632,1129.217632,7111,0.713641,1,2026-08-29T17:00:00Z
player:94kzhufmz3ktpn1a9z1y91at,Derrick Luckassen,CB,1017844340,1025107751,1025.107751,7111,0.713607,1,2026-08-27T17:00:00Z
player:asq9gj1a93bltsfd61i6xvqsq,Adam Wharton,CM,1335208733,1344732922,1344.732922,7108,0.713311,1,2026-08-28T19:00:00Z
player:as2byx2nymkahqyzw88gxictm,Igor Jesus,FW,1118373056,1126321712,1126.321712,7082,0.710734,1,2026-08-29T11:30:00Z
player:8ofihttdgz6nyxxon2zim7x0p,Michael Folorunsho,CM,901893353,908287904,908.287904,7065,0.709014,1,2026-08-29T16:30:00Z
player:e7208jmwhf0b4rxlqr7mvthqs,Demir Tiknaz,CM,1078788032,1086426034,1086.426034,7055,0.708017,1,2026-08-27T18:30:00Z
player:c1s9pmfkytw0du5ril4kv9i0a,Equi Fernández,CM,1133768455,1141778260,1141.77826,7040,0.706476,1,2026-08-29T13:30:00Z
player:ou0gnms7vf5ff66o508nowoa,Gue-Sung Cho,FW,1024057080,1031282128,1031.282128,7031,0.705532,1,2026-08-27T18:45:00Z
player:1bnn3tokzwvl4vvw34yxsq9gq,Nicolás González,DM,1482354938,1492798921,1492.798921,7021,0.704553,2,2026-08-29T18:45:00Z
player:bz11yq0ctv4bu5dlw4sh89ox6,David Fadairo,FW,1000000000,1007030145,1007.030145,7006,0.703015,1,2026-08-27T17:00:00Z
player:505oa888m5vi62ez2tsmod6ju,Musa Qurbanli,FW,1002763925,1009787385,1009.787385,6980,0.70041,1,2026-08-27T16:15:00Z
player:dsmcqfl0e1be4ag7czbnolo15,Carlos Soler,FW,1295016015,1304083116,1304.083116,6977,0.700154,2,2026-08-29T17:00:00Z
player:9qo448ueot8pfc5oqo378wag9,Jeremie Frimpong,FB_WB,980453086,987284973,987.284973,6944,0.696809,1,2026-08-29T11:30:00Z
player:2ffmtapkhzor2x5a4cybj3w7p,Dor Peretz,AM_W,990810632,997669428,997.669428,6899,0.692241,1,2026-08-27T16:00:00Z
player:9j0v9bomstpbku7nnmqp8n7c9,Alexander Bah,CB,969567187,976271656,976.271656,6891,0.691491,1,2026-08-27T18:00:00Z
player:bxjc2heo4ve54cyvw98qcck45,Yoane Wissa,FW,1467067835,1477159187,1477.159187,6855,0.687859,1,2026-08-29T16:30:00Z
player:23iq6vxwkfhiiwwycf7okbucq,Armstrong Oko-Flex,AM_W,1001802970,1008675553,1008.675553,6837,0.686021,1,2026-08-26T19:00:00Z
player:2ds26ub6ho0baamsjcmh7mmfo,Bradley Locko,FB_WB,991925225,998717533,998.717533,6824,0.68476,1,2026-08-29T18:45:00Z
player:5l6t8w3nupestrpow5xlldhey,Álvaro Mantilla,CB,992092135,998868227,998.868227,6807,0.68301,1,2026-08-28T17:00:00Z
player:4g72ltwbeujps5dlns7aegru,Stavros Pilios,CB,1012513013,1019419418,1019.419418,6798,0.682105,1,2026-08-26T19:00:00Z
player:71q8hhitlftls3jwjkzuenfmd,Dujon Sterling,FB_WB,1030229890,1037242493,1037.242493,6784,0.680683,1,2026-08-27T16:00:00Z
player:6za0ff4heyibetetkgor24xuy,Oguz Aydin,FW,1009191988,1016047753,1016.047753,6770,0.679332,1,2026-08-26T19:00:00Z
player:an7okg1fciccqu6300k8phisq,Rasmus Carstensen,CM,962285344,968816457,968.816457,6764,0.678709,1,2026-08-27T18:00:00Z
player:24m1p3nyfn9nurqdvnvn2mrx1,Kenan Bajric,CB,988935864,995647249,995.647249,6764,0.678647,1,2026-08-26T19:00:00Z
player:b5muwvixv0nq4uylgzxz7302c,Asier Osambela,CB,1003188071,1009995963,1009.995963,6763,0.678626,1,2026-08-27T18:30:00Z
player:e6ztipndwfp33c6j7yebsyx91,Guga,CM,1008054262,1014894914,1014.894914,6763,0.6786,1,2026-08-27T17:00:00Z
player:6rxd6ltpl30qmksb5fkwrl756,Nicolás Capaldo,CM,1023823348,1030745715,1030.745715,6739,0.676129,1,2026-08-29T16:30:00Z
player:9gt3izdka3a0nh7r9uazkueqc,Zeno Van Den Bosch,CB,995619621,1002330629,1002.330629,6718,0.674053,1,2026-08-29T13:30:00Z
player:2t5s4f41jefzuzth0bhcixtcl,Rúben Dias,CB,2077481923,2091453864,2091.453864,6703,0.672542,1,2026-08-28T19:00:00Z
player:9u0jnvttp25l5bp2pvx7pces,Aleksandar Pavlovic,DM,1405222995,1414603099,1414.603099,6653,0.667517,1,2026-08-28T18:30:00Z
player:8mn8apr6n7t7s6lx4d4vvdnca,Magnus Jensen,CB,992575698,999184544,999.184544,6636,0.665828,1,2026-08-27T18:45:00Z
player:7je01bs3a4q6c2gd02ee6da3u,Kristian Arnstad,AM_W,1000664401,1007325417,1007.325417,6635,0.665659,1,2026-08-27T18:00:00Z
player:1s1v1tweyx8wxc9hj2jrnaggl,Xaver Schlager,CM,1476793188,1486621038,1486.621038,6633,0.665486,1,2026-08-29T11:30:00Z
player:cc04mat3snly9oe4bt7xaeooa,Kristian Thorstvedt,CM,1070804960,1077907928,1077.907928,6611,0.66333,1,2026-08-29T16:30:00Z
player:4whvqapvco3c56audz34s6jv8,Finn Jeltsch,FB_WB,1151284183,1158915644,1158.915644,6607,0.662865,1,2026-08-28T18:30:00Z
player:7gdfooe2sa90g72nddjazusd0,Alessio Cacciamani,CM,992452618,999019073,999.019073,6595,0.661639,1,2026-08-29T16:30:00Z
player:e0viut5hsdetp3j22prdah1pl,Joris Moutachy,FB_WB,1001964581,1008592869,1008.592869,6594,0.661529,1,2026-08-27T17:00:00Z
player:7wzwqegxhekjwq361dd2nidp1,Jonny Otto,CB,1082212126,1089349682,1089.349682,6574,0.659534,1,2026-08-28T19:30:00Z
player:3wp8fuk07m1ph1fpmbqe7tf55,Rodrigo Bentancur,DM,1960759363,1973652432,1973.652432,6554,0.657555,1,2026-08-29T16:30:00Z
player:3nu7bqtarr9yo5abdj3len04q,Jacen Russell-Rowe,FW,1009713934,1016348535,1016.348535,6549,0.657077,1,2026-08-29T18:45:00Z
player:4ggz7e009bq3yltc9o6mifbah,Eric García,CB,2337139904,2352466740,2352.46674,6537,0.655795,1,2026-08-27T19:00:00Z
player:3xf3blufuohmj49larszjp5as,Noam Harush,CM,1014978885,1021634507,1021.634507,6536,0.65574,1,2026-08-27T16:00:00Z
player:1jjin4rv03nnpbdgr7qr0gzys,Dusan Pavlovic,FB_WB,999184434,1005717052,1005.717052,6517,0.653795,1,2026-08-27T16:00:00Z
player:mqrqptiqi08h0t55awqcsd05,Taxiarchis Fountas,FW,1043974432,1050776961,1050.776961,6495,0.651599,1,2026-08-27T18:00:00Z
player:9drh3w3emxjf6aah8pstsdgr8,Facundo Buonanotte,CM,1147212981,1154646380,1154.64638,6459,0.647953,1,2026-08-28T17:00:00Z
player:9psfk94nduz6icnuwty5v9all,Cody Gakpo,FW,2038202311,2051398686,2051.398686,6454,0.647452,1,2026-08-29T11:30:00Z
player:5zvck04u1453betv8d94w3d1x,Aldayr Hernández,CB,1000000000,1006456766,1006.456766,6436,0.645677,1,2026-08-27T17:00:00Z
player:3mgjcyaseuexxlssgatjgsand,Neco Williams,CB,1089168814,1096198814,1096.198814,6434,0.645446,1,2026-08-29T11:30:00Z
player:a2rjxibqk9d2yatzz2dx04nx0,Demba Seck,FW,1004850397,1011314158,1011.314158,6412,0.643256,1,2026-08-27T19:00:00Z
player:5nlzolv5bg03eiopba58rs251,Matheus,GK,1319411758,1327883698,1327.883698,6400,0.6421,1,2026-08-27T17:00:00Z
player:dd1uwcyyihpbyrogbcep27sa1,Nik Prelec,FW,1000000000,1006416952,1006.416952,6396,0.641695,1,2026-08-27T16:00:00Z
player:6wwk8y9mklkh8x606ynhe1lp0,Sondre Ørjasæter,FW,1018783160,1025315783,1025.315783,6392,0.641218,1,2026-08-27T16:15:00Z
player:akuyf0uf6ev1es1zjhs9fss89,Arvid Brorsson,CB,1031899212,1038502915,1038.502915,6379,0.639956,1,2026-08-27T17:00:00Z
player:3n6cx9whi75ybd9h6pv7i3mga,Leon Hien,CB,1000000000,1006373781,1006.373781,6354,0.637378,1,2026-08-27T18:30:00Z
player:375gnysvjk9bvq02ex1lkmynd,Albert Sambi Lokonga,CM,1308329331,1316667148,1316.667148,6353,0.637287,1,2026-08-29T16:30:00Z
player:a96zxags19ar98mllxetuk4b9,Dario Melnjak,CB,1008079464,1014501356,1014.501356,6350,0.637042,1,2026-08-27T17:00:00Z
player:8rsmx7skreq5jt8ckz7a3egic,Tibe De Vlieger,CM,999194326,1005540516,1005.540516,6331,0.635131,1,2026-08-27T19:00:00Z
player:7vykym3hy0qf1rxw3yv58kxgq,Saúl Coco,CB,1181621932,1189116914,1189.116914,6323,0.634296,1,2026-08-29T16:30:00Z
player:5awkzgwwh48prwgvxwewuc5hx,Olivier Giroud,FW,1617542352,1627796492,1627.796492,6319,0.633933,1,2026-08-28T19:00:00Z
player:84d0jugdidn3if1iqx4ynuxw4,Leon Avdullahu,DM,1174949300,1182395991,1182.395991,6318,0.633788,1,2026-08-29T13:30:00Z
player:2jc6sdkse1kxjztsgystidot1,Denis Zakaria,CM,1600052427,1610158679,1610.158679,6296,0.63162,1,2026-08-27T16:45:00Z
player:55eiicx10oqok1601fqyovt1x,Taiwo Awoniyi,FW,1304306776,1312539978,1312.539978,6292,0.631232,1,2026-08-29T14:00:00Z
player:c5a7z6vphv9tp9ddid5jnrnx1,Nemanja Matic,CM,2175725594,2189444901,2189.444901,6286,0.630562,1,2026-08-29T16:30:00Z
player:64vve6gzn5mwodos6ynufwa5m,Aljoscha Kemlein,DM,1031871349,1038374377,1038.374377,6282,0.630217,1,2026-08-29T13:30:00Z
player:bqy1z1xzk1io11we0v5tjior9,Filip Zorvan,CM,1003662752,1009977509,1009.977509,6272,0.629171,1,2026-08-27T16:00:00Z
player:ekz97oo88fcqhay2w2hrhecyc,Saïd El Mala,FW,1097817372,1104720919,1104.720919,6269,0.628843,1,2026-08-29T13:30:00Z
player:21vx56lpd276xqbu11ubkf78q,Ander Barrenetxea,AM_W,1201849649,1209402673,1209.402673,6265,0.62845,2,2026-08-29T17:00:00Z
player:8vhjmcgjbzpzd4vv3zb945p1w,Maghnes Akliouche,AM_W,1753737754,1764750950,1764.75095,6260,0.627984,1,2026-08-28T19:00:00Z
player:cs2yx3hiqjsb4i5ul2r5kmdat,Iago Aspas,FW,2199846871,2213644964,2213.644964,6253,0.62723,1,2026-08-27T18:30:00Z
player:4su5fvpjbsuaen8v7c1593vu1,Milos Krunic,GK,1000000000,1006270111,1006.270111,6251,0.627011,1,2026-08-27T19:00:00Z
player:baax58gbtxlbuj3duulpms4q1,Iddrisu Baba,CM,1136436537,1143562097,1143.562097,6251,0.627009,1,2026-08-27T19:00:00Z
player:9l7ph5603tbb7xwyxpvjg22fp,João Moutinho,CM,1408448665,1417252623,1417.252623,6231,0.625082,1,2026-08-27T18:30:00Z
player:ez9zc94k1nj4qxjf2hrvj5dgq,Yann Gboho,AM_W,1304238630,1312342348,1312.342348,6194,0.621337,1,2026-08-29T18:45:00Z
player:2gdzp0ijdj23owec5rprnn696,Bogdan Racovitan,CB,1050383148,1056905979,1056.905979,6191,0.620995,1,2026-08-27T17:00:00Z
player:es8orzwchom47yjt6nwwuc5qs,Tyrique George,FW,1069448465,1076080945,1076.080945,6183,0.620178,1,2026-08-29T14:00:00Z
player:8tby561bvneehgc584uiv479x,Andreas Bouchalakis,DM,1012304081,1018561933,1018.561933,6163,0.618179,1,2026-08-27T18:00:00Z
player:ajo4x6z5r2r4g8daotcqdjl04,Bartosz Mazurek,DM,1029377958,1035735270,1035.73527,6157,0.617588,1,2026-08-27T17:00:00Z
player:bqmhsb2bsuuuijw2ci39l01k9,Rodrigo Riquelme,CM,1144879754,1151923207,1151.923207,6133,0.615213,1,2026-08-29T15:00:00Z
player:3dm2bfuoyips4rbj0vhvbp9be,Iliman Ndiaye,AM_W,1408208703,1416852129,1416.852129,6119,0.613789,1,2026-08-29T14:00:00Z
player:e9kodigw308jx81ds56f4jv85,Ivan Nevistic,GK,937647915,943402202,943.402202,6118,0.613694,1,2026-08-26T19:00:00Z
player:7c2qwyzh82a45s25zmdahrd91,Aïssa Mandi,CB,1471127964,1480135080,1480.13508,6104,0.612259,1,2026-08-29T15:00:00Z
player:f2dutxek3uf0yi1ee32a3u2cq,Georgiy Sudakov,AM_W,1237279352,1244853689,1244.853689,6103,0.612177,1,2026-08-27T18:00:00Z
player:f427cs1hdfr3cjrww1zzy39t6,Artur Serobyan,CM,1011789960,1017980038,1017.980038,6099,0.611795,1,2026-08-27T16:00:00Z
player:3j8dy7bbcxi079r3cy4rdve5m,Kajetan Szmyt,FW,1000000000,1006101770,1006.10177,6083,0.610177,1,2026-08-27T16:00:00Z
player:dvqog8r05iw9zqr68l4fcnre2,Nikolas Veratschnig,CB,1024205309,1030423683,1030.423683,6053,0.607141,1,2026-08-27T17:00:00Z
player:8prrhz0d1i4vxkhgro8p42bxl,Tim Skarke,FW,1115501406,1122273339,1122.273339,6052,0.607075,1,2026-08-29T13:30:00Z
player:725lp72qyqzvbul0aarhvi99m,Robin Hranác,CB,945038136,950774699,950.774699,6052,0.607019,1,2026-08-29T13:30:00Z
player:706j6pk5i9vr8yj60gkbg4iga,Everton Bala,AM_W,997616778,1003664304,1003.664304,6044,0.606197,1,2026-08-26T19:00:00Z
player:bvs3rixmobb9gje6kfvhgb52i,Abel Bretones,CB,953208826,958969658,958.969658,6025,0.604362,1,2026-08-27T18:30:00Z
player:8rgy29sd9okehwq8bzyb3v0t1,Matías Dituro,GK,1382628603,1390978321,1390.978321,6021,0.603902,1,2026-08-28T17:00:00Z
player:du57v81nq8i9229p9n3v5dz9x,Renan,FW,1000000000,1006031695,1006.031695,6014,0.603169,1,2026-08-27T17:00:00Z
player:dxze3b3fsfl814bjcs7q6wcet,Virgil van Dijk,CB,2754022586,2770608588,2770.608588,6004,0.602246,1,2026-08-29T11:30:00Z
player:chfqy504a1mnfs67pbdbk0jfu,Samuel Soares,GK,988901732,994844781,994.844781,5992,0.600975,1,2026-08-27T18:00:00Z
player:1j1plbbup6ezu2h7c7wl2frvt,Pijus Sirvys,FB_WB,1006005641,1012031471,1012.031471,5972,0.598986,1,2026-08-26T19:00:00Z
player:5qpyf80if6m1o5vkwf1yt034l,Mbwana Samatta,FW,1063670466,1070037109,1070.037109,5968,0.598554,1,2026-08-29T18:45:00Z
player:lduqoe45t2fnbn9s9rbvlnf9,Robin Pröpper,CB,1084783359,1091268052,1091.268052,5960,0.597787,1,2026-08-27T16:15:00Z
player:9o7dle9x2co12u1nt8c9icq1h,Gustavo Varela,FW,1000000000,1005977391,1005.977391,5960,0.597739,1,2026-08-29T16:30:00Z
player:6wplm29z7qxxmujyc2ml19gix,Ionut Radu,GK,942898165,948512279,948.512279,5936,0.59541,1,2026-08-27T18:30:00Z
player:7hnmtyfmurizitwz1whecjnmy,Angelo Stiller,CM,2081092498,2093459669,2093.459669,5925,0.594263,1,2026-08-28T18:30:00Z
player:1kw6qz2pi7wlam068oeirztud,Jordan Obita,CB,988054915,993926199,993.926199,5925,0.594226,1,2026-08-27T19:00:00Z
player:3qv32eulpugf1n9f2inird9lh,Manfred Fischer,AM_W,1052164388,1058405675,1058.405675,5914,0.593186,1,2026-08-27T18:30:00Z
player:3bm08rp9rgzh6cjhk0picxs6h,Samuel Chukwueze,FW,1337099227,1345024111,1345.024111,5909,0.592692,1,2026-08-28T18:45:00Z
player:cdsidpd0i3ub2tvw47qt813x0,Nobel Mendy,CB,1095346745,1101818564,1101.818564,5891,0.590847,1,2026-08-29T14:00:00Z
player:b7l20ljluxk74v0ok82s0iz56,Adrián Bernabé,CM,1197763286,1204819038,1204.819038,5873,0.589077,1,2026-08-29T18:45:00Z
player:6jh8tjb497oqyqhv0qyudf9w5,Naser Aliji,CB,963385149,969058194,969.058194,5871,0.588866,1,2026-08-27T17:00:00Z
player:6zjzpbshmem98ecmuc852di0a,James McAtee,CM,1036173738,1042264476,1042.264476,5861,0.58781,1,2026-08-29T11:30:00Z
player:7x6mnev1ob4u5ffmdsvusb4rt,Alexander Isak,FW,1769675937,1780058464,1780.058464,5850,0.586691,1,2026-08-29T11:30:00Z
player:7fmhwcqlf4y5cn1j2ju1a8qhg,Douglas Owusu,CM,1003892680,1009763172,1009.763172,5831,0.584773,1,2026-08-27T18:00:00Z
player:ab470admyu96ui8vuuybym2vo,Karel Spácil,CB,1028460475,1034453935,1034.453935,5811,0.58276,1,2026-08-27T17:00:00Z
player:3jm69rca8lhbkxsw6l5zdrjtg,Daniel Adu-Adjei,FW,1018917803,1024854239,1024.854239,5809,0.582622,1,2026-08-27T18:45:00Z
player:6b0o88v7qb1zv05cs2kewi1nt,Oskar Repka,CM,1082939388,1089217914,1089.217914,5781,0.579767,1,2026-08-27T17:00:00Z
player:5frvf0owdyg0dtc8ckinrf2p6,Donat Rrudhani,CM,999064903,1004849791,1004.849791,5774,0.57903,1,2026-08-27T18:00:00Z
player:464o8uslv6z2fdm269j97gt4a,Osher Davida,FW,1012987473,1018850599,1018.850599,5771,0.578796,1,2026-08-27T16:00:00Z
player:a339o11ut8s1o9odm6ybc4pka,Thomas van den Belt,CM,1004908005,1010714156,1010.714156,5761,0.577779,1,2026-08-27T16:15:00Z
player:7wjdqyl3bkhsfca5cu4riwley,Strahinja Pavlovic,CB,1280674023,1288059467,1288.059467,5750,0.576684,1,2026-08-28T18:45:00Z
player:6phaoo48jbafqwlpiq1oxw50q,Falcão,CM,996780078,1002525126,1002.525126,5747,0.576361,1,2026-08-27T18:00:00Z
player:d8tcj4alsj46ncv7s47sqwjit,Nicolas Ngamaleu,FW,1072986626,1079162940,1079.16294,5740,0.575619,1,2026-08-27T17:00:00Z
player:9x5uo2wkxp9fk1arygbkl6u0a,Luka Sucic,CM,1172701398,1179447930,1179.44793,5736,0.575298,2,2026-08-29T17:00:00Z
player:9kn7hs1nbc0rcismky05z6zmx,Bruno Jordão,CM,1000000000,1005684046,1005.684046,5668,0.568405,1,2026-08-27T18:00:00Z
player:3w17p9bq9tagjph173q9jaicq,Janne-Pekka Laine,CM,1017543785,1023309273,1023.309273,5650,0.566608,1,2026-08-27T17:00:00Z
player:8tkhq0olg84yr1174sgcrxkru,Beau Reus,GK,1015047055,1020782192,1020.782192,5634,0.565012,1,2026-08-26T16:45:00Z
player:djelmk2oafas355n2u0d1bumt,Lewis Cook,CM,1262372403,1269480235,1269.480235,5615,0.563054,1,2026-08-29T14:00:00Z
player:4r6jcuotjs6rz8iwu20996z85,Marc Roca,DM,1294892005,1302178474,1302.178474,5611,0.562709,1,2026-08-29T15:00:00Z
player:6dqnwhx0eglxhelidxg0dphm2,Tyrick Mitchell,CM,1087050674,1093167007,1093.167007,5611,0.562654,1,2026-08-28T19:00:00Z
player:1i9mqbswolg91evnmsrf5katx,Tete Morente,FW,1057083266,1063006251,1063.006251,5588,0.560314,1,2026-08-28T17:00:00Z
player:6vtr5xi7mdoa8j4jq5y9j2j85,Aleksandar Dragovic,CB,1011507367,1017153510,1017.15351,5566,0.558191,1,2026-08-27T18:30:00Z
player:6kge6vcoa9ocnh6tb8qznfzkl,Milos Veljkovic,CB,965014646,970371848,970.371848,5536,0.555142,1,2026-08-27T17:00:00Z
player:1op4tks39vwt6djhzfesy15w4,Fodé Sylla,CM,1008498570,1014085502,1014.085502,5525,0.553985,1,2026-08-27T18:00:00Z
player:1wnemsdjzdpyhmt2liu05mtxw,David Mokwa,FW,1010162289,1015754212,1015.754212,5520,0.553567,1,2026-08-29T13:30:00Z
player:7gik3tsvqcnvjikze1sqj2rfu,Josh Mulligan,CM,993345241,998795934,998.795934,5472,0.548721,1,2026-08-27T19:00:00Z
player:5qgc6zjc38a5xjl35gs7h3vu1,Justin Kluivert,CM,1161413604,1167777746,1167.777746,5465,0.547965,1,2026-08-29T14:00:00Z
player:48gjuou5eashpj8wbwd18iju1,Igor Zubeldia,CB,1495666876,1503850699,1503.850699,5457,0.547169,2,2026-08-29T17:00:00Z
player:7zbu2y3nlj4dyhe1qdj15g3xl,Philipp Sander,DM,1225790567,1232492410,1232.49241,5452,0.546736,1,2026-08-29T13:30:00Z
player:5xa8x19ah0gsc4yxd31xbazft,Kristian Dimitrov,CB,983873402,989231567,989.231567,5431,0.544599,1,2026-08-26T19:00:00Z
player:8uzx6yb66zjn0ke2rwqlg7wus,Yannick Agnero,FW,1003633586,1009086939,1009.086939,5419,0.543361,1,2026-08-27T18:00:00Z
player:7odl8qgd0qak6w4ox0t3kg3kk,Davide Bartesaghi,CM,1036107562,1041728150,1041.72815,5410,0.542471,1,2026-08-28T18:45:00Z
player:9idaop0my5t0o4vrme7ynofai,Nico Maier,CM,1003747002,1009185057,1009.185057,5403,0.541775,1,2026-08-27T18:00:00Z
player:40hu79d2a4k94nc52z7dblpsl,Nicolás Tagliafico,CB,1055740057,1061453306,1061.453306,5397,0.541161,2,2026-08-29T18:45:00Z
player:ee47x7u6mfi8fnieq4sp6wcq2,Milot Avdyli,FB_WB,1040095378,1045719214,1045.719214,5392,0.540704,1,2026-08-26T19:00:00Z
player:bh4a2zneilpvi1t7etuhkfl61,Gonzalo Villar,CM,1159172679,1165429779,1165.429779,5383,0.53979,1,2026-08-28T17:00:00Z
player:4yzk41dkluqfxb8o3dbq06zqi,Andrés Martin,AM_W,1006064690,1011483923,1011.483923,5372,0.538657,1,2026-08-28T17:00:00Z
player:7o7vwlqxknci1fymzkn9hug6i,David Affengruber,CB,1412081361,1419656631,1419.656631,5350,0.536461,1,2026-08-28T17:00:00Z
player:routhh0ialijcg3egagouig9,Álvaro Vallés,GK,1532155167,1540366237,1540.366237,5345,0.535916,1,2026-08-29T15:00:00Z
player:c0ewvrtk657uw4t5rlv87mq51,Patrik Schick,FW,1628921273,1637631655,1637.631655,5333,0.534733,1,2026-08-29T13:30:00Z
player:2wnh8btu5jzvcybtp9sy6frbo,Jorge Salinas,CB,1004875787,1010240853,1010.240853,5325,0.533903,1,2026-08-28T17:00:00Z
player:6yc393e7obnizzhwng8o0yove,Issouf Sissokho,CM,1044757699,1050318757,1050.318757,5309,0.532282,1,2026-08-27T16:00:00Z
player:6lnttemmflhxp700fr069ty0a,Jon Olasagasti,DM,1066004019,1071671354,1071.671354,5302,0.531643,1,2026-08-29T15:00:00Z
player:18klwvbmiy49oyu3rdvmleg44,Samuel Lobato,CM,1000330586,1005613432,1005.613432,5267,0.52811,1,2026-08-27T16:15:00Z
player:sw0dx2bdqcc3nhjr3hhq10d0,Andjelo Sutalo,CM,1000000000,1005279887,1005.279887,5266,0.527989,1,2026-08-27T17:00:00Z
player:628n16k677wb1zsidcm3yz4rt,Filippo Delli Carri,CB,990415645,995618211,995.618211,5239,0.525291,1,2026-08-29T16:30:00Z
player:1lvm6o9yzcuqhfbw2wpk6en3e,Guilherme Montóia,CB,1000000000,1005198152,1005.198152,5185,0.519815,1,2026-08-27T16:00:00Z
player:bqbt9eix8zlp6rxzxofl6rjmc,Diego Gómez,AM_W,1110080376,1115827962,1115.827962,5164,0.517763,1,2026-08-27T18:30:00Z
player:6aix9yu384pv1caanqiol231l,Pablo Fornals,DM,2115589667,2126516241,2126.516241,5151,0.516479,1,2026-08-29T15:00:00Z
player:3k6znit6fd9mbfcnphlwyvj6d,Pascal Groß,DM,1568306315,1576399326,1576.399326,5147,0.516035,1,2026-08-27T18:30:00Z
player:6l3qxy394ay9e61daa1j6h42x,Zidane Banjaqui,CM,1000000000,1005150018,1005.150018,5137,0.515002,1,2026-08-27T16:00:00Z
player:arjwwth6yazptr851wu2u6e0a,Woo-Yeong Jeong,CM,1210620456,1216813400,1216.8134,5102,0.511551,1,2026-08-29T13:30:00Z
player:9vnr9uog5fmggich2i4vjxwbt,Alexis Saelemaekers,CM,1528554833,1536360587,1536.360587,5094,0.510662,1,2026-08-28T18:45:00Z
player:946z96r5q70ryslp3hlhafnx1,Ante Budimir,FW,1593502883,1601614842,1601.614842,5078,0.509065,1,2026-08-27T18:30:00Z
player:55la79k6l8zifz8o9vbp20991,Bernardo,CB,1097020643,1102567124,1102.567124,5043,0.505595,1,2026-08-29T13:30:00Z
player:e2vtm1318mm61db2wtj4m5p79,Davide Calabria,FB_WB,1067289227,1072678748,1072.678748,5037,0.504973,1,2026-08-27T17:00:00Z
player:ytuondt7viem6narft8s22ok,Dereck Moncada,FW,1001509524,1006563206,1006.563206,5033,0.504606,1,2026-08-27T16:00:00Z
player:8lytko7sennbc8u1f04p6ygkq,Darko Hrka,FB_WB,1027535223,1032708602,1032.708602,5022,0.503475,1,2026-08-26T19:00:00Z
player:c9lykzcr3q7hr50ui74iqastm,Sandro Cruz,CM,1017891940,1023016463,1023.016463,5022,0.503445,1,2026-08-26T19:00:00Z
player:36vtsnz3ifmeyi6m1katae5pm,Moris Valincic,CB,1004174223,1009213412,1009.213412,5006,0.501824,1,2026-08-26T19:00:00Z
player:8tqphrtr7fraqeunw67iwwq8l,Chima Okoroji,CB,1061488728,1066795326,1066.795326,4987,0.49992,1,2026-08-27T18:00:00Z
player:5enjhxrx2jrjqtgb9wwq0baax,Mark McKenzie,CB,1104965229,1110480074,1110.480074,4979,0.499097,1,2026-08-29T18:45:00Z
player:a5jrqzijth7e3uxl4phi83sdm,Nathan Ngoy,CB,1193160822,1199072962,1199.072962,4943,0.495502,1,2026-08-28T19:00:00Z
player:3qmpow56h8e5oncbsvij69hey,Cláudio Braga,FW,1009013480,1013993033,1013.993033,4923,0.493507,1,2026-08-26T16:45:00Z
player:6vjyshe1n2sz67m8txi4xwf84,Andreas Christou,CM,1001043544,1005965319,1005.965319,4905,0.491664,1,2026-08-27T17:00:00Z
player:ch1bilea3jhwexlcdin0llyc4,Roger Hinojo,CB,990103124,994970447,994.970447,4904,0.491598,1,2026-08-29T17:00:00Z
player:5kkvxgrt5y92hjj8hw28b7l9m,Serge Raux Yao,FB_WB,1083234525,1088552627,1088.552627,4897,0.490947,1,2026-08-26T16:45:00Z
player:7etm5qf3sonimtxllrw5xwkid,Erik Palmer-Brown,CB,1139518726,1145102494,1145.102494,4888,0.490011,1,2026-08-27T17:00:00Z
player:2wwbf11c9mc2psxaa8p58qnmc,Arthur Atta,AM_W,1118506029,1123979423,1123.979423,4882,0.489349,1,2026-08-29T16:30:00Z
player:bl4lretp33t0jj3icujkf45p1,Jean-Kévin Duverne,CB,891905531,896259141,896.259141,4869,0.488125,1,2026-08-27T17:00:00Z
player:b5rea5r4h8bclpenau2au142x,Santi Comesaña,CM,1639258082,1647257081,1647.257081,4868,0.487965,1,2026-08-28T19:30:00Z
player:d19yalwh3i2olvpwoi89feqjt,Jurgen Ekkelenkamp,AM_W,1079407578,1084661668,1084.661668,4856,0.486757,1,2026-08-29T16:30:00Z
player:3uqn1adw8rarez1gpen9vng7p,Waldemar Anton,CB,2429321498,2441110511,2441.110511,4841,0.48528,1,2026-08-29T16:30:00Z
player:7h0b81yjiiu356rycsakgd0yc,Omar El Hilali,CB,1023334493,1028294606,1028.294606,4835,0.484701,1,2026-08-29T17:00:00Z
player:8oaob0njabdeyb4ts4xj8eh62,Oleksandr Romanchuk,CB,1082166444,1087392306,1087.392306,4817,0.482907,1,2026-08-27T16:00:00Z
player:7w7ufa4v85hmj1qxnmqc4zgiy,Ibrahim Said,FW,995865265,1000645850,1000.64585,4789,0.480043,1,2026-08-27T16:45:00Z
player:3q41jqz0k88hrebr5id0k7zai,Patryk Makuch,AM_W,1016007773,1020881409,1020.881409,4785,0.479685,1,2026-08-27T17:00:00Z
player:ejzxqtdo5xxvbg6gvtju3lk9h,Albert Gudmundsson,FW,1623338783,1631090172,1631.090172,4764,0.477497,1,2026-08-29T16:30:00Z
player:53kd57a8pwjno3l6cou3nexn9,Juuso Hämäläinen,FB_WB,1009452584,1014265385,1014.265385,4756,0.476773,1,2026-08-27T17:00:00Z
player:aoi0mip1qm4hcmu30ig7t3l04,Gustavo Puerta,DM,1038185786,1043101101,1043.101101,4723,0.473452,1,2026-08-28T17:00:00Z
player:c0ijcsbmjfnl0ldvkzqthz0iy,Seth Saarinen,FB_WB,1014172944,1018973179,1018.973179,4722,0.473315,1,2026-08-27T17:00:00Z
player:jagvvzc7329tf2c64mnc251,Lewis Dunk,CB,2466152382,2477780417,2477.780417,4704,0.471505,1,2026-08-27T18:30:00Z
player:3fpnfgoy4lbpapv2th6g60cet,Mike Maignan,GK,2583815780,2595959972,2595.959972,4689,0.47001,1,2026-08-28T18:45:00Z
player:8e4wkgb71btkez592um5vts0k,James Abankwah,FB_WB,1005124493,1009846108,1009.846108,4687,0.469754,1,2026-08-29T16:30:00Z
player:9mf9yl7utp4pv5zczlz7t3o5w,Alexis Vossah,CM,970004082,974559438,974.559438,4685,0.469622,1,2026-08-29T18:45:00Z
player:9nwkxgbl8t933pzu60ye4xxxw,Kike Salas,CB,1336033300,1342284260,1342.28426,4668,0.467875,1,2026-08-29T19:30:00Z
player:2k18wcecasfnrys3vm9sm2lt5,Arijanet Muric,GK,1452582996,1459378274,1459.378274,4667,0.467807,1,2026-08-29T16:30:00Z
player:btfanvej91yogqzfml4vmsmei,Mika Biereth,FW,1160606206,1166032315,1166.032315,4664,0.467524,1,2026-08-27T16:45:00Z
player:7hw1plnv7nvxnqpnfnxcxszpx,Andreas Cornelius,FW,1022758104,1027536939,1027.536939,4662,0.46725,1,2026-08-27T17:00:00Z
player:ftw3io63hk5vuoa3lyfgowes,William Clem,DM,1048890338,1053785237,1053.785237,4656,0.466674,1,2026-08-27T17:00:00Z
player:albt55j4oir1veynmos532psk,Santiago Mouriño,CB,1335008725,1341225784,1341.225784,4646,0.465694,1,2026-08-28T19:30:00Z
player:4eezya3lwcwur6c8s6rl0rzvu,Yéremi Pino,FW,1319984231,1326121291,1326.121291,4639,0.464934,1,2026-08-28T19:00:00Z
player:1hxi6jvbthhyy1l1oqd7vsnhl,Hugo Vandermersch,CM,1001381665,1006016418,1006.016418,4618,0.462836,1,2026-08-27T18:00:00Z
player:d84upyw8b3umj864lyffolyj8,Harrison Armstrong,CM,1010050813,1014706441,1014.706441,4599,0.46093,1,2026-08-29T14:00:00Z
player:7j84ozqdpgupzxevbxemi5tyh,Douglas Luiz,DM,1584209683,1591511159,1591.511159,4598,0.460891,1,2026-08-29T18:45:00Z
player:8b3igmuipfhfzm39ack89de96,Kang-In Lee,CM,1673812690,1681464774,1681.464774,4561,0.457165,1,2026-08-29T19:30:00Z
player:6g7i7z6m8vts105dny1g6z3hm,Alex Freeman,CB,1036929559,1041658807,1041.658807,4550,0.456082,1,2026-08-28T19:30:00Z
player:evwzikhqpwulci3y20ckeoc15,Anderson Silva,FW,1011017248,1015627578,1015.627578,4550,0.456009,1,2026-08-27T17:00:00Z
player:7sd87ylfbtgwgpb70hf68cel1,Vangelis Pavlidis,FW,1281933175,1287773676,1287.773676,4546,0.455601,1,2026-08-27T18:00:00Z
player:5h537xsqxhri0a9e38oexyhhw,Alie Conteh,FW,1003896043,1008468018,1008.468018,4544,0.455423,1,2026-08-27T17:00:00Z
player:bibz1qxakmbflq73marmo4nop,Josha Vagnoman,FB_WB,869252176,873207796,873.207796,4540,0.45506,1,2026-08-28T18:30:00Z
player:1wileoy8mxtd2t1b106uhwzro,Thierno Barry,FW,1113481528,1118509598,1118.509598,4505,0.451563,1,2026-08-29T14:00:00Z
player:17iz3i6kzdxc115bdlgcgqdck,Adam Daghim,FW,1050807588,1055540043,1055.540043,4494,0.450364,1,2026-08-29T13:30:00Z
player:4xfqhlmr91ekmt75motqxetjo,Lukás Ambros,FW,1013103103,1017649555,1017.649555,4478,0.448765,1,2026-08-27T18:30:00Z
player:2922aevmtpw4qvcwohmxmqtbd,Takehiro Tomiyasu,CB,1028970915,1033577740,1033.57774,4467,0.447712,1,2026-08-28T19:00:00Z
player:2neid4doevn03b281smpp7o16,Lev Kurgin,FW,1000442098,1004916240,1004.91624,4462,0.447216,1,2026-08-27T18:30:00Z
player:3gelookco8f9ft0guaec03t3o,Tiago Santos,FB_WB,856852802,860667547,860.667547,4442,0.445204,1,2026-08-28T19:00:00Z
player:7repqxw3aug2xah0l2w27ls6h,Ioannis Pittas,FW,992992666,997404576,997.404576,4433,0.444304,1,2026-08-27T18:00:00Z
player:28ydbmnuvh07a5uqgy13plqzt,Nikola Stevanovic,CB,1005978802,1010436112,1010.436112,4421,0.443082,1,2026-08-27T16:00:00Z
player:4yya9b58ny1y2j2gj00t05rzd,Vladimir Screciu,CB,1023662620,1028196076,1028.196076,4419,0.442866,1,2026-08-27T16:00:00Z
player:byaovvyzh22vsvs0iitqeciy1,Jonathan Montiel,CM,1010463362,1014936162,1014.936162,4417,0.442648,1,2026-08-27T16:15:00Z
player:6g0yegi9hjhxws7obd46a1lp0,Olzhas Baybek,DM,1013556062,1018042521,1018.042521,4417,0.442645,1,2026-08-27T18:30:00Z
player:dcou83rgnu1d5q4p6q3ee8r1l,Lamin Jawo,FW,1012373652,1016851958,1016.851958,4414,0.442357,1,2026-08-27T16:00:00Z
player:2rvx2wlfj2rxzcgye6wiw0v84,Lucas Høgsberg,FB_WB,1082365312,1087134465,1087.134465,4397,0.440623,1,2026-08-29T15:15:00Z
player:avmg3kgpwdej4epsavjtxiyvo,Leandro Godoy,FW,1000000000,1004404142,1004.404142,4394,0.440414,1,2026-08-27T18:00:00Z
player:7nw2ismkbgv3u53ua2glahbhm,Merchas Doski,CB,1028065622,1032583372,1032.583372,4385,0.439442,1,2026-08-27T17:00:00Z
player:d608s0948uh3owqee7t0en7px,Dominik Kohr,CB,1329141166,1334940186,1334.940186,4353,0.436298,1,2026-08-29T13:30:00Z
player:3haxsyfrccsgw6x5jgbwdjze,Gianluca Busio,CM,1050454867,1055037433,1055.037433,4353,0.436246,1,2026-08-28T18:45:00Z
player:cc3j4hx9guihwjcb3l2toja50,Cyriaque Irié,CM,1016395357,1020817559,1020.817559,4341,0.435087,1,2026-08-27T16:45:00Z
player:45bv6x1iz3hj6dofzcwadxv55,Johannes Eggestein,FW,1082785617,1087471051,1087.471051,4318,0.43272,1,2026-08-27T18:30:00Z
player:6teffw7m19t1b3auxy22y4m0a,Umut Tohumcu,CM,1040542967,1045019543,1045.019543,4293,0.430215,1,2026-08-27T17:00:00Z
player:cugmerpydsw8kqbo2rle9npm2,Alexander Lind,FW,1000947895,1005249493,1005.249493,4288,0.429752,1,2026-08-27T18:00:00Z
player:2uoqktyygd6quotp195rvo6lm,Ivan Cubelic,CM,1010864976,1015208425,1015.208425,4288,0.429676,1,2026-08-27T18:45:00Z
player:8iazetrjur71kb2xfez7hromi,Oisin McEntee,CB,1028669845,1033080064,1033.080064,4278,0.42873,1,2026-08-26T16:45:00Z
player:8mjj0wgufggpc1ai2dk21h90p,Anthony Gordon,FW,1644440030,1651419176,1651.419176,4235,0.424409,1,2026-08-27T19:00:00Z
player:4212luiyivgvje1vm1ojieicq,Gabriel Vidovic,FW,1039490825,1043900909,1043.900909,4234,0.424254,1,2026-08-29T13:30:00Z
player:7tnuxlg9l4rjhc7j3ko36hduy,Antoine Semenyo,AM_W,1543075485,1549552322,1549.552322,4189,0.419736,1,2026-08-28T19:00:00Z
player:2r8s61bmydlumhg62wd0y6fis,Justin Janssen,CM,1038079550,1042429959,1042.429959,4182,0.419082,1,2026-08-27T18:00:00Z
player:13k94iyejsdn4e51jx32rb23u,Jeppe Kjær,FW,1003131038,1007315406,1007.315406,4163,0.417131,1,2026-08-27T17:00:00Z
player:9t0jh9kfw1225c8hoj0pu8cbu,Hákon Arnar Haraldsson,AM_W,1493778954,1500005835,1500.005835,4160,0.416854,1,2026-08-28T19:00:00Z
player:cmxmyld8l4gjy03zxskyxf5gq,Bruno Langa,FB_WB,999206191,1003370560,1003.37056,4159,0.416768,1,2026-08-27T16:15:00Z
player:f0ip30hmi0fv1xocqg23npd9m,Tómas Magnússon,CM,1003816464,1007977450,1007.97745,4137,0.414517,1,2026-08-26T16:45:00Z
player:86vljyutefh7yr3r9awcghh49,Marc Gual,FW,1056139205,1060488463,1060.488463,4110,0.411807,1,2026-08-27T18:30:00Z
player:8kj8kbwbfiqloxiilj0i00ep6,Iván Romero,FW,1043232856,1047528598,1047.528598,4109,0.411772,1,2026-08-29T15:00:00Z
player:2az0f39bhz2kvxhopalzi0h5h,Vincenzo Grifo,AM_W,2783373210,2794778884,2794.778884,4089,0.409779,1,2026-08-27T16:45:00Z
player:9mvwnz2zlvx54nggvvw3l9ega,Robbie Ure,FW,1000641556,1004729515,1004.729515,4077,0.408534,1,2026-08-29T19:30:00Z
player:cx6fxszjvjam6zb3c3p0dd1jo,Mika Godts,CM,1092860805,1097324410,1097.32441,4076,0.408433,1,2026-08-28T19:00:00Z
player:4gq1u1mqg0qzekh1u5djleeax,Dani Olmo,AM_W,1812430277,1819824894,1819.824894,4072,0.407995,1,2026-08-27T19:00:00Z
player:atvrysizvvwtt7fytcuhyt49,Ryan Giles,CM,999622753,1003695194,1003.695194,4066,0.407398,1,2026-08-29T14:00:00Z
player:8zc2u2dfrokzg3domqmt30s0l,Pedro Chirivella,CM,1291401418,1296656170,1296.65617,4061,0.406903,1,2026-08-27T17:00:00Z
player:2n3hi9p88xwnfuuybojrdb42y,Marten Winkler,FW,998913591,1002949743,1002.949743,4032,0.404054,1,2026-08-27T18:30:00Z
player:12qlz44l7n0ma03abxxjxltlg,Branko Pavic,CM,1005236418,1009272738,1009.272738,4007,0.401529,1,2026-08-27T18:45:00Z
player:7amefftr5evwcnzm718rfh9n8,Christian Kofane,FW,1089647229,1094022239,1094.022239,4007,0.401507,1,2026-08-29T13:30:00Z
player:9o1vesnpfiucpoq35ihhpstex,Vitaliy Mykolenko,CB,744292849,747279170,747.27917,4004,0.401229,1,2026-08-29T14:00:00Z
player:8j498fkairlyk82v1qprc13op,Marin Pongracic,CB,1743671587,1750664662,1750.664662,4003,0.401055,1,2026-08-29T16:30:00Z
player:buglwgk2hthoyqt1ocghya92i,Zaid Abner Romero,CB,1083016258,1087356402,1087.356402,3999,0.400746,1,2026-08-27T19:00:00Z
player:8dqghahifyr8tjcndw9pip3x0,Hjalte Boe Rasmussen,FW,1020351767,1024439917,1024.439917,3999,0.400661,1,2026-08-27T18:00:00Z
player:1fua3j2pq3ftsfwykefvs6u50,Andrija Bulatovic,CM,1038902506,1043064552,1043.064552,3998,0.400619,1,2026-08-29T15:15:00Z
player:7xdhy2xi9mrhzjn6aiatd9ono,Patrizio Masini,CM,1046607746,1050794620,1050.79462,3992,0.400042,1,2026-08-29T16:30:00Z
player:cl6720rdjeubt0bc3su0qg3qh,Julian Ryerson,CM,1076333117,1080631267,1080.631267,3985,0.399333,1,2026-08-29T16:30:00Z
player:1c4fzmrwmlwaqmqomge14rqc4,Dies Janse,CB,994976659,998945741,998.945741,3981,0.398912,1,2026-08-27T18:00:00Z
player:7m68sk6x5j4izvmi83h2e6kbu,Magnus Knudsen,AM_W,1030895340,1034979895,1034.979895,3954,0.396214,1,2026-08-27T18:00:00Z
player:8g23yqn52zuls4vk273t55ht6,Adrian Bajrami,FB_WB,1014943518,1018963899,1018.963899,3953,0.396119,1,2026-08-27T18:30:00Z
player:95r0jtkw03vjohzwc8os8ielm,Koni De Winter,CB,1205751293,1210522454,1210.522454,3949,0.3957,1,2026-08-28T18:45:00Z
player:ey0bk9dlqjwsc1aserql73aei,Paulo Bernardo,CM,1017070627,1021083094,1021.083094,3937,0.394512,1,2026-08-27T16:45:00Z
player:8y8s84rcmql9hx7y247ovlw45,Alexandru Cicâldau,CM,1036381170,1040454936,1040.454936,3923,0.393076,1,2026-08-27T16:00:00Z
player:dvdkp5fpz8vo2syvwya755tcl,Muamer Tankovic,AM_W,1085512654,1089764680,1089.76468,3909,0.391707,1,2026-08-27T17:00:00Z
player:eb85cx88u62iezjp4i0jjbg9g,Vasilije Kostov,AM_W,1008066359,1012013921,1012.013921,3908,0.391597,1,2026-08-27T17:00:00Z
player:6u8hwoz4rqh3rgztklwe478wl,Callum O'Dowda,CM,980288176,984118967,984.118967,3900,0.390782,1,2026-08-27T18:30:00Z
player:8z0395s37qe2lqi9qsvyskgk5,Marquinhos,CB,2384582038,2393896993,2393.896993,3899,0.390633,1,2026-08-28T19:00:00Z
player:155qepa0t9r0h2amq1wks9uy1,Jemali-Giorgi Jinjolava,CB,1000000000,1003895181,1003.895181,3888,0.389518,1,2026-08-27T16:00:00Z
player:at1ruslevx8yzmwdw6bzfx1t6,Cadu,CB,1107481927,1111792898,1111.792898,3885,0.389259,1,2026-08-27T18:30:00Z
player:9f0jk3wgmlnnmnqrdkh4gnpt6,Pau Víctor,FW,1090089933,1094328306,1094.328306,3881,0.388809,1,2026-08-27T18:30:00Z
player:cz1ls8n68toyvln5xduvxbac4,Sherhan Kalmurza,GK,998082840,1001960580,1001.96058,3878,0.388519,1,2026-08-27T18:30:00Z
player:2zkaf848fjcdhuii8783pkm7e,Youri Regeer,CM,1103237832,1107498072,1107.498072,3854,0.386158,1,2026-08-27T18:00:00Z
player:3e4s03gec7n4fe7llngv6hel0,Tidiam Gomis,FW,1006117639,1009983854,1009.983854,3835,0.384271,1,2026-08-29T13:30:00Z
player:d196vatyvq6ycn1q7d477d2i1,Gleison Bremer,CB,2299617303,2308449545,2308.449545,3833,0.384074,1,2026-08-29T18:45:00Z
player:5nb8n31f2vntmbe008uxee5ed,Jan Suchan,CM,991864834,995654814,995.654814,3814,0.382106,1,2026-08-27T16:00:00Z
player:60no437awq8i5th7nlffh3dn9,Jean-Victor Makengo,AM_W,1137551703,1141891681,1141.891681,3808,0.381519,1,2026-08-29T18:45:00Z
player:6kicom9a3lzp49urle78bevl6,Mason Greenwood,AM_W,2031893230,2039600855,2039.600855,3786,0.379332,1,2026-08-26T19:00:00Z
player:2x44f29a52v8kpkkjsuiiywdm,Francisco Conceição,AM_W,1317828131,1322822539,1322.822539,3783,0.378988,1,2026-08-29T18:45:00Z
player:8q7dkqs8jplatxwypj786rdd6,Mehdi Moubarik,DM,1011555952,1015379092,1015.379092,3772,0.377946,1,2026-08-26T19:00:00Z
player:1jpq7xvsg1xh51ff03qukrj84,Xavi Espart,CM,1032645792,1036537526,1036.537526,3762,0.37687,1,2026-08-27T19:00:00Z
player:e5z3qvavx4jag4653q536icmi,Alberto del Moral,CM,999720039,1003450587,1003.450587,3725,0.373159,1,2026-08-27T17:00:00Z
player:64pzn3jdqo6y2izlpm8n3tvpx,Manuel Neuer,GK,1282200826,1286975413,1286.975413,3717,0.372374,1,2026-08-28T18:30:00Z
player:3nto7ft0b2a47lqd7ethkkrxm,Oliver Antman,FW,1008079463,1011826201,1011.826201,3710,0.371671,1,2026-08-27T18:30:00Z
player:b7c3s9rkunqkgc3h3u8xbx71l,Matheus Silva,CB,926016503,929443923,929.443923,3694,0.370125,1,2026-08-27T16:15:00Z
player:ales756ei3kuztf85faf3ryfo,Nika Sikharulashvili,FW,1000000000,1003700344,1003.700344,3694,0.370034,1,2026-08-27T16:00:00Z
player:dfjph36vcwfj5cevut4x3vf11,Johan Mojica,CB,964420945,967981383,967.981383,3685,0.369179,1,2026-08-27T19:00:00Z
player:178x7qayi0zn7c24tkyl02yuh,Lars Lukas Mai,CB,1069774290,1073718872,1073.718872,3681,0.36873,1,2026-08-27T16:00:00Z
player:dn3llv8xjdbbndltfym5ar561,Rasmus Kristensen,CB,1088431905,1092428032,1092.428032,3665,0.367145,1,2026-08-27T18:45:00Z
player:b2e12l3s3dxgyr8d2rk5qb9ey,Yunus Musah,CM,988986734,992612916,992.612916,3660,0.366656,1,2026-08-28T18:45:00Z
player:dnoda2j8vhyppw1gt0s6x2044,Eddy Kouadio,FB_WB,1006308072,1009992312,1009.992312,3654,0.366115,1,2026-08-29T16:30:00Z
player:bvesmwgntot79952ng81ok50q,Lukas Fadinger,CM,1004973139,1008629835,1008.629835,3632,0.36386,1,2026-08-27T16:45:00Z
player:a7uy4gpcruteqevpmmgf8nd3o,Milan Aleksic,CM,1005153995,1008806078,1008.806078,3627,0.363336,1,2026-08-27T19:00:00Z
player:9iyoxevvkzxdw1ti9lptn6mi2,Artemijus Tutyskinas,CB,1038813220,1042584650,1042.58465,3624,0.363052,1,2026-08-26T19:00:00Z
player:czfitwajt0sayki90i3fk5n85,Jesper Gustavsson,CM,1008804979,1012460512,1012.460512,3617,0.362363,1,2026-08-27T17:00:00Z
player:7kjhx78gpi6m3r4j1b4jdyh91,Jonas Hofmann,CM,2174113510,2181987644,2181.987644,3615,0.362177,1,2026-08-29T13:30:00Z
player:5lfki1zoxd4l96hjbr2rw3d2h,Hugo Magnetti,CM,1133375106,1137473974,1137.473974,3610,0.361651,1,2026-08-29T18:45:00Z
player:1j9ty6ncoes22t954ygd6mpsk,David Ludvícek,CM,1008903402,1012498543,1012.498543,3557,0.356341,1,2026-08-27T17:00:00Z
player:5z8ycnd0smdkumi5fgtzf7c9h,Dean Henderson,GK,538062040,539979322,539.979322,3557,0.356331,1,2026-08-28T19:00:00Z
player:27wum5rq0cw9g7g33cbvc6kno,Ethan Mbappé,FW,1033518990,1037179670,1037.17967,3536,0.354196,1,2026-08-28T19:00:00Z
player:m030tubgf3zpgf0axzm7z26t,Domenico Berardi,FW,1888062178,1894745313,1894.745313,3533,0.353968,1,2026-08-29T16:30:00Z
player:cksi669gcnskpytzh70a43it,Carl Starfelt,CB,1746736172,1752912852,1752.912852,3530,0.353613,1,2026-08-27T18:30:00Z
player:bjdsvjk3045h7qle29hx8tmcq,Andrin Hunziker,FW,1018052942,1021637376,1021.637376,3515,0.352087,1,2026-08-27T18:00:00Z
player:45lcfmo0varfc325n562ul2j8,Amir Richardson,CM,1138523211,1142499159,1142.499159,3486,0.34922,1,2026-08-29T18:45:00Z
player:eahrhjbqt72t5gwlzsl9uqm6t,Kaan Kairinen,CM,1093887101,1097707012,1097.707012,3486,0.349205,1,2026-08-26T19:00:00Z
player:b6in87edb3zrhwe286u7n6f2t,Kristoffer Zachariassen,AM_W,1009488666,1012972292,1012.972292,3445,0.345088,1,2026-08-27T18:30:00Z
player:h12c7ocq35slzrop3ltnrsnp,Guglielmo Vicario,GK,1583330930,1588776499,1588.776499,3433,0.343931,1,2026-08-29T18:45:00Z
player:epndkpxnkv3xwl9vjqbs95bhm,Gasper Trdin,DM,997366474,1000795945,1000.795945,3433,0.343853,1,2026-08-26T19:00:00Z
player:6disrpsqjrkg0ye06a5y6box5,Giorgi Kochorashvili,CM,999987000,1003403652,1003.403652,3411,0.34167,1,2026-08-29T19:30:00Z
player:1wezo3pjdktc0iqaxze3uh2sq,Iker Muñoz,CM,1018025361,1021467298,1021.467298,3375,0.338099,1,2026-08-27T18:30:00Z
player:1sdsqfn743j5tqem8ra7sppn8,Franculino,FW,1112331710,1116087715,1116.087715,3371,0.33767,1,2026-08-27T18:45:00Z
player:4zve4017u2i3zvxlnjruv25t5,Antonio Blanco,CM,1248794970,1253003193,1253.003193,3364,0.336983,1,2026-08-28T19:30:00Z
player:eb48g14m2erkf7yzqz8gj4u6t,Ludwig Augustinsson,FB_WB,990398395,993735148,993.735148,3363,0.33691,1,2026-08-27T18:30:00Z
player:2ug6r2zkj1nzov4hx4l37saac,Ismail Bekbolat,FW,1001821657,1005180476,1005.180476,3347,0.335271,1,2026-08-27T18:30:00Z
player:ye3b5ik6y01xa4mktr16iuqc,Diego Rodrigues,AM_W,1001602693,1004942906,1004.942906,3329,0.333487,1,2026-08-27T18:30:00Z
player:4etlz8s6zw1mzlp4xa483jecq,Niklas Hedl,GK,1089178935,1092807133,1092.807133,3326,0.333113,1,2026-08-26T16:45:00Z
player:e51jmlxup2pdr8ikl98etxgd0,Trey Nyoni,CM,1003360635,1006677526,1006.677526,3300,0.330578,1,2026-08-29T11:30:00Z
player:1v8r5d4v9eh3011wmwhk3v36d,Mislav Orsic,AM_W,1082525101,1086101952,1086.101952,3299,0.330417,1,2026-08-26T19:00:00Z
player:59ujnkvl7rlffomi2bqpsmbpx,Ché Adams,FW,1316156701,1320500348,1320.500348,3295,0.330025,1,2026-08-29T16:30:00Z
player:6pavdf2072176dag5nt8qni8k,Gianluca Prestianni,CM,1032261910,1035653024,1035.653024,3280,0.328513,1,2026-08-27T18:00:00Z
player:9xyhn7xadm9zl908lonnj0x04,Thiago Fernández,FW,1027903420,1031271917,1031.271917,3272,0.327706,1,2026-08-29T15:00:00Z
player:73aues52n0vmq59vvvsqrqcid,Badavi Hüseynov,CB,1074458982,1077965001,1077.965001,3258,0.326306,1,2026-08-27T16:15:00Z
player:5uig03vbbv71f0q31cp3vfbv9,Eray Cömert,CB,1302037052,1306262527,1306.262527,3240,0.324528,1,2026-08-29T16:30:00Z
player:25vb30mtetefhp3ix26nlhx0q,Malik Tillman,AM_W,1253432767,1257495515,1257.495515,3236,0.32413,1,2026-08-29T13:30:00Z
player:3p2ogpoplqaz93ijkcaez5qll,Martin Zlomislic,GK,1061171307,1064600003,1064.600003,3226,0.323105,1,2026-08-27T16:15:00Z
player:e659q6lc7hc6df14k7rxh6hud,Renato Steffen,FW,1186404864,1190236324,1190.236324,3224,0.322947,1,2026-08-27T16:00:00Z
player:5b3n7shchd7m2a11l5801d2w9,Jozo Stanic,CB,1036018827,1039352967,1039.352967,3213,0.321822,1,2026-08-27T18:00:00Z
player:5r1v2w303bvj0vv1893qr5d5h,Mark Brink,CM,1053282878,1056632395,1056.632395,3175,0.318007,1,2026-08-27T18:00:00Z
player:avtbng9l03cdal3qxjtuhppg4,Jamie Knight-Lebel,FB_WB,1000774364,1003951868,1003.951868,3170,0.317505,1,2026-08-27T16:45:00Z
player:2zvbw080n4yro1phgv39ri3qi,Théo Le Bris,CM,978248561,981350128,981.350128,3166,0.317053,1,2026-08-29T18:45:00Z
player:93mfx60imfs1lx341b3ae7wgk,Keisuke Goto,FW,1002792721,1005971261,1005.971261,3165,0.316969,1,2026-08-27T16:45:00Z
player:d3ppqv1v0qgjcjrf6q9xlvap5,Dominik Takác,GK,976639481,979722393,979.722393,3152,0.315665,1,2026-08-26T19:00:00Z
player:db4tif44awujo30rwmvshu7hm,Gustavo Mendonça,AM_W,1000234027,1003386078,1003.386078,3146,0.315131,1,2026-08-27T18:30:00Z
player:5ayo0fp6wod7cqg71e38zdz4k,Adama Boiro,CB,937270831,940219571,940.219571,3141,0.314609,1,2026-08-27T19:00:00Z
player:jvtea24o3s6ze8etqk0rqgru,Dilane Bakwa,FW,1138515253,1142088616,1142.088616,3134,0.313862,1,2026-08-28T19:00:00Z
player:dg6vrx8k026l7f8ytbu1xxj9x,Phillip Tietz,FW,1251380075,1255306229,1255.306229,3133,0.313746,1,2026-08-29T13:30:00Z
player:og090mw7ae5fkg397p9g0ru1,Dominik Schmid,CB,1013246704,1016424707,1016.424707,3132,0.313646,1,2026-08-27T17:00:00Z
player:9hkjwkdnvzeax9s0c4ghsqsfe,Peter Pokorny,CM,1034192174,1037419989,1037.419989,3116,0.31211,1,2026-08-26T19:00:00Z
player:b2ak3yqqaexteldtl135erpx,John Egan,CB,1009730550,1012881357,1012.881357,3116,0.312044,1,2026-08-29T14:00:00Z
player:3r7d9llia7ygjfwxubh5wdj4k,Krisztián Lisztes,FW,1000939128,1004054786,1004.054786,3108,0.311273,1,2026-08-27T18:30:00Z
player:67nybn375tyqdqae4m1yk407o,Mathias Tønnessen,FB_WB,1007489439,1010603505,1010.603505,3086,0.309092,1,2026-08-27T18:30:00Z
player:539es15hqaq9gnqng4dmdoums,Nassim Zoukit,CM,1013297237,1016426305,1016.426305,3083,0.308801,1,2026-08-27T18:00:00Z
player:1lnktjxx0mux4beo28cl54j1m,Thijs Dallinga,FW,1424555732,1428942627,1428.942627,3075,0.307948,1,2026-08-29T13:30:00Z
player:dodddfi0l5i36vlgbaybhzeqy,Micky van de Ven,CB,1408837645,1413172126,1413.172126,3072,0.307664,1,2026-08-29T16:30:00Z
player:dphjm5otyeb004tqonfbbct90,Damir Redzic,AM_W,1011680045,1014789327,1014.789327,3069,0.307338,1,2026-08-27T17:00:00Z
player:asvqr3i5wcjiajxipt1qvldyh,Mattéo Guendouzi,DM,1706667745,1711912535,1711.912535,3068,0.307312,1,2026-08-26T19:00:00Z
player:2c796ozt5nw1l8n61cwtv9all,John Yeboah,FW,1037072960,1040254156,1040.254156,3063,0.306748,1,2026-08-28T18:45:00Z
player:849wrp9wm8cjyrbshlaukyz56,Nicolai Remberg,CM,1109178885,1112569463,1112.569463,3052,0.305684,1,2026-08-29T16:30:00Z
player:8h9sizm6iwpsyvg6w81fvbsyy,Osman Bukari,FW,1088406829,1091729983,1091.729983,3049,0.305323,1,2026-08-27T17:00:00Z
player:ex0sua0fyuk5kb3uwbxm7brvt,Tudor Baluta,CM,1037076814,1040230647,1040.230647,3036,0.304108,1,2026-08-27T16:00:00Z
player:f2o5hj0e2k3kw0fj1xzom0cet,Kevin Stöger,AM_W,1701205309,1706375107,1706.375107,3034,0.30389,1,2026-08-29T13:30:00Z
player:5240u8emo4o2ma2oqva237cic,Javi Hernández,AM_W,1020026266,1023088864,1023.088864,2998,0.300247,1,2026-08-29T17:00:00Z
player:e5fnoxb8f2hycjx4gnmce2wvd,Martin Erlic,CB,1025681230,1028757655,1028.757655,2995,0.29994,1,2026-08-27T18:45:00Z
player:4et6r42e7q2ojgaumwnua2kgk,Marc Bernal,DM,1080518698,1083755886,1083.755886,2991,0.299596,1,2026-08-27T19:00:00Z
player:72pvwj4z6j8xwsgs6zlhr5e6s,Nelson Deossa,CM,1040800778,1043911393,1043.911393,2984,0.298867,1,2026-08-29T15:00:00Z
player:5tc1y5n3h4ties7gbc3zd9j6y,Sergio Carreira,CM,1095252143,1098523508,1098.523508,2982,0.298686,1,2026-08-27T18:30:00Z
player:dom2gtnelp3yqgtnchnli0ftg,Ernest Nuamah,AM_W,1197653680,1201230280,1201.23028,2982,0.298634,2,2026-08-29T18:45:00Z
player:1riebanoqbl7brs1bm3lkgxlg,Mario Martín,CM,987881029,990821449,990.821449,2972,0.297649,1,2026-08-27T19:00:00Z
player:7dnu1vdavskc4ct33k88lpdcl,Patrick Cutrone,FW,1109813922,1113107626,1113.107626,2963,0.29678,1,2026-08-29T16:30:00Z
player:3ququf2ubkzj001u1pwxygutw,Christian Zawieschitzky,GK,1016943504,1019950139,1019.950139,2952,0.295654,1,2026-08-27T17:00:00Z
player:5he3j18ix8tre84r8uls8ytm2,Joe Hodge,CM,1011070857,1014057245,1014.057245,2949,0.295369,1,2026-08-27T16:45:00Z
player:7yim2aepctujr2m4p20a97755,Elías Ólafsson,GK,1200940620,1204486181,1204.486181,2948,0.295232,1,2026-08-27T18:45:00Z
player:biyxl9czh4bwjwhc306btp5re,Fabio Saiz,CM,1010753754,1013735666,1013.735666,2946,0.295019,1,2026-08-27T18:00:00Z
player:451kwpccebq3457c7jw8toz4l,Jakob Haugaard,GK,1031656137,1034695442,1034.695442,2942,0.294604,1,2026-08-27T18:30:00Z
player:27xj7me8icr5ptta7kwx0kfs9,Armand Laurienté,FW,1676746347,1681669175,1681.669175,2932,0.293594,1,2026-08-29T16:30:00Z
player:1f37bo8dikes3350u2a0h9hm2,Marco Brescianini,CM,1027316665,1030329715,1030.329715,2929,0.293293,1,2026-08-29T16:30:00Z
player:ehcqaw2t427um4y3kxhtb9i0a,Maksym Khlan,FW,1005764481,1008705262,1008.705262,2920,0.292393,1,2026-08-27T16:45:00Z
player:2fsgc0b4mvwpenawmit0q0bmd,Mario Pasalic,CM,2140984357,2147213648,2147.213648,2905,0.290955,1,2026-08-27T18:00:00Z
player:9fnlovufzfgm8s2zwb61paehh,Marco Bürki,CB,995305298,998192045,998.192045,2896,0.290036,1,2026-08-27T18:00:00Z
player:9vf02r3geinhsy732oxyrcacq,Ismael Saibari,FW,1116626403,1119858189,1119.858189,2890,0.289424,1,2026-08-28T18:30:00Z
player:culbbgu1o5fdbl3gxz54rbn4l,Felix Passlack,CM,902857088,905453032,905.453032,2871,0.287525,1,2026-08-27T19:00:00Z
player:7cpkykvmy8ujrahzdz7ksk2c5,Peter Ankersen,CB,1023822025,1026763041,1026.763041,2868,0.287259,1,2026-08-27T18:00:00Z
player:d9i8y5vlymc2yggwxrax8wcbu,Hidemasa Morita,DM,1070105243,1073177271,1073.177271,2867,0.287077,1,2026-08-29T14:00:00Z
player:e0hk5aepnpo7cne006zwahfx1,Franck Honorat,FW,1563243767,1567724434,1567.724434,2862,0.286626,1,2026-08-29T13:30:00Z
player:2omsfx51ie3e92en7k6a3dwtm,Matthias Seidl,CM,1160219851,1163540229,1163.540229,2858,0.286185,1,2026-08-26T16:45:00Z
player:5gvrq1nynyzsrykbfj7tvlses,Erik Kojzek,FW,1000031350,1002881326,1002.881326,2846,0.284989,1,2026-08-27T19:00:00Z
player:1swg0twoet2to70z38wo78b1l,James Penrice,FB_WB,1010033280,1012910017,1012.910017,2844,0.284816,1,2026-08-27T16:00:00Z
player:aou0s44ekqc7vyp71mjf8n3mc,Simon Ebonog,CM,960869591,963592341,963.592341,2830,0.283363,1,2026-08-29T18:45:00Z
player:e0bl098mg51jrol2hhbaply3t,Giorgi Kutsia,CM,1000000000,1002820281,1002.820281,2816,0.282028,1,2026-08-27T16:00:00Z
player:atawelbstg96dp699p8b8e505,Miha Zajc,CM,1022570826,1025440089,1025.440089,2802,0.280593,1,2026-08-26T19:00:00Z
player:5ifhs7xprkigyxo4upbz67n1m,James Eto'o,CM,1000000000,1002794354,1002.794354,2790,0.279435,1,2026-08-27T18:00:00Z
player:2xpoljxhc1nnjveb06ipqvpt6,Fodé Doucouré,AM_W,1026946933,1029748608,1029.748608,2724,0.272816,1,2026-08-29T18:45:00Z
player:9tw6rz3lfmn06fzsabtx9ei95,Nahuel Tenaglia,CB,1087449086,1090415538,1090.415538,2724,0.27279,1,2026-08-28T19:30:00Z
player:d87uduceapind7lgv6273xedw,Lucas Cepeda,FW,1013020745,1015783997,1015.783997,2724,0.272773,1,2026-08-28T17:00:00Z
player:39dwpq2gkv0dqgw4divnkunhm,Lenny Joseph,FW,1041578831,1044405837,1044.405837,2710,0.271415,1,2026-08-27T18:30:00Z
player:79mo2l821d5zq6dyrg9qkpf4l,Emmanuel Boateng,FW,1002880583,1005597374,1005.597374,2705,0.270899,1,2026-08-27T18:00:00Z
player:anzk8a183bh3gf3gcuz0v0tuc,Buba Sangaré,FB_WB,976637026,979280255,979.280255,2703,0.270646,1,2026-08-28T17:00:00Z
player:3brp9vcz7bja0nfic48rx4p1x,Rodrigão,CB,1068111354,1070966627,1070.966627,2670,0.26732,1,2026-08-27T17:00:00Z
player:arxu3yjspsjmmobkj92c79ze2,Jussi Niska,FB_WB,1002040864,1004716885,1004.716885,2667,0.267057,1,2026-08-27T17:00:00Z
player:5i2tc06romjqx7a7wlu1iye7e,Samuel Dahl,CB,984456437,987084837,987.084837,2666,0.26699,1,2026-08-27T18:00:00Z
player:6ufkq71qh9wrfyaez5yi94e09,Chidera Ejuke,FW,1147527777,1150581266,1150.581266,2657,0.266093,1,2026-08-29T19:30:00Z
player:1ic5mnwhm510mptrxz04zmtm2,Dion Drena Beljo,FW,1205216443,1208405230,1208.40523,2642,0.264582,1,2026-08-26T19:00:00Z
player:4ml8pyt3rxwxakjxslg0c8kb9,Gianluca Scamacca,FW,1535193407,1539243793,1539.243793,2635,0.263836,1,2026-08-27T18:00:00Z
player:b9942fy1bive5kftqvkk9oavo,Asen Mitkov,CM,994365285,996981494,996.981494,2628,0.263103,1,2026-08-26T19:00:00Z
player:d95i3fwjrk3ti4co645mde76x,Niklas Schmidt,CM,1194414470,1197553861,1197.553861,2625,0.262839,1,2026-08-29T18:45:00Z
player:1rmox6tf7r283dca2vi844kr8,Aske Adelgaard,CB,1004752076,1007387148,1007.387148,2619,0.262261,1,2026-08-27T16:15:00Z
player:drwacyyicuhy3heg4j0ipqj85,Ayoze Pérez,FW,1553677912,1557752519,1557.752519,2619,0.262256,1,2026-08-28T19:30:00Z
player:e3h1tvkjrapl7usr04np8759m,Daniel Neil,CM,1003634347,1006262284,1006.262284,2615,0.261842,1,2026-08-27T16:00:00Z
player:ef2n7d6rysar49toiz2k3obth,Kenny Lala,CB,855424273,857663020,857.66302,2614,0.261712,1,2026-08-29T18:45:00Z
player:xv5up135bp0zde0f1ays0fhm,Franco Baldassarra,CM,1001769318,1004387354,1004.387354,2610,0.261341,1,2026-08-27T17:00:00Z
player:bf2pf3hs8gcvub4ivlve12ymt,Lucas Vázquez,CM,1290723611,1294095966,1294.095966,2609,0.261276,1,2026-08-29T13:30:00Z
player:9um7x9zd0e000zt57l3yearqh,Iván Martin,CM,1461075185,1464866243,1464.866243,2591,0.25947,1,2026-08-28T17:00:00Z
player:7c2wnewpcf1idj6ghj6gu0wyd,Marc Cucurella,CM,1456105706,1459881718,1459.881718,2590,0.259323,1,2026-08-26T19:00:00Z
player:e5hecb7wjysyz5vvy1u8wbspg,Stav Turiel,CM,1000000000,1002590226,1002.590226,2587,0.259023,1,2026-08-27T18:00:00Z
player:28psc296gj3umo59qqha8jil1,Denis Suárez,CM,1244201622,1247420303,1247.420303,2584,0.258694,1,2026-08-28T19:30:00Z
player:4v4apt20bba429lme218ksiui,Yeboah Amankwah,CB,1000694486,1003278270,1003.27827,2579,0.258199,1,2026-08-27T17:00:00Z
player:b2rqgjegzeyq6wy6qu63zz2fo,Unai Gómez,AM_W,1042246570,1044933314,1044.933314,2575,0.257784,1,2026-08-29T16:30:00Z
player:7rz0lp58sfrby20ksgwtswui2,Ludvig Svanberg,CB,1000000000,1002564456,1002.564456,2561,0.256446,1,2026-08-27T17:00:00Z
player:b275i2lg3anqae5lv9gmrzmqx,Pascal Struijk,CB,1424864895,1428494018,1428.494018,2544,0.254699,1,2026-08-27T18:30:00Z
player:b3vvxolwxcukqk76hb4scvh79,Amir Murillo,CB,1050516126,1053188620,1053.18862,2541,0.254398,1,2026-08-27T17:00:00Z
player:15948izygnu32cu1pw6h5wp9l,James Garner,DM,1231322001,1234442510,1234.44251,2531,0.253428,1,2026-08-29T14:00:00Z
player:1pydinjl2lotah04k7jp0uthx,Rafal Janicki,CB,1007052088,1009524808,1009.524808,2452,0.24554,1,2026-08-27T16:45:00Z
player:7ld784sfqk29tlvpes2f4vcru,Daisuke Yokota,FW,1007747939,1010215549,1010.215549,2446,0.244864,1,2026-08-27T16:00:00Z
player:et72bvivn2sh4gq9lb2fbsm50,Dro Fernández,CM,1039097971,1041637155,1041.637155,2441,0.244364,1,2026-08-28T19:00:00Z
player:97nqu0mjr4ulkoiqn3y6nsmzu,Loum Tchaouna,AM_W,1034296631,1036782855,1036.782855,2401,0.240378,1,2026-08-29T14:00:00Z
player:9xbo6c8uq29ueuyinngjjiaj9,Rubén Garcia,FW,1467673606,1471200530,1471.20053,2400,0.240307,1,2026-08-27T18:30:00Z
player:a145j0ygpazk4wq1qo8wiamz9,Matej Vydra,FW,1082184843,1084782914,1084.782914,2398,0.240076,1,2026-08-27T17:00:00Z
player:c7n2b2gq381k0o0jizqueii5m,Mathias Kjølø,CM,1037576807,1040040220,1040.04022,2371,0.23742,1,2026-08-27T16:15:00Z
player:cg2dpmeot9vtf40lnvg5scxsk,Sota Kitano,AM_W,1016277439,1018683253,1018.683253,2364,0.236728,1,2026-08-27T17:00:00Z
player:btl07lxy29q5k36jjicd4ht78,Sampson Dweh,CB,1206701978,1209541623,1209.541623,2350,0.235323,1,2026-08-27T17:00:00Z
player:dzv5f93w5fsnfzohaev6e3rx0,Désiré Doué,FW,1654895122,1658774447,1658.774447,2341,0.234415,1,2026-08-28T19:00:00Z
player:8q9kk7hma76er67i14rws9st0,Klevi Qefalija,CM,990349864,992666505,992.666505,2336,0.233921,1,2026-08-27T17:00:00Z
player:9hq2uyvs644x2343owzuhxfbp,Ante Majstorovic,CB,1031860685,1034260751,1034.260751,2323,0.232596,1,2026-08-27T18:45:00Z
player:ch8y2mimoj3mywwt30wmeozqh,Assaf Tzur,GK,1020423552,1022796409,1022.796409,2323,0.232536,1,2026-08-27T18:00:00Z
player:rblijalj0qnu455jtjoi3pjo,Samuel Vignato,CM,1049058399,1051497575,1051.497575,2322,0.232511,1,2026-08-27T18:45:00Z
player:c68syh6axbkqmcmvrpumqb8mi,Martín Satriano,FW,1192914991,1195686993,1195.686993,2321,0.232372,1,2026-08-27T19:00:00Z
player:7ma1le5xcikugjhqfafh0lkvd,Benny,CM,1000000000,1002314135,1002.314135,2311,0.231413,1,2026-08-27T16:00:00Z
player:3zwqcq88lbvg1rp2ribofi47p,Rokas Lekiatas,FB_WB,1002172274,1004477010,1004.47701,2297,0.229974,1,2026-08-27T17:00:00Z
player:4ax49niuix9tiqdv05y3vbdn9,Ricardo Mangas,CM,916938307,919036504,919.036504,2286,0.228826,1,2026-08-29T16:30:00Z
player:6l1y87tlepsvr83d8y2qifeqy,Gerard Martín,CB,1249021282,1251865813,1251.865813,2275,0.227741,1,2026-08-27T19:00:00Z
player:bt14dhf0l9mchdmbh7ygtzeqy,Julian Hettwer,AM_W,999933290,1002209426,1002.209426,2274,0.227629,1,2026-08-27T18:30:00Z
player:cp6sk93jxnyy6rgc4xdt1u7f8,Andrews Tetteh,FW,1025715072,1028049715,1028.049715,2274,0.227611,1,2026-08-27T17:00:00Z
player:bc5vmdnoyshdi5hcgu8dgqxyi,Rocco Reitz,CM,1222934132,1225689189,1225.689189,2250,0.225283,1,2026-08-29T13:30:00Z
player:av2iblvadx7u9cj27qgbm09ka,Tae-Seok Lee,CM,1005882087,1008141352,1008.141352,2244,0.224605,1,2026-08-27T18:30:00Z
player:29zdptn1qw7mfwioylxsfz8r8,Hélio Varela,FW,1004156822,1006408635,1006.408635,2240,0.224249,1,2026-08-27T16:00:00Z
player:br7zigajqee6fms35zhm1sb8p,Facundo Medina,CB,2151953422,2156769594,2156.769594,2236,0.223805,1,2026-08-29T13:30:00Z
player:307whzq643o50rd4g8niobyay,Nicolas Seiwald,CM,1411247414,1414392576,1414.392576,2226,0.222864,1,2026-08-29T13:30:00Z
player:b7ve7k983eaewnupejiow3jdh,Christian Günter,FB_WB,430916042,431865815,431.865815,2202,0.220408,1,2026-08-27T16:45:00Z
player:en2c7z1raqmcwee78297pbnu2,Eduardo Camavinga,CM,2154342357,2159067082,2159.067082,2191,0.219312,1,2026-08-26T19:00:00Z
player:ax1f2gncrjm3q6wixxdr4chzo,Lucas Vennegoor of Hesselink,FW,1000038465,1002217914,1002.217914,2177,0.217937,1,2026-08-27T16:15:00Z
player:4dhwhmlxv8j4ye08lpvfggqhg,Diogo Travassos,FW,999978892,1002145149,1002.145149,2164,0.21663,1,2026-08-27T18:30:00Z
player:63tj5b59b7en3tnd4sjff8woa,Lorenzo Bernasconi,FB_WB,1027687201,1029905847,1029.905847,2157,0.215887,1,2026-08-27T18:00:00Z
player:8lqiyhgp90sxu9bzmaa1o3t62,Toon Raemaekers,CB,1098253181,1100620315,1100.620315,2153,0.215536,1,2026-08-27T18:30:00Z
player:bwqqecmqm76v5b83v1cz891p1,Jae-Sung Lee,CM,1539894642,1543178562,1543.178562,2130,0.213256,1,2026-08-29T13:30:00Z
player:1bsuauhm792sfnupchlm5qj8p,Ester Sokler,FW,1004836194,1006962484,1006.962484,2114,0.211606,1,2026-08-27T16:00:00Z
player:88ddl23hbe7i6nb4wl11izjai,Florian Wustinger,CM,1001420172,1003536853,1003.536853,2111,0.211368,1,2026-08-27T18:30:00Z
player:64m66igcqedopml1uczlh3fh0,Jeremy Agbonifo,FW,1019951423,1022106796,1022.106796,2111,0.211321,1,2026-08-27T16:00:00Z
player:9xxo1puezw81bwbzo12ud711w,Stephen Ende,FW,1000000000,1002094721,1002.094721,2093,0.209472,1,2026-08-27T16:00:00Z
player:4621v1ktz4h1x23o268m5ociy,Marcos Leonardo,FW,1011315777,1013430281,1013.430281,2089,0.209084,1,2026-08-27T18:00:00Z
player:1hlvnmu8we38d44sdexhhxcyd,Eduard Sobol,CM,975289433,977316611,977.316611,2076,0.207854,1,2026-08-27T16:00:00Z
player:5cw4n6kdaa7imeyaiuo2pnq39,Dodi Lukébakio,AM_W,1365886955,1368689917,1368.689917,2050,0.205212,1,2026-08-27T18:00:00Z
player:3hsh863l2s8rhwu8tpjo7lus4,Ilane Touré,CM,1000385753,1002414154,1002.414154,2026,0.202762,1,2026-08-27T16:45:00Z
player:ebzt12h6z4a9mok0rohagmzf9,Thomas Strakosha,GK,1062011042,1064159968,1064.159968,2021,0.202345,1,2026-08-26T19:00:00Z
player:75079gtd2efpviyo605ozsd79,Sergio Canales,AM_W,1528725714,1531806894,1531.806894,2013,0.201552,1,2026-08-28T17:00:00Z
player:7gjpyajgsq0pd71bq30m69xpl,Gustavo Hamer,CM,1035481800,1037560438,1037.560438,2005,0.200741,1,2026-08-29T14:00:00Z
player:9qe7czo24c9hz308iuzgx9nxm,Hyeon-Gyu Oh,FW,1055312332,1057420720,1057.42072,1996,0.199788,1,2026-08-27T17:00:00Z
player:94sln58zt76ydfvs4pl7xkqy2,Ardon Jashari,CM,1116707465,1118936473,1118.936473,1994,0.199605,1,2026-08-28T18:45:00Z
player:bfdtduknquzhr2br7ahlgvvo4,Renato Veiga,CB,1230229473,1232667648,1232.667648,1980,0.198189,1,2026-08-28T19:30:00Z
player:aplc9mad75h1k90o3qla9c7l6,Patrick Wimmer,CM,1237936650,1240389314,1240.389314,1979,0.198125,1,2026-08-29T13:30:00Z
player:9pi6iv3v58tzwbnaojw7udr6d,Lászlo Bénes,CM,1027656534,1029678061,1029.678061,1965,0.196712,1,2026-08-27T19:00:00Z
player:10ema67rh45t75v9ia2hud6vo,Nino Marcelli,FW,1029057156,1031060049,1031.060049,1944,0.194634,1,2026-08-26T19:00:00Z
player:5pcgx1in5lw632e5o8mr7lroq,Nias Hefti,CB,996798879,998731984,998.731984,1937,0.193931,1,2026-08-27T18:00:00Z
player:b8dd5q3n5irlkcv0ekzqhzc2x,Jonathan David,FW,2432858732,2437575817,2437.575817,1937,0.193891,1,2026-08-29T18:45:00Z
player:7jpasvui43tnyao6ijyuuyuqc,Bilal El Khannouss,CM,1393798839,1396496524,1396.496524,1934,0.193549,1,2026-08-28T18:30:00Z
player:67w182dhn27nmdrchqlw9w104,Mathieu Acapandié,CM,996508112,998433964,998.433964,1931,0.19326,1,2026-08-27T17:00:00Z
player:7pmigpf4yfi6dfih8e1ogdwb9,Gonçalo Guedes,FW,1218128909,1220472337,1220.472337,1922,0.192379,2,2026-08-29T17:00:00Z
player:ec6t650c8by3282z1m9syptzo,Vicente Taborda,CM,1035068906,1037057723,1037.057723,1920,0.192143,1,2026-08-27T17:00:00Z
player:8jjep8bx1jpjuf8firxccc549,Tiago Djaló,CB,1430981167,1433723238,1433.723238,1914,0.191622,1,2026-08-27T17:00:00Z
player:ebgkv548xih19m8uza7bgrvmd,Nikola Vlasic,AM_W,1634206128,1637335792,1637.335792,1913,0.19151,1,2026-08-29T16:30:00Z
player:8q92da2e1knj12sqfmg08ibfu,Yusuf Kabadayi,CM,1003185771,1005102877,1005.102877,1909,0.191102,1,2026-08-27T18:45:00Z
player:aw07l5d6hk6ucyazu1damahp0,Yvan Ikia Dimi,FW,1000185017,1002040171,1002.040171,1853,0.185481,1,2026-08-27T16:45:00Z
player:cktx8pichvlnbdxizrosxckph,Arild Østbø,GK,997613701,999464027,999.464027,1853,0.185475,1,2026-08-26T19:00:00Z
player:ojqb7kv87o0cidbckgtg1rdh,Ellyes Skhiri,DM,1928701546,1932266598,1932.266598,1847,0.184842,1,2026-08-29T13:30:00Z
player:egt3tl6hu2bfi16pqyxwv4onp,Asier Villalibre,FW,1014700453,1016560081,1016.560081,1831,0.183269,1,2026-08-28T17:00:00Z
player:ayistjficdvpd0v10681qf578,Villum Berthelsen,FW,1030343119,1032220953,1032.220953,1821,0.182253,1,2026-08-27T18:00:00Z
player:b75m7mxo0evpz949k8ekwukbu,Sabah Kerjota,FW,1001423012,1003225838,1003.225838,1799,0.180026,1,2026-08-26T16:45:00Z
player:1qkneebzln8byl9td2aswznmy,Alberto Moleiro,CM,1114195891,1116196770,1116.19677,1794,0.179581,1,2026-08-28T19:30:00Z
player:sws2q3l7q1o36ynck0cfl5h,Tigran Barseghyan,FW,1095259638,1097205657,1097.205657,1775,0.177677,1,2026-08-26T19:00:00Z
player:bl3o0pt262qax5cwv4jeu82s4,Etta Eyong,FW,1076485509,1078395657,1078.395657,1773,0.177443,1,2026-08-29T15:00:00Z
player:2zjkpe7qjx3eh2z73uqeln504,John Mellberg,CB,1008868091,1010657636,1010.657636,1772,0.177381,1,2026-08-27T17:00:00Z
player:dfcbvsb7o18lavmonbp5ucwoa,Oihan Sancet,AM_W,1559958761,1562723967,1562.723967,1771,0.177261,1,2026-08-27T19:00:00Z
player:1ekkj2b713kjnugsk4dz50q1h,Florian Grillitsch,CM,1570322479,1573104488,1573.104488,1770,0.177162,1,2026-08-29T16:30:00Z
player:ef2clhqnx5kytqgq5pqoopvys,Samed Bazdar,FW,1005564954,1007340814,1007.340814,1764,0.176603,1,2026-08-27T17:00:00Z
player:8f3eqla9yo5js50fv2tdu5vjd,Quina,FW,1002323695,1004091284,1004.091284,1762,0.176349,1,2026-08-27T17:00:00Z
player:l469vtpe0jbgg5sq1v2e67e1,Leandro Barreiro,CM,1074675790,1076567502,1076.567502,1759,0.176026,1,2026-08-27T18:00:00Z
player:a536nk8ps5vrgextz3k3hcl0q,Amar Dedic,CB,1037593730,1039414757,1039.414757,1754,0.175505,1,2026-08-29T16:30:00Z
player:3jclcjkh0ztdh5h40lqxivoph,Kiko,FB_WB,982704319,984421250,984.42125,1746,0.174715,1,2026-08-27T19:00:00Z
player:acredwjpf6ou0mdqx2cpxm4no,Isak Brusberg,FW,1013528696,1015295046,1015.295046,1741,0.174277,1,2026-08-27T17:00:00Z
player:9ic8hvnkzj9p0ikh6bwaeoqju,Tiago Tomás,FW,1119009598,1120954710,1120.95471,1737,0.173824,1,2026-08-28T18:30:00Z
player:87kzk0l9t8rbkp5i4n2zsx8q2,Karol Struski,CM,1027975156,1029757811,1029.757811,1733,0.173414,1,2026-08-27T17:00:00Z
player:62flh3em4tb7575e7rxzx42xh,Aldo Teqja,GK,949653593,951299083,951.299083,1731,0.173273,1,2026-08-27T17:00:00Z
player:cu7va0dq02wylua4gxv5rrf85,Calvin Miller,AM_W,1001937367,1003673134,1003.673134,1731,0.173241,1,2026-08-26T16:45:00Z
player:5nsag404623qznyyizl8yuwkq,Chris Richards,CB,1147909503,1149895672,1149.895672,1729,0.173025,1,2026-08-28T19:00:00Z
player:avcz4wr4wem1s9vz3y5hl5fdg,Panos Katseris,CM,961007677,962648019,962.648019,1705,0.17069,1,2026-08-29T18:45:00Z
player:24ysj037no78sb6bs0raxl4ut,Taras Romanczuk,DM,1115396558,1117290582,1117.290582,1697,0.169807,1,2026-08-27T16:00:00Z
player:bt35y17wl42b5t5tw6z68uwyy,Jamie Leweling,CM,1310229086,1312447765,1312.447765,1692,0.169335,1,2026-08-28T18:30:00Z
player:2fqlri41xq6p924kine7pjr2t,Jérémie Boga,AM_W,1413238225,1415617153,1415.617153,1682,0.168332,1,2026-08-29T18:45:00Z
player:9nr6anmon9qq8vpk46m5r57v8,Isak Vådebu,FB_WB,1000034406,1001714375,1001.714375,1679,0.167991,1,2026-08-27T18:30:00Z
player:6384gzzxuxs6pvmrn8qx4d7u1,Felix Nmecha,CM,1432545601,1434946615,1434.946615,1675,0.167605,1,2026-08-29T16:30:00Z
player:afk2nalycorlpmcxr9r1vvvv8,Eryk Kozlowski,CM,1000101005,1001774519,1001.774519,1672,0.167334,1,2026-08-27T16:00:00Z
player:40gxfsz7bgrkdudqewlpxzyzt,Javi Galán,FB_WB,1221002358,1223044048,1223.044048,1671,0.167214,1,2026-08-27T18:30:00Z
player:4vdmmwetnlmvrc4erlhjbcvoq,Rafael Obrador,CM,984466902,986107361,986.107361,1665,0.166634,1,2026-08-29T16:30:00Z
player:5t4c3ssazouqr8n819hfjjp3p,Benjamin Verbic,AM_W,997185762,998846503,998.846503,1664,0.166543,1,2026-08-26T19:00:00Z
player:bpf2fcb73l96fwspo72shmkiy,Aimar Oroz,CM,1227855273,1229896772,1229.896772,1661,0.166265,1,2026-08-27T18:30:00Z
player:en0a6a574x1yvnk8kdxwub949,Bartol Franjic,FB_WB,1039400100,1041126155,1041.126155,1659,0.166063,1,2026-08-28T18:45:00Z
player:37d7oej48pb143o5eilue1hhx,Jacob Murphy,CM,1294694236,1296839043,1296.839043,1655,0.165661,1,2026-08-29T16:30:00Z
player:bdg3xeth77c0nw61hvj5fct0p,Keinan Davis,FW,1190431682,1192393085,1192.393085,1646,0.164764,1,2026-08-29T16:30:00Z
player:dr2upvki95vzd9pclkjpsjs2d,Jean-Philippe Gbamin,CB,1171675762,1173594517,1173.594517,1636,0.163762,1,2026-08-27T18:00:00Z
player:1qthvf5krys0pzk24h8wtr9at,Konrad Laimer,CB,1225498867,1227504686,1227.504686,1635,0.163674,1,2026-08-28T18:30:00Z
player:96cbv23es0gucmd2v0qvk3iwa,Abdessamad Ezzalzouli,AM_W,1511069991,1513541441,1513.541441,1634,0.163556,1,2026-08-29T15:00:00Z
player:eg9xzmb2ib1wa8nwoif6k9pn8,Sotiris Kontouris,CM,999975000,1001603633,1001.603633,1627,0.162867,1,2026-08-27T17:00:00Z
player:7dbzcwyph2xoljyhaogjo7mcp,Tyler Adams,DM,1271444837,1273509578,1273.509578,1623,0.162393,1,2026-08-29T14:00:00Z
player:1ph4g125dfsijfjzjpcvpcmlm,Jarrad Branthwaite,CB,1116088222,1117899628,1117.899628,1622,0.1623,1,2026-08-29T14:00:00Z
player:5cjx2i2perp5vr62en4cyer1m,Kristoffer Askildsen,CM,969587792,971156805,971.156805,1617,0.161823,1,2026-08-26T19:00:00Z
player:9ov7tj31hixo7xp0tfffuhpn8,Ngal Ayel Mukau,AM_W,1106091897,1107864946,1107.864946,1602,0.160299,1,2026-08-28T19:00:00Z
player:3xs4gkk9je0g3fl24wim4piad,Jason Kerr,CB,984384210,985940324,985.940324,1580,0.15808,1,2026-08-27T19:00:00Z
player:18paf5a7rfe4kutxjl4cwd695,Harvey Barnes,FW,1377789538,1379954188,1379.954188,1570,0.15711,1,2026-08-29T16:30:00Z
player:3uma2r2ks9a44deiwpncec8np,Giorgi Makaridze,GK,1000000000,1001560684,1001.560684,1559,0.156068,1,2026-08-27T16:00:00Z
player:bner5siqnwn1fqusfrgujt0fe,Max Bruns,CB,1028982041,1030574801,1030.574801,1547,0.15479,1,2026-08-27T16:15:00Z
player:4as71su7n7lm5r2osfz1w8p1x,Vlad Dragomir,CM,1031425681,1033021408,1033.021408,1546,0.154711,1,2026-08-27T17:00:00Z
player:2nddcty9qris2mmeldon0ogd1,Adrien Rabiot,CM,1947271436,1950271632,1950.271632,1540,0.154072,1,2026-08-28T18:45:00Z
player:5gond4ss348863bc1768s4q,Mario Gila,CB,1807597846,1810363684,1810.363684,1529,0.153012,1,2026-08-28T18:45:00Z
player:elnhkklafq2cwl0hit66b5vmy,Janis Antiste,CM,1037554483,1039134784,1039.134784,1522,0.15231,1,2026-08-27T16:45:00Z
player:bno18pni4atsobrxawb31vdd6,Leonidas Stergiou,CB,998258519,999759219,999.759219,1502,0.150332,1,2026-08-28T18:30:00Z
player:84mp3eqt1ckw107hwxpby9cd1,Matthias Ginter,CB,1194582141,1196375864,1196.375864,1500,0.150155,1,2026-08-27T16:45:00Z
player:5n7vp6g13q7sxkzbygfbz27oq,Merlin Röhl,AM_W,1057860719,1059447198,1059.447198,1499,0.14997,1,2026-08-29T14:00:00Z
player:dmacht40k07rvftgefle0vnu2,Doron Leidner,FB_WB,997504281,998995404,998.995404,1494,0.149485,1,2026-08-27T18:00:00Z
player:3usnd6k0t6bcwwq4m3fut3eqy,Laurent Mendy,CM,1005057747,1006539297,1006.539297,1473,0.147409,1,2026-08-26T16:45:00Z
player:8697a01d7rwx57pnmqm67kkyc,Petter Nosakhare Dahl,CM,1009397482,1010876589,1010.876589,1464,0.146534,1,2026-08-26T16:45:00Z
player:e2vhgeqrw3uy0tstydc5nldxx,Amer Gojak,CM,1048977277,1050502726,1050.502726,1453,0.145423,1,2026-08-27T18:45:00Z
player:8qs8s7c173w8i1dfu06ub5zis,Luken Beitia,CB,1005028602,1006484675,1006.484675,1448,0.144879,1,2026-08-26T19:00:00Z
player:7z2gs2b8ccchwf0h92hwx8d90,Otto Ruoppi,AM_W,1038670988,1040174022,1040.174022,1446,0.144707,1,2026-08-29T13:30:00Z
player:2z5wtnsmcoo56atafsomynlec,Antoni Kozubal,DM,1031791096,1033279906,1033.279906,1442,0.144294,1,2026-08-27T18:00:00Z
player:ccczt6xl3hftl0qkn0txhi5pm,Kieron Bowie,FW,1061083372,1062602796,1062.602796,1431,0.143196,1,2026-08-29T16:30:00Z
player:chjcbjc5nv8uyiusfafts5zv9,Tobias Salquist,CB,1035580688,1037054552,1037.054552,1422,0.142322,1,2026-08-27T18:00:00Z
player:4lhyi7xvorswax9xwmz4v5tqt,Talisca,FW,1077031622,1078547244,1078.547244,1406,0.140722,1,2026-08-26T19:00:00Z
player:debf7ngbvj4ij8w0qq84ufnfu,Tom Sparrow,CB,1000000000,1001404733,1001.404733,1404,0.140473,1,2026-08-27T16:45:00Z
player:62gct49oglcdzxafhrfucrb2t,Fabian Bredlow,GK,1120102278,1121664299,1121.664299,1394,0.139453,1,2026-08-28T18:30:00Z
player:ahhjd38eki0yws3iw1si0082x,Rick van Drongelen,CB,1110863900,1112408941,1112.408941,1390,0.139085,1,2026-08-27T17:00:00Z
player:1n4yo2riltjwcxdyu20jiaxhw,Malick Junior Yalcouyé,CM,1013210555,1014610481,1014.610481,1381,0.138167,1,2026-08-27T18:30:00Z
player:5ghpsybqgvquh7yffa117tg8a,Allahyar Sayyadmanesh,FW,1023149373,1024557808,1024.557808,1376,0.137657,1,2026-08-27T18:00:00Z
player:7yk33dpusyeqwnpi5f2lvw8ic,Vanja Dragojevic,CM,993524924,994840835,994.840835,1324,0.132449,1,2026-08-27T16:00:00Z
player:d3tfdqfnab7bqxfdh3399y06i,Jonathan Burkardt,FW,1488869344,1490830537,1490.830537,1316,0.131724,1,2026-08-29T13:30:00Z
player:csqsdjsa4leo6z86qphjuectm,Cenk Özkacar,CB,1171421210,1172948671,1172.948671,1303,0.130394,1,2026-08-27T18:30:00Z
player:8gjl9nrmubvd4j5vauy9z4wk5,Dénes Dibusz,GK,1082063441,1083473136,1083.473136,1302,0.130278,1,2026-08-27T18:30:00Z
player:1j0a3ml1zglc9s31yentfckb9,Christopher Nkunku,FW,2111644436,2114395001,2114.395001,1302,0.130257,1,2026-08-29T13:30:00Z
player:3h8jot3v5xxuwzukt6n15jwlx,Joe Bell,CM,1030469276,1031810360,1031.81036,1301,0.130143,1,2026-08-26T19:00:00Z
player:e4vr28e9cbq3q5nux1jlpuuei,Adam Hlozek,CM,1315564697,1317263061,1317.263061,1290,0.129098,1,2026-08-29T13:30:00Z
player:7uso425g5dkg9kxwplfuug5jo,Lelê,FW,1012954188,1014258462,1014.258462,1287,0.128759,1,2026-08-27T17:00:00Z
player:awsod0zmnrukk21d4882ji7e1,Ronald Araujo,CB,1549798399,1551787814,1551.787814,1283,0.128366,1,2026-08-29T11:30:00Z
player:6crmq7vzqts58wg196q48sc7p,Thibaut Courtois,GK,2856591636,2860245279,2860.245279,1278,0.127902,1,2026-08-26T19:00:00Z
player:73lwz4he5erpp25zi8crjvztg,Isak Steiner Jensen,FW,1056335666,1057680494,1057.680494,1272,0.127311,1,2026-08-29T18:45:00Z
player:b8w8yita3r3unmolru3o95ous,Ayyoub Bouaddi,CB,1079962156,1081333665,1081.333665,1269,0.126996,1,2026-08-28T19:00:00Z
player:3dzwjbnxuxie1ovgilu6nah91,Juan Hernández,FW,1002564365,1003831452,1003.831452,1263,0.126385,1,2026-08-29T15:00:00Z
player:8vmrboswsfyb5bfoq07s6susp,Thierry Correia,FB_WB,1055378049,1056703245,1056.703245,1255,0.125566,1,2026-08-28T18:45:00Z
player:jyh107tl6vv8bd1pgautj46h,Michal Skóras,CM,1060767569,1062099126,1062.099126,1254,0.125528,1,2026-08-29T15:15:00Z
player:8vwuy6oete4o3tiqrekafz3ai,Sondre Liseth,FW,1003203458,1004444010,1004.44401,1236,0.123659,1,2026-08-27T16:45:00Z
player:6vlk7n6m7g38n5wa5zuvbsbxm,Toni Fruk,FW,1045271597,1046560072,1046.560072,1232,0.123267,1,2026-08-27T18:45:00Z
player:8bvn7mn5tjfj3l2bnpvm75gmi,Georges Mikautadze,FW,1523913556,1525785134,1525.785134,1227,0.122814,1,2026-08-28T19:30:00Z
player:1ylzr03ex5mu3gs6mu8jjbvca,Ibrahim Adel,FW,1013002865,1014243212,1014.243212,1224,0.122443,1,2026-08-27T18:00:00Z
player:5oge5fhmna0oduqvjisoa1djp,Jeremy Toljan,CB,649909522,650696920,650.69692,1211,0.121155,1,2026-08-29T15:00:00Z
player:6ki6rv564ybctrajr2xtgyeax,Ozan Kabak,CB,1239193795,1240688399,1240.688399,1205,0.120611,1,2026-08-29T13:30:00Z
player:2im16cd31tgg3yac3c8c18jbp,Edward Nketiah,FW,1213020991,1214482781,1214.482781,1204,0.120508,1,2026-08-28T19:00:00Z
player:bwhn9ve3o3jh21a4vuyjmzbbo,Jahmai Simpson-Pusey,CB,1043862732,1045117383,1045.117383,1201,0.120193,1,2026-08-29T13:30:00Z
player:3r9qvhedhr1o6zm6c5l4alkpg,Ibrahim Osman,FW,1003750014,1004951544,1004.951544,1196,0.119704,1,2026-08-27T18:30:00Z
player:4gqnyyx3i92fayq6cxvekqwut,Thomas Delaney,CM,1072476290,1073745594,1073.745594,1183,0.118353,1,2026-08-27T17:00:00Z
player:3ua8gs8tzx1dkdi9z88kjk9nt,Dusan Vlahovic,FW,1830294018,1832459035,1832.459035,1182,0.118288,1,2026-08-27T17:00:00Z
player:3uku25ta6a40v6l8u4m65cxnu,Vladimir Lucic,AM_W,1013091959,1014286763,1014.286763,1179,0.117936,1,2026-08-27T17:00:00Z
player:en0b8q0jtl0sd9s9wjhv0cyc5,Samet Akaydin,CB,1046425426,1047654585,1047.654585,1174,0.117463,1,2026-08-27T18:30:00Z
player:9qsk1a4lck365afhrjo5noyqx,Almir Ajzeraj,FW,1019350846,1020542760,1020.54276,1169,0.116929,1,2026-08-27T17:00:00Z
player:54mmovmx3osoxgbloe9rzmx9l,Ardian Ismajli,CB,1394295908,1395896620,1395.89662,1147,0.114804,1,2026-08-29T16:30:00Z
player:7398762f1kbveh2wclkrtf93p,Jakov Puljic,FW,1007768369,1008923630,1008.92363,1146,0.114636,1,2026-08-27T18:45:00Z
player:w19p994oxo1yc9micl8njhg4,Findlay Curtis,AM_W,1010240910,1011398635,1011.398635,1145,0.114599,1,2026-08-27T16:00:00Z
player:1e6s5l3tp48t6ybq73lzzmkx6,Giorgio Cittadini,CB,1005041989,1006181784,1006.181784,1133,0.113408,1,2026-08-29T16:30:00Z
player:3isbv9egu9vzxnna4ix8gcudx,Benjamin Henrichs,CB,1238201601,1239599968,1239.599968,1129,0.112935,1,2026-08-29T13:30:00Z
player:5jk0wq14a8emikh2vh53aw0ve,Liam Delap,FW,1108790739,1110022731,1110.022731,1110,0.111111,1,2026-08-29T11:30:00Z
player:p7vw4thx5wzo49h6hfabcq5m,Mohammed Kudus,AM_W,1544315858,1546011961,1546.011961,1098,0.109829,1,2026-08-29T16:30:00Z
player:bsx2ppp4b3zuxftscqwcxj59m,Assad Al Hamlawi,FW,1027635981,1028760916,1028.760916,1094,0.109468,1,2026-08-27T16:00:00Z
player:1c7tr11lak5xwdw7s8b93zw7p,Marko Livaja,FW,988124082,989191372,989.191372,1080,0.108012,1,2026-08-27T17:00:00Z
player:6f8kp6i2qgcnytbkr3tpqhrai,Hisham Layous,AM_W,997326581,998403358,998.403358,1079,0.107966,1,2026-08-27T16:00:00Z
player:3kwkd3b95n8qzqtq4idxav45x,Konstantinos Tsimikas,CM,1098761900,1099937333,1099.937333,1069,0.106978,1,2026-08-29T11:30:00Z
player:52e2ogoex674bz6pcwluapdxx,Borja Mayoral,FW,1353093242,1354527954,1354.527954,1060,0.106032,1,2026-08-27T19:00:00Z
player:6xtgpb1avbypyk8cql8znph5g,Genesis Antwi,FB_WB,1003343733,1004401590,1004.40159,1054,0.105433,1,2026-08-29T15:15:00Z
player:1bzlb6q2ojuw0qbucpt8ipno4,Dawid Drachal,CM,997313615,998344267,998.344267,1033,0.103343,1,2026-08-27T16:00:00Z
player:5w7ztsau360j3zd1aai33d4b8,Kacper Potulski,CB,1041801057,1042867026,1042.867026,1023,0.10232,1,2026-08-29T13:30:00Z
player:3nywtsbzd3od93xzrvh8zsyui,Ernest Muçi,CM,1055531139,1056597834,1056.597834,1010,0.101058,1,2026-08-27T18:30:00Z
player:59ynmlwky3h6m9g2r7a8igi96,Troy Parrott,FW,1141185848,1142338593,1142.338593,1010,0.101013,1,2026-08-29T15:00:00Z
player:472h3avx9tsf4luz4ioefh3e2,Ryan Don Naderi,FW,1012720573,1013742761,1013.742761,1009,0.100935,1,2026-08-27T16:00:00Z
player:do5tibysnhbnbw18nwdo39kut,Alex Berenguer,AM_W,1471223186,1472707760,1472.70776,1009,0.100907,1,2026-08-27T19:00:00Z
player:cnf7quyillyf560nh14taliw9,Linton Maina,CM,1086233278,1087324762,1087.324762,1004,0.100483,1,2026-08-29T13:30:00Z
player:71pem6zwto232a8yxcdtqtfc9,Gabriel Debeljuh,FW,1013699775,1014717791,1014.717791,1004,0.100426,1,2026-08-27T17:00:00Z
player:dq5uoeu7mw2a3uemr95w32k9g,Ieltsin Camões,FW,1001809620,1002810046,1002.810046,998,0.099862,1,2026-08-27T18:30:00Z
player:6onkmsi77t7bvk9tpha472vv9,Naby Keïta,CM,1142350521,1143486212,1143.486212,994,0.099417,1,2026-08-27T18:30:00Z
player:b9g4qurpll4wizajo95c406hh,Harry Kane,FW,4243943907,4248159967,4248.159967,993,0.099343,1,2026-08-28T18:30:00Z
player:48wcoed2907qqcsfoyhd4y87o,Olle Lindberg,FW,1003560080,1004541888,1004.541888,978,0.097833,1,2026-08-27T17:00:00Z
player:2jdqgegksd1hreeqf4phdnsru,Amine Benchaib,CM,993104744,994075682,994.075682,977,0.097768,1,2026-08-27T17:00:00Z
player:eh8c98y5vpxqv2n9djm4ezoid,Jamie McCart,CB,993495313,994465929,994.465929,976,0.097697,1,2026-08-26T16:45:00Z
player:5ol17485ecah0trdmkw3byqne,Ville Koski,CB,981154067,982108208,982.108208,972,0.097247,1,2026-08-28T19:30:00Z
player:d358ce00vstqg3ilinhcc10r8,Víctor Muñoz,AM_W,1068986414,1070024326,1070.024326,970,0.097093,1,2026-08-29T11:30:00Z
player:6oq2axbijb2qrhw86l7erxmcq,Facundo Pellistri,AM_W,1023346355,1024335019,1024.335019,966,0.096611,1,2026-08-27T17:00:00Z
player:56nbghr9snc79dt8h99wleej8,Sean Steur,DM,1001957130,1002924455,1002.924455,965,0.096544,1,2026-08-29T16:30:00Z
player:6ehemhaznndl6gynim5ceptrd,Max Ebong,CM,980283953,981229413,981.229413,964,0.096448,1,2026-08-27T18:00:00Z
player:amkgi8kmrswt4suenfwgca19l,Teles,FB_WB,1019723996,1020700683,1020.700683,957,0.09578,1,2026-08-27T16:00:00Z
player:b7bcouznm395r2z5g33ehiiac,Rafel Bauzà,CM,995226046,996169555,996.169555,948,0.094803,1,2026-08-29T17:00:00Z
player:cl2mi40x3gjsan1iifpbwec4p,Arbnor Muja,FW,1013715479,1014665785,1014.665785,937,0.093745,1,2026-08-27T17:00:00Z
player:10fuwkejg59w68jmx1ae0cfe1,Ragnar Ache,FW,1068759891,1069758613,1069.758613,934,0.093447,1,2026-08-29T13:30:00Z
player:6sj31v61vtwwxe5hhwkj80g7o,Tom Bischof,CB,1394707900,1395980082,1395.980082,912,0.091215,1,2026-08-28T18:30:00Z
player:azvjk1schroxi2dq22hwnqr1m,Andronikos Kakoullis,FW,1061610867,1062578537,1062.578537,911,0.091151,1,2026-08-27T17:00:00Z
player:cp5fdru4j3hnla9zx26gce2nd,Lorenco Vila,FW,1000764292,1001663185,1001.663185,898,0.089821,1,2026-08-27T17:00:00Z
player:5ga7g20wsa7oqjbh4ijoeknl6,Ryan Gravenberch,DM,1441345812,1442637832,1442.637832,896,0.08964,1,2026-08-29T11:30:00Z
player:anr9qh585ctgk2d17zperhgix,Zakaria Aboukhlal,CM,1156434455,1157456524,1157.456524,883,0.088381,1,2026-08-29T16:30:00Z
player:15mg49mqn215ce4ojukev0o2x,Jacob Bergström,FW,1003024646,1003909957,1003.909957,882,0.088264,1,2026-08-27T17:00:00Z
player:6dioxrahqm3l316lwtvqstnxm,Pablo Rodríguez,AM_W,1041594372,1042511841,1042.511841,880,0.088083,1,2026-08-27T18:00:00Z
player:2kd2kqh0ykd5iuziic6590gve,Nick Woltemade,FW,1263624272,1264737244,1264.737244,880,0.088078,1,2026-08-29T16:30:00Z
player:c33x61zuxixolkkalsigc3q0a,Destiny Udogie,CB,1227004806,1228077450,1228.07745,874,0.08742,1,2026-08-29T16:30:00Z
player:3aig469vj8ocy5ohrcnyov9m2,Ahmed Kendouci,CM,1012539213,1013412974,1013.412974,863,0.086294,1,2026-08-27T16:00:00Z
player:1avw8tonmswiibv127vvw9z4k,Oliwier Kwiatkowski,FW,1000000000,1000860852,1000.860852,860,0.086085,1,2026-08-27T17:00:00Z
player:b3eh9tjw2048na1nv7oeyw9ka,Daniel Håkans,FW,1007900301,1008766638,1008.766638,859,0.085955,1,2026-08-27T18:00:00Z
player:6dd248q0adq6su677bw2kk2c5,Calvin Verdonk,CB,1045031225,1045926767,1045.926767,857,0.085695,1,2026-08-28T19:00:00Z
player:g3fgd752o63acmmuahdvppm1,Randal Kolo Muani,FW,1503391774,1504655999,1504.655999,841,0.084092,1,2026-08-29T18:45:00Z
player:69k75bmqcmbi479zaz6w5e1w4,Olly Whyte,CM,999724473,1000562591,1000.562591,838,0.083835,1,2026-08-27T16:45:00Z
player:7ox43isyywsnrfcd56nm65be,Charles De Ketelaere,CM,1883452685,1885009447,1885.009447,826,0.082655,1,2026-08-27T18:00:00Z
player:70ps22rygrlq3msxgwmesowyx,Maduka Okoye,GK,906512142,907259005,907.259005,824,0.082389,1,2026-08-29T16:30:00Z
player:ae9xt3rmdo278sevre9oagx78,Gabriel Moscardo,CM,1003306455,1004118428,1004.118428,809,0.08093,1,2026-08-29T17:00:00Z
player:ag6hkplnlodzxqrs9fh7mka5m,Wouter Burger,DM,1210974004,1211938356,1211.938356,796,0.079634,1,2026-08-29T13:30:00Z
player:5t6m3svpmmbcmvmfot76bipsk,Daniel Dappa,FW,1000114702,1000903807,1000.903807,789,0.078901,1,2026-08-27T18:00:00Z
player:csll9sz4o457yv9f8k8ceoz6c,Alexej Maros,FW,1000000000,1000780427,1000.780427,780,0.078043,1,2026-08-26T19:00:00Z
player:8qgbxff7xlg0zjtyees7ljljp,Romelu Lukaku,FW,1632316530,1633588374,1633.588374,779,0.077917,1,2026-08-26T19:00:00Z
player:rktyecx75c47pgwyt4vm3i7d,Michaël Cuisance,CM,1007830885,1008615931,1008.615931,779,0.077895,1,2026-08-29T15:15:00Z
player:e5oet393vired282yco4i7gfd,Daiki Hashioka,FB_WB,974342884,975098066,975.098066,775,0.077507,1,2026-08-29T13:30:00Z
player:7kb6hhuvwhgapjtoq8dciz7x1,Bruno Dita,CB,965516585,966258244,966.258244,768,0.076815,1,2026-08-27T17:00:00Z
player:7a6v1wbmn1qmlpbcs0vvk333e,Steven Nsimba,FW,1008519083,1009289641,1009.289641,764,0.076405,1,2026-08-27T16:00:00Z
player:djxtqxvqxd70prbr1gkwjp3sa,Peter Christiansen,FW,1007133877,1007902309,1007.902309,763,0.076299,1,2026-08-26T19:00:00Z
player:5lsx1d5uu8hu6x6a2eocqhvys,Pablo García,FW,1008257180,1009019757,1009.019757,756,0.075633,1,2026-08-29T15:00:00Z
player:2zbhh5sasfhsez0bfa1suk8ic,Lukas Kacavenda,FW,998979922,999732412,999.732412,753,0.075326,1,2026-08-26T19:00:00Z
player:bazf3763ikenc928rtfw4hno4,Hasan Deshishku,FW,1000302046,1001054728,1001.054728,752,0.075245,1,2026-08-27T18:30:00Z
player:d3hg7lo01o84dsvzud3b6vsnp,Oli McBurnie,FW,1119979439,1120810112,1120.810112,741,0.074169,1,2026-08-29T14:00:00Z
player:5h6xr50d54zcxnktz7q58oa1h,Tom Pettersson,FB_WB,1012440770,1013167103,1013.167103,717,0.071741,1,2026-08-27T17:00:00Z
player:dy5c8qikqptm7cdjqmiodvqqc,Marcos Fernández,FW,999864009,1000575181,1000.575181,711,0.071127,1,2026-08-29T17:00:00Z
player:4wm7ozxhig8ewq2z6t6r4h7mx,Zhirayr Shaghoyan,FW,997755523,998463316,998.463316,709,0.070939,1,2026-08-27T16:00:00Z
player:dlxtr9p8d7k733qhpq9qyydey,Johannes Yli-Kokko,CM,999770442,1000476340,1000.47634,706,0.070606,1,2026-08-27T17:00:00Z
player:7gyfpskzbb3r5nhiniky22o6h,Lloyd Kelly,CB,1326514754,1327450277,1327.450277,705,0.070525,1,2026-08-29T18:45:00Z
player:5071els4ac7xna8wahv7dfcic,Yonatan Ferber,FW,1000000000,1000704059,1000.704059,704,0.070406,1,2026-08-27T18:00:00Z
player:7424gvk9hiq5up61dj181y66t,Kevin Behrens,FW,1205271883,1206106607,1206.106607,692,0.069256,1,2026-08-27T16:00:00Z
player:3jln1gzc0859ymphvq83i0mp5,Brahim Díaz,FW,1695269973,1696438278,1696.438278,689,0.068916,1,2026-08-26T19:00:00Z
player:eqkxzxccc6t52fqsy7cxpwvtg,Mor Buskila,FW,1001409204,1002092376,1002.092376,682,0.068221,1,2026-08-27T18:00:00Z
player:cr4c6htcw2jewsvboj6s8p045,Ryan Christie,DM,1310367980,1311260034,1311.260034,681,0.068077,1,2026-08-29T14:00:00Z
player:6j6xnr1lxvtzs6rmfkzsa64gk,Semih Kiliçsoy,FW,1072438472,1073166189,1073.166189,678,0.067856,1,2026-08-27T17:00:00Z
player:649anpduq5pwrqbek73wr8n6y,Pedro Bicalho,DM,1017735435,1018419540,1018.41954,672,0.067218,1,2026-08-27T16:15:00Z
player:2znc8bmjc183pmz1xe1j8z0fd,Derrick Köhn,CM,962952686,963594172,963.594172,666,0.066617,1,2026-08-29T13:30:00Z
player:4gwn6uusz1t8p21kwhkm0bhn8,Toni Silic,GK,1000000000,1000654080,1000.65408,654,0.065408,1,2026-08-27T17:00:00Z
player:7wovx9b2bkkc2ett3m2b26iqy,Jhon Durán,FW,1094578070,1095283265,1095.283265,644,0.064426,1,2026-08-27T18:00:00Z
player:2enfunw56fyi0fdnjr9qv7696,Jakub Uhrincat,CB,996380566,997018826,997.018826,640,0.064058,1,2026-08-27T17:00:00Z
player:d34tmogp5h4rwuo3pcxtwp0fe,Manuel Sánchez,CB,744410170,744885081,744.885081,638,0.063797,1,2026-08-29T15:00:00Z
player:6go1e6kiezmwexizbpo7pp0yc,Livan Burcu,AM_W,1023807993,1024457424,1024.457424,634,0.063433,1,2026-08-29T13:30:00Z
player:9ksvo095xi2t4q4pvgxa836z8,Pablo Durán,FW,1088944649,1089632932,1089.632932,632,0.063206,1,2026-08-27T18:30:00Z
player:as6coaak724tr7igyz1wwlfc9,Colin Rösler,CB,972402046,973014468,973.014468,630,0.06298,1,2026-08-27T18:00:00Z
player:ebsb7romjjaopsxjtn2ty9qtw,Azamat Tuyakbayev,FW,1000432093,1001058839,1001.058839,626,0.062648,1,2026-08-27T18:30:00Z
player:aun0cc4rklimok1m7fh1xk6ei,Senou Coulibaly,CB,1014619086,1015250351,1015.250351,622,0.062217,1,2026-08-27T17:00:00Z
player:c00r3yls3lf245nbo93m9d6cq,Marco Tilio,FW,1018402361,1019035129,1019.035129,621,0.062133,1,2026-08-26T16:45:00Z
player:8gkexxgf3pypshhqwg6ibp7o4,Kamory Doumbia,AM_W,1428505528,1429392781,1429.392781,621,0.062111,1,2026-08-29T18:45:00Z
player:e73sexp7kse0wlykdi7xcbg2c,Valdemar Byskov,CM,1099215128,1099896657,1099.896657,620,0.062001,1,2026-08-27T18:45:00Z
player:dvj6rdi2k0td95oxldbj6e28l,Dominic Solanke,FW,1486774864,1487684983,1487.684983,612,0.061214,1,2026-08-29T16:30:00Z
player:2nvmxpj8gh0ubhbepwp1w213o,Elad Madmon,FW,1011475342,1012091935,1012.091935,609,0.06096,1,2026-08-27T16:00:00Z
player:2ws63bigxbi5smslrs4d40o6i,Aldair,CB,950380025,950959310,950.95931,609,0.060953,1,2026-08-26T19:00:00Z
player:58vrddf0ws30ev8rrkjpkkrxm,Pavel Sulc,AM_W,1172075718,1172790020,1172.79002,609,0.060943,2,2026-08-29T18:45:00Z
player:ebsxh1pvxhmt8olxtapkrf7xl,Daniel Arzani,FW,1002955358,1003563674,1003.563674,606,0.060652,1,2026-08-27T18:30:00Z
player:6q2mf0qrkt51z28b46wltxal1,Maximilian Mittelstädt,CB,1848402962,1849512018,1849.512018,600,0.060001,1,2026-08-28T18:30:00Z
player:ehopba709zukxj4vgcync942d,Mateo Kovacic,CM,1662051643,1663036054,1663.036054,592,0.059229,1,2026-08-28T19:00:00Z
player:88llk7uinnhsg3xcipf05d9g4,Nathan Lowe,FW,1000000000,1000578508,1000.578508,578,0.057851,1,2026-08-27T19:00:00Z
player:3nok8qxxj2zl831wgvc7abxuc,Conrad Harder,FW,1057868462,1058476382,1058.476382,574,0.057467,1,2026-08-29T13:30:00Z
player:45k3dwlmmi6e4dab34n6ivb9x,Jens Jønsson,DM,1035178509,1035773323,1035.773323,574,0.05746,1,2026-08-27T18:00:00Z
player:5vznxxfbteooxk2dd2ws76xhw,Mohamed-Ali Cho,CM,1214558812,1215254876,1215.254876,573,0.05731,1,2026-08-29T14:00:00Z
player:5ec2ede9uwbft3wby33mwowyd,Jonathan Tah,CB,2563806320,2565272033,2565.272033,572,0.057169,1,2026-08-28T18:30:00Z
player:bhsh1n3qfg8awmctxlh8k7yzt,Jacob Ramsey,CM,1299921269,1300661259,1300.661259,569,0.056926,1,2026-08-29T16:30:00Z
player:5fvzbq3mstt7eatkjpodbvpm2,Jean Botué,FW,1000162012,1000730267,1000.730267,568,0.056816,1,2026-08-27T17:00:00Z
player:87g6qlasqe627i5g7ir30j2sp,Pervis Estupinán,CM,1371402292,1372180087,1372.180087,567,0.056715,1,2026-08-28T18:45:00Z
player:33jtnv5kyzyw1it7y9czhn4a2,Terem Moffi,FW,1413361628,1414152490,1414.15249,559,0.055956,1,2026-08-29T16:30:00Z
player:9kk1jjde4h2xveol0sfibr8d0,Damian Kelvin,CB,1004688959,1005245303,1005.245303,554,0.055375,1,2026-08-27T16:00:00Z
player:894tj8rg0i6kl4zvlok803949,Sondre Bjørshol,CM,1006369218,1006925639,1006.925639,553,0.05529,1,2026-08-26T19:00:00Z
player:dfss2zdkn61bbq312zhxlddyh,Léo Pétrot,CB,1041606257,1042181990,1042.18199,553,0.055274,1,2026-08-27T18:30:00Z
player:6sv29rmngsiyx4pv6zto3mklx,Ken Sema,CM,998514106,999054941,999.054941,541,0.054164,1,2026-08-27T17:00:00Z
player:5dxleurgfe6483pe7qvyc00es,Tyrese Asante,FB_WB,901627863,902115662,902.115662,541,0.054102,1,2026-08-27T16:00:00Z
player:9yvanqi097mgyaqvdyhkyb9ck,Viktor Dadason,FW,1015584582,1016133481,1016.133481,540,0.054048,1,2026-08-27T17:00:00Z
player:78rxvyelnj7orbbzs4u1fghrd,César Blackman,CM,945983671,946493749,946.493749,539,0.05392,1,2026-08-26T19:00:00Z
player:4rlw04tze791jwt623h5ikg5x,Ruben Aguilar,CM,1404314111,1405066662,1405.066662,536,0.053589,1,2026-08-29T15:15:00Z
player:7joketqhv90x0eyr2cuyxa25m,Sebastian Nebyla,CM,996954426,997488058,997.488058,535,0.053526,1,2026-08-27T16:00:00Z
player:dq037w5t3ht5zgd75mue4p1pl,Dany Mota,FW,1137195334,1137803368,1137.803368,535,0.053468,1,2026-08-29T16:30:00Z
player:34lcrlx7ddks5ko8s8opi44k4,Heine Åsen Larsen,FW,1001778693,1002308885,1002.308885,529,0.052925,1,2026-08-27T18:30:00Z
player:5cti09ebqg7or3stoh5k2mo7o,Davinchi,CM,1002332718,1002857492,1002.857492,523,0.052355,1,2026-08-27T19:00:00Z
player:350ehsdbvwysbfxgeian91rf8,Ángel Pérez,CM,1027933775,1028471498,1028.471498,523,0.052311,1,2026-08-28T19:30:00Z
player:kdf39fz73dd5n2nzlsuwbq3t,Kervin Arriaga,DM,1058784974,1059335709,1059.335709,520,0.052016,1,2026-08-26T19:00:00Z
player:ek7pimzisohg1wp5jbrqidbdh,Juan Balanta,CM,994925917,995440729,995.440729,517,0.051744,1,2026-08-27T16:00:00Z
player:4cejhrr3ji36591xf54jue3ca,Giorgio Scalvini,CB,1639763955,1640606670,1640.60667,514,0.051392,1,2026-08-27T18:00:00Z
player:1zf9egrh7cjofd7td62oc5tk9,Fran Navarro,FW,1012227585,1012746255,1012.746255,512,0.05124,1,2026-08-27T18:30:00Z
player:a92jo08oujrq2f9ggbf4776z8,Anel Husic,CB,1037949363,1038473091,1038.473091,504,0.050458,1,2026-08-27T18:45:00Z
player:ez84mmwnccba4l4mprch00962,Omari Forson,FW,1014393717,1014905286,1014.905286,504,0.050431,1,2026-08-29T16:30:00Z
player:9mlj7fxon5zy1qmktvvcwjrl6,Ferrán Jutglà,FW,1191953085,1192546743,1192.546743,498,0.049805,1,2026-08-27T18:30:00Z
player:9sxg58hszjq17avxgumftdu22,Sandro Tonali,DM,1321657353,1322311818,1322.311818,495,0.049519,1,2026-08-29T16:30:00Z
player:b77yizfv3dc6l2baae0jzo6ad,Oleksandr Zubkov,AM_W,1104318944,1104840146,1104.840146,472,0.047197,1,2026-08-26T19:00:00Z
player:d9a62lhx21b0ym73rxd6mw8h5,Ethan Pinnock,CB,1372196854,1372837838,1372.837838,467,0.046712,1,2026-08-29T14:00:00Z
player:6o2v57d92t1mejod24gmufcut,Philipp Lienhart,CB,1409342384,1409992587,1409.992587,461,0.046135,1,2026-08-27T16:45:00Z
player:acx78ftnm61hm01wpmme77hbe,Tajon Buchanan,CM,920927706,921338645,921.338645,446,0.044622,1,2026-08-28T19:30:00Z
player:c3sl9ajm4q424r4u37iath3hl,Óscar Mingueza,CM,1239366052,1239919062,1239.919062,446,0.04462,1,2026-08-28T19:00:00Z
player:96ou7x51dxymv16l0ocsuhbyt,David Brooks,FW,1079372655,1079832483,1079.832483,426,0.042601,1,2026-08-29T14:00:00Z
player:f4qcgzveslklfi8601tep77x1,Julian Brandt,CM,2683409709,2684551342,2684.551342,425,0.042544,1,2026-08-27T18:00:00Z
player:1kvdslsoca32n1g955ma07s6i,Zine,FW,1018790592,1019215027,1019.215027,417,0.041661,1,2026-08-26T19:00:00Z
player:e0tqievwgo1fq8xlnqrxs6ymt,Irfan Kahveci,FW,1102798458,1103257732,1103.257732,416,0.041646,1,2026-08-26T19:00:00Z
player:a6cke0ad2pvuyahweuch772ay,Victor Okoh Boniface,FW,1344939459,1345497124,1345.497124,415,0.041464,1,2026-08-29T13:30:00Z
player:csln6jgn8b4iowwma4pmoial0,Clinton Jephta,FW,1000097605,1000511616,1000.511616,414,0.041397,1,2026-08-27T17:00:00Z
player:6ynchgp6o4tajwvnfdnoo11at,Nabil Bentaleb,DM,1617015496,1617670544,1617.670544,405,0.04051,1,2026-08-28T19:00:00Z
player:eufpzdp76oumhybvscmu76vo5,Mariano Díaz,FW,1021258968,1021672395,1021.672395,405,0.040482,1,2026-08-28T19:30:00Z
player:1c9edgqsq6j7jlzku2qamu8k5,Milot Rashica,FW,1047741360,1048165465,1048.165465,405,0.040478,1,2026-08-27T17:00:00Z
player:79n0dyjagmleor1fpwl25qql0,Javi Rodríguez,CB,1116997913,1117449335,1117.449335,404,0.040414,1,2026-08-27T18:30:00Z
player:7n4feroz4fvbr2k1s7eil1zbo,Chaka Traorè,FW,1002046090,1002449747,1002.449747,403,0.040283,1,2026-08-27T19:00:00Z
player:944ptuekuetkjifbeaycqcoh5,Callum Wright,CM,1000000000,1000388711,1000.388711,389,0.038871,1,2026-08-27T19:00:00Z
player:agsollzstr45ee0z17tle8d1w,Terry Yegbe,CB,964924905,965298556,965.298556,387,0.038723,1,2026-08-27T18:00:00Z
player:ac5f9msbvijksbq5s2ivwh979,Josan,FW,1078580686,1078991676,1078.991676,381,0.038105,1,2026-08-28T17:00:00Z
player:7xc0qldxpidl07vij2wgu1sk5,Kevin Diks,CB,1274653019,1275137506,1275.137506,380,0.038009,1,2026-08-29T13:30:00Z
player:xuk3qlmk4985hs8ocjjd49ka,Maximilian Beier,AM_W,1321213986,1321709858,1321.709858,375,0.037532,1,2026-08-29T16:30:00Z
player:7eerzaqbpm84ogq0y24cv1ck5,Filip Jagiello,CM,1012191721,1012568429,1012.568429,372,0.037217,1,2026-08-27T18:00:00Z
player:xeybxsihh2ggg35oz4ws6jv8,Bruno Ogbus,CB,1024500318,1024871827,1024.871827,363,0.036262,1,2026-08-27T16:45:00Z
player:30gsjr0xlmjulnz227zfxga8l,Duván Zapata,FW,1455628836,1456106068,1456.106068,328,0.032785,1,2026-08-29T16:30:00Z
player:e30x514qvzadcryj2zhoss26s,Chema Andrés,CM,1147742534,1148110488,1148.110488,321,0.032059,1,2026-08-28T18:30:00Z
player:5j1udwynju0yd4w3qcejmdlyi,Moritz Wels,AM_W,1001179695,1001495304,1001.495304,315,0.031524,1,2026-08-27T18:30:00Z
player:cz8rap253qxnx9l0g1sj6dt04,Mahmudu Bajo,CM,998205612,998516299,998.516299,311,0.031125,1,2026-08-27T17:00:00Z
player:8ibag83uzcirmb7vycpdxxw5w,Leon Frokaj,AM_W,1007840517,1008137300,1008.1373,294,0.029447,1,2026-08-27T18:00:00Z
player:spjwukiya1mdmpbk7f4baolw,Max Moerstedt,FW,1032152061,1032452973,1032.452973,291,0.029154,1,2026-08-29T13:30:00Z
player:7qgt7sht6py670pt6t4wjhqay,Dwight McNeil,FW,1330831942,1331215216,1331.215216,288,0.0288,1,2026-08-28T19:00:00Z
player:28ycrs00jy47409lbz82gbhn8,Amiran Dzagania,FW,1000000000,1000283927,1000.283927,284,0.028393,1,2026-08-27T16:00:00Z
player:6zo1ykc0n2njq5xnx0tiuluz8,El Hadji Seck,FW,1000000000,1000278603,1000.278603,279,0.02786,1,2026-08-27T19:00:00Z
player:edlkmzpuy6dk29t36ko9g50b9,Petros Mantalos,CM,1069254115,1069551681,1069.551681,278,0.027829,1,2026-08-26T19:00:00Z
player:f0x3pa532agezdjdzcsp94l49,András Schäfer,DM,1012650348,1012927059,1012.927059,273,0.027325,1,2026-08-29T13:30:00Z
player:kvbjuvcseqk4sbr04ctkqi38,Cher Ndour,CM,1146526736,1146832390,1146.83239,267,0.026659,1,2026-08-29T16:30:00Z
player:48xw6q1zl0wws78a4nxfbir55,Oleksii Kashchuk,FW,1005840120,1006106494,1006.106494,265,0.026483,1,2026-08-27T16:15:00Z
player:8921la7pznfjc4e69ul2pqmms,Javi Morcillo,CM,1010856574,1011119332,1011.119332,260,0.025994,1,2026-08-28T17:00:00Z
player:7hugqbtot3c8fmxtfqld9l15g,Hugo Bolin,AM_W,1011644273,1011902398,1011.902398,255,0.025515,1,2026-08-29T13:30:00Z
player:b4q9q0qgmtz959rygieg9ln1l,Romano Schmid,CM,1496221809,1496599073,1496.599073,252,0.025214,1,2026-08-29T16:30:00Z
player:cf3ufh2lfaers984e4bv0lk2d,Daniel Trubac,CM,1003208135,1003449179,1003.449179,240,0.024027,1,2026-08-27T17:00:00Z
player:bqg2p4lfk0ldhn0oojwva47h1,Reinhold Ranftl,CM,999621648,999860844,999.860844,239,0.023929,1,2026-08-27T18:30:00Z
player:3mp7p8tytgkbwi8itxl5mfkrt,Bakery Jatta,CM,977694528,977927676,977.927676,238,0.023847,1,2026-08-29T16:30:00Z
player:bdcpptlf4dznvgwq5st8hxwyc,Junnosuke Suzuki,CB,1011817349,1012051108,1012.051108,231,0.023103,1,2026-08-27T17:00:00Z
player:abq67eup8kd31w8da2i0eftgp,Giacomo Raspadori,FW,1569697203,1570050105,1570.050105,225,0.022482,1,2026-08-27T18:00:00Z
player:1ae2q6d1nrcaqjzsuf3ecpm95,Rilind Nivokazi,FW,1011093765,1011318313,1011.318313,222,0.022208,1,2026-08-27T18:00:00Z
player:7zkku0gboniozaks9yx0ous8a,Armel Bella-Kotchap,CB,1382834170,1383131636,1383.131636,215,0.021511,1,2026-08-28T18:45:00Z
player:6w641bd5laym8cnxg6mecsmqc,Paco Cortés,AM_W,1001316866,1001530759,1001.530759,214,0.021361,1,2026-08-29T15:00:00Z
player:2hvo0y7v3ot6560ft65yst2ad,Lorenzo Dickmann,CM,1000000000,1000207430,1000.20743,207,0.020743,1,2026-08-27T18:00:00Z
player:22zaq3o78o5feeogqdsvig02y,Luca Netz,CM,1034390226,1034600636,1034.600636,203,0.020341,1,2026-08-29T11:30:00Z
player:crdmczlhynym2z1adqlbt853p,Fernand Mayembo,CB,1030854452,1031062728,1031.062728,202,0.020204,1,2026-08-27T18:00:00Z
player:d9af8aedco8r1h0ognw2ildnu,Joshua McPake,AM_W,1003039022,1003229948,1003.229948,190,0.019035,1,2026-08-26T16:45:00Z
player:7xwhs2wewkdpr0zvhzp9mlzsa,Giannis Konstantelias,AM_W,1137495597,1137699119,1137.699119,179,0.017892,1,2026-08-29T16:30:00Z
player:dqowa4rvf2h9849rqv5w5gu09,Alwyn Tera,CM,1007584619,1007759016,1007.759016,173,0.017308,1,2026-08-27T16:00:00Z
player:5qkrvap53rnhyuujxc4yb597t,Michal Sácek,CB,1007446662,1007617412,1007.617412,169,0.016949,1,2026-08-27T16:45:00Z
player:8n143iu92sawgz5v8al0gyz2s,Seny Koumbassa,CB,995478253,995640331,995.640331,163,0.016281,1,2026-08-29T18:45:00Z
player:6axbj3uylrbf0l29vj3vdmd3p,Blair Spittal,DM,1046616777,1046779449,1046.779449,155,0.015543,1,2026-08-26T16:45:00Z
player:cg3fk0cm3r2edv5u9ng4ef4yd,Ondrej Mihálik,FW,1006422536,1006578873,1006.578873,155,0.015534,1,2026-08-27T17:00:00Z
player:81sfrpdzz1nymxg1b5noo67ai,Yorbe Vertessen,AM_W,1102296013,1102463762,1102.463762,152,0.015218,1,2026-08-27T17:00:00Z
player:5eibxcpkkytuil2h3zfh1amms,Mezian Soares,CM,1001558213,1001706185,1001.706185,148,0.014774,1,2026-08-29T15:15:00Z
player:30hr440bvtm7enhh6umvfvr4k,Théo Berdayes,FW,1002842079,1002989749,1002.989749,147,0.014725,1,2026-08-27T18:00:00Z
player:cis0z72hgahfnfjduk7hdnz3e,Odilon Kossounou,FB_WB,1488283916,1488497278,1488.497278,143,0.014336,1,2026-08-27T18:00:00Z
player:dx7fg77tfqytimfiixw9tyfx0,Seydou Fini,FW,999712689,999854665,999.854665,142,0.014202,1,2026-08-29T16:30:00Z
player:ew2sm4xxnq9jvmwq70oz4y2g9,Josh Maja,FW,1001479590,1001621046,1001.621046,141,0.014125,1,2026-08-29T18:45:00Z
player:64z0l76o9h55wl53bl94nmdqs,Georgios Katris,CB,994992579,995131541,995.131541,140,0.013966,1,2026-08-27T17:00:00Z
player:7ohgxs03szerp6mwiiv58ryay,Andrea Cambiaso,CM,1441300472,1441500596,1441.500596,139,0.013885,1,2026-08-29T18:45:00Z
player:2zny241yb0xio4i7k9a5k76s4,Ayoube Amaimouni-Echghouyab,FW,1013395933,1013528726,1013.528726,131,0.013104,1,2026-08-29T13:30:00Z
player:3djmsd2atvq16ysmocq7twsfd,Axel Disasi,CB,1548567019,1548764825,1548.764825,128,0.012773,1,2026-08-28T19:00:00Z
player:7ngbzn51z20j8s1drzdtwiove,Rayan Philippe,AM_W,1039214355,1039337343,1039.337343,118,0.011835,1,2026-08-29T16:30:00Z
player:8vom3bt6es2kp5sdl98az6gwk,Emirhan Ilkhan,CM,1050488191,1050598733,1050.598733,105,0.010523,1,2026-08-29T16:30:00Z
player:cm7l7qimy4iysm1khmpc7u961,Matthew O'Riley,CM,1163815695,1163927636,1163.927636,96,0.009618,1,2026-08-27T18:30:00Z
player:1gwemllvgcore4shqy79qu82y,Vetle Skjærvik,CB,996784648,996879527,996.879527,95,0.009519,1,2026-08-27T18:30:00Z
player:8qvqdjw1d58mw7420lpmk7bah,Edu Expósito,DM,1244664316,1244782608,1244.782608,95,0.009504,1,2026-08-29T17:00:00Z
player:7wh91ajt4v3w9kfdpp5hf5mmt,Paul Onuachu,FW,1046566445,1046658732,1046.658732,88,0.008818,1,2026-08-27T18:30:00Z
player:dgysidzshgxqm3jegaihwi5wq,Tom Krauß,DM,1233860657,1233967590,1233.96759,87,0.008667,1,2026-08-29T13:30:00Z
player:aopmwx748flafzpj58w2afwlx,Tim Kleindienst,FW,1291150912,1291260966,1291.260966,85,0.008524,1,2026-08-29T13:30:00Z
player:21bdtv9f28xkfmo2dy3uk7bah,Pontus Almqvist,CM,1041967954,1042056401,1042.056401,85,0.008488,1,2026-08-29T18:45:00Z
player:9q1i0f4m80xn3bap7m9s2390q,Reinaldo,FW,1006332112,1006401419,1006.401419,69,0.006887,1,2026-08-26T19:00:00Z
player:3weuuu2vlyod9x7gnk2v9r1ed,Vincent Sasso,FB_WB,1008169199,1008231849,1008.231849,62,0.006214,1,2026-08-29T18:45:00Z
player:8e6qzf8dp3c9lch7tu5r03qqc,Yan Diomande,FW,1288190809,1288264652,1288.264652,57,0.005732,1,2026-08-26T19:00:00Z
player:5nbk2xeyrs7pxdye1jtqudhpl,Robin Hack,FW,1238685820,1238753868,1238.753868,55,0.005494,1,2026-08-29T13:30:00Z
player:29pq64smaxdwlraopnxoleqxh,João Cancelo,CB,1818478712,1818575936,1818.575936,53,0.005346,1,2026-08-27T19:00:00Z
player:4o8roh953dufflhb1y3wn1kpg,Diego Besio,FW,1018226110,1018278769,1018.278769,52,0.005172,1,2026-08-27T18:00:00Z
player:370bp4zp3mxe27rtx3gwhcems,Stanis Idumbo,CM,1005062289,1005105313,1005.105313,43,0.004281,1,2026-08-27T16:45:00Z
player:4zy4d60v2qmaplm9xbe51y1gp,Khvicha Kvaratskhelia,FW,2535093858,2535201121,2535.201121,42,0.004231,1,2026-08-28T19:00:00Z
player:acrwmucmu5zajj159f30of384,Jovan Milosevic,FW,1011472308,1011511887,1011.511887,39,0.003913,1,2026-08-27T18:30:00Z
player:7izciy79i6d6h7usfr8mcmh91,Florian Sotoca,FW,1731702452,1731747264,1731.747264,26,0.002588,1,2026-08-29T15:15:00Z
player:e4c4tmuny1mrnofany1sbfy8k,Otto Stange,FW,994735905,994760831,994.760831,25,0.002506,1,2026-08-29T16:30:00Z
player:8acma9qalcndikqy03xono1sk,Ange Ahoussou,CB,1024221692,1024244310,1024.24431,22,0.002208,1,2026-08-26T16:45:00Z
player:5tg6w4wmwtiwvdvsmju5svdhw,Fabio Baldé,FW,1006356187,1006376857,1006.376857,21,0.002054,1,2026-08-29T15:15:00Z
player:706la37b8u3v3n6mqtbjs73mc,Jon Gorrotxategi,DM,1118260105,1118282672,1118.282672,20,0.002018,1,2026-08-29T17:00:00Z
player:avg54tzd7cxjld09569czfgus,Marin Ljubicic,FW,1036011248,1036031928,1036.031928,20,0.001996,1,2026-08-29T13:30:00Z
player:4mvqt04u92wsm1p5ja8fpilii,Tiago Araújo,CB,1006244416,1006246178,1006.246178,2,0.000175,1,2026-08-27T19:00:00Z
player:4baqlwfu312pctopy1cx6s2c5,Silvan Widmer,CM,971711820,971709830,971.70983,-2,-0.000205,1,2026-08-29T13:30:00Z
player:bwn0e8pjrikjcpold20o2os2c,Loic Essomba,FW,999791831,999789761,999.789761,-2,-0.000207,1,2026-08-27T17:00:00Z
player:6b7p3ncup75mpop91n0u1mw2d,Marius Bülter,FW,1239426786,1239424085,1239.424085,-2,-0.000218,1,2026-08-29T13:30:00Z
player:38de1wbyp2ruksgffna791n8p,Nicolás Dominguez,CM,1599098446,1599088885,1599.088885,-6,-0.000598,1,2026-08-29T11:30:00Z
player:xtsn8ubt3wtj6lwlca3bfrop,Catalin Itu,FW,1000000000,999993750,999.99375,-6,-0.000625,1,2026-08-27T18:00:00Z
player:7lo14fnq32yyyqql6jws5w3xl,Alfon González,CM,1047592842,1047584245,1047.584245,-8,-0.000821,1,2026-08-29T19:30:00Z
player:1qcj2upaz0xa98zkc835djo8a,Sékou Mara,FW,1068026255,1068012442,1068.012442,-13,-0.001293,1,2026-08-29T15:15:00Z
player:7dwwdch7ugzhwrnadvkih9dcl,Louis Schaub,CM,1123915980,1123893637,1123.893637,-20,-0.001988,1,2026-08-26T16:45:00Z
player:9bq6ktvpmk31z74eqdwu4qk7p,Bahlul Mustafazada,CB,899515491,899495319,899.495319,-22,-0.002243,1,2026-08-27T16:15:00Z
player:6mf11pv0pfvyl9vom1i1pi0yy,Akor Adams,FW,1201958142,1201929332,1201.929332,-24,-0.002397,1,2026-08-28T18:45:00Z
player:bwhbnmsj9bydobo4jkvnpqxre,Florenc Farruku,FW,1000000000,999974339,999.974339,-26,-0.002566,1,2026-08-27T17:00:00Z
player:e2xiayt8k5tv4dw5hjop71fqh,Enzo Ebosse,CB,1019537577,1019510753,1019.510753,-26,-0.002631,1,2026-08-29T16:30:00Z
player:daid84a2zbh8rasleahdp8nis,Hugo Álvarez,FW,1145929747,1145898453,1145.898453,-27,-0.002731,1,2026-08-27T18:30:00Z
player:evsrix4aokl5o7dlx9zc41h49,Franca,FW,1000000000,999970830,999.97083,-29,-0.002917,1,2026-08-27T16:00:00Z
player:apgbqplqtvuc1dmdxi5gqhd04,Adam Mayor,CM,1000000000,999970448,999.970448,-30,-0.002955,1,2026-08-27T19:00:00Z
player:aianahl18ooxmlr5ok6v321d6,Daniel Bîrligea,FW,1071439424,1071406246,1071.406246,-31,-0.003097,1,2026-08-29T16:30:00Z
player:9cv979t3dmbwoy586m01xdvkk,Luca Lipani,CM,1062804320,1062769935,1062.769935,-32,-0.003235,1,2026-08-29T16:30:00Z
player:536xixhoric6hoimktme1kftg,Juan Arizala,CM,1000625194,1000590571,1000.590571,-35,-0.00346,1,2026-08-29T16:30:00Z
player:24vavcwn4hco5je9kdu9ciwgl,Janik Haberer,CM,949455137,949420577,949.420577,-36,-0.00364,1,2026-08-29T13:30:00Z
player:7y6f63pj7horkzhdzbge02rqh,Callum Hudson-Odoi,FW,1631625896,1631561336,1631.561336,-40,-0.003957,1,2026-08-29T11:30:00Z
player:71u496icvidir8qgjqut39qms,Idrissa Gueye,FW,996567199,996527747,996.527747,-40,-0.003959,1,2026-08-29T16:30:00Z
player:9nqvf6si8k5u91rjslfvgc650,Aitor Mañas,FW,999445153,999400677,999.400677,-45,-0.00445,1,2026-08-28T19:30:00Z
player:8cpd4je0ku8wjumqeh3ruv10p,Bojan Miovski,FW,1064786171,1064719937,1064.719937,-62,-0.00622,1,2026-08-27T16:00:00Z
player:a3pp88a52x123muu26sg4maxh,Kevin Wimmer,CB,1008431346,1008363392,1008.363392,-67,-0.006739,1,2026-08-26T19:00:00Z
player:jw8lb54ua2iufebwnu8k68t0,Noah Mbamba,CM,1008919545,1008848788,1008.848788,-70,-0.007013,1,2026-08-29T18:45:00Z
player:bh4p6egq7e7htivuu0qdjqiac,Vitor Reis,CB,1234590088,1234503347,1234.503347,-70,-0.007026,1,2026-08-28T19:00:00Z
player:1fu9y7gemoii89ejj7bkex78p,Regan Charles-Cook,FW,1004853742,1004781834,1004.781834,-72,-0.007156,1,2026-08-27T16:45:00Z
player:d5kymt3b15y1chb4hp8pt3w2c,Kanayochukwu Megwa,CM,1001624318,1001545913,1001.545913,-78,-0.007828,1,2026-08-27T19:00:00Z
player:ejrke7z9ve17jhj7x4glh206i,Peter González,FW,994337261,994245632,994.245632,-92,-0.009215,1,2026-08-27T16:45:00Z
player:73jvx4opw9wvawwpg0bnt8ay2,Ilias Akhomach,FW,1031240753,1031143446,1031.143446,-94,-0.009436,1,2026-08-28T19:30:00Z
player:3qcyotm0vljybir8poi67stsl,Yacouba Kone,CB,1019675051,1019575675,1019.575675,-97,-0.009746,1,2026-08-29T18:45:00Z
player:ccokndnkkyllbp5vb8nwnhdlg,Peio Canales,AM_W,1028563363,1028458854,1028.458854,-102,-0.010161,1,2026-08-27T19:00:00Z
player:cbh5v5yi380uvbt5z2xbxemfo,Carlos Espí,FW,1085957292,1085845924,1085.845924,-103,-0.010255,1,2026-08-26T19:00:00Z
player:7nv0wf9kmny9w7p36ahdsitat,Timi Elsnik,CM,1035466449,1035355278,1035.355278,-107,-0.010736,1,2026-08-27T17:00:00Z
player:cdyinzscw0tm6owzaka8nua6s,Enoch Owusu,CM,1019030457,1018917078,1018.917078,-111,-0.011126,1,2026-08-27T18:00:00Z
player:enqcaecpt5hy0qv9x5pzmkjc9,Matteo Gabbia,CB,1235218002,1235079077,1235.079077,-112,-0.011247,1,2026-08-28T18:45:00Z
player:ew18qvvupaejxubhqmxmbd39x,Andrej Kramaric,AM_W,2133026801,2132779820,2132.77982,-116,-0.011579,1,2026-08-29T13:30:00Z
player:6br25cdde7u380e5jnwgy4xjp,Gustav Berggren,CM,1023057020,1022937403,1022.937403,-117,-0.011692,1,2026-08-27T18:00:00Z
player:cbhq02wsov8h2byu6uov22bro,Gabri Martínez,CM,1044318028,1044189944,1044.189944,-123,-0.012265,1,2026-08-27T18:30:00Z
player:5uae7dfwd08krjtualbf7udey,Ibrahima Cisse,FW,1001732499,1001606138,1001.606138,-126,-0.012614,1,2026-08-27T19:00:00Z
player:9piw0xnt2pfr68znrf62g7622,Tochi Chukwuani,CM,1078809596,1078673110,1078.67311,-127,-0.012652,1,2026-08-27T16:00:00Z
player:9y7i6fdt5xkiihze1honmsqac,Marvin Nasnas,CM,1003380598,1003251866,1003.251866,-128,-0.01283,1,2026-08-27T17:00:00Z
player:2hhatd33vvokrbemn4echivhl,Warren O'Hora,CB,978807779,978681844,978.681844,-129,-0.012866,1,2026-08-27T19:00:00Z
player:554kyr3o9z9smhd0hjghnyj8p,Maxence Carlier,CM,1000000000,999868680,999.86868,-131,-0.013132,1,2026-08-27T16:00:00Z
player:1fjkjzsei9slx2t4zhsqdkve1,Monday Etim,CM,1022648673,1022513218,1022.513218,-132,-0.013246,1,2026-08-27T16:00:00Z
player:3zes560vzpdka9z0smn56qhp0,Federico Cassa,CM,998232476,998099835,998.099835,-133,-0.013288,1,2026-08-27T18:00:00Z
player:154gonr6x9vuraxmzd9zi5xck,Rio Ngumoha,AM_W,1032886532,1032735925,1032.735925,-146,-0.014581,1,2026-08-29T11:30:00Z
player:6rutvrgco8li4nyz7tfayxb6x,Deniz Undav,FW,1805134320,1804862472,1804.862472,-151,-0.01506,1,2026-08-28T18:30:00Z
player:mgwgcv336wb93xvv0pfr6dih,Jeff Chabot,CB,1941657518,1941364813,1941.364813,-151,-0.015075,1,2026-08-28T18:30:00Z
player:enc30jhvcxxy3c53muws4gbje,Oiva Jukkola,AM_W,1001895795,1001741399,1001.741399,-154,-0.01541,1,2026-08-27T18:30:00Z
player:418gw0hpjoy8dt0ywaxjgm5pm,Nicolò Fagioli,CM,1553417677,1553146372,1553.146372,-175,-0.017465,1,2026-08-29T16:30:00Z
player:4an8xrcoiz0th7347aradjo5w,Ante Suto,FW,1000000000,999822485,999.822485,-178,-0.017751,1,2026-08-27T19:00:00Z
player:6hfh81884cw22q8ekjmiezq39,Kristoffer Haugen,FB_WB,1072197118,1072003736,1072.003736,-180,-0.018036,1,2026-08-26T19:00:00Z
player:b4ocx2ub0iwtzac72gd0voj6c,Markus Walker,CB,1004538267,1004356862,1004.356862,-181,-0.018059,1,2026-08-27T18:00:00Z
player:duqiler25n63ksi0fxreo50mi,Andrea Colpani,CM,1245200544,1244974094,1244.974094,-182,-0.018186,1,2026-08-29T16:30:00Z
player:8nltgz63ge48r3awx5ogybi3u,Aleksandr Mrynskiy,AM_W,981562097,981380832,981.380832,-185,-0.018467,1,2026-08-27T18:30:00Z
player:1gqzh8uy4tv9ixgt2c308ezth,Ioannis Kousoulos,DM,1041947959,1041754209,1041.754209,-186,-0.018595,1,2026-08-27T17:00:00Z
player:dvw2eqr42y741yzh50186sy96,Andrey Yordanov,CM,1000000000,999813157,999.813157,-187,-0.018684,1,2026-08-27T18:00:00Z
player:e91yegwfliqhfy9yyk19otafo,Williot Swedberg,FW,1142717624,1142502931,1142.502931,-188,-0.018788,1,2026-08-27T18:30:00Z
player:cjznkoq68kxguutsoysecwbh0,Samuele Inácio,AM_W,1031224572,1031014449,1031.014449,-204,-0.020376,1,2026-08-29T16:30:00Z
player:1l228p52d8wdf8qhfxqu8rca,Brennan Johnson,FW,1314748234,1314479264,1314.479264,-205,-0.020458,1,2026-08-29T14:00:00Z
player:2ugzqrpaooto1r24a6kvqf2ll,Teun Koopmeiners,CM,2076060073,2075627948,2075.627948,-208,-0.020815,1,2026-08-29T18:45:00Z
player:5es43b4a7fv0lkmp63dj439ey,Giuliano Simeone,FW,1132093753,1131854959,1131.854959,-211,-0.021093,1,2026-08-29T19:30:00Z
player:75o3w8gbal0imwmptqunnxzpw,Maguette Gueye,CM,1005382374,1005169098,1005.169098,-212,-0.021213,1,2026-08-28T17:00:00Z
player:9qh33yv2m4youfw1q2xf6vs6i,Edmilson Filho,FW,1009601809,1009384558,1009.384558,-215,-0.021518,1,2026-08-27T18:30:00Z
player:8n4b6j21nxf1nf628ugg3xsdl,Steffen Tigges,FW,1051034586,1050799033,1050.799033,-224,-0.022412,1,2026-08-29T13:30:00Z
player:3wgsxsp1pqts0zjpdudvxrlgq,Willy Vogt,FW,1000348842,1000123053,1000.123053,-226,-0.022571,1,2026-08-27T16:45:00Z
player:dpnp9rguhhs04of6vmlw5spg5,Rolando Mandragora,CM,1228118133,1227831262,1227.831262,-234,-0.023359,1,2026-08-29T16:30:00Z
player:8bvhibfn0481ckmmutiv1uhre,Joël Schmied,CB,963535448,963308930,963.30893,-235,-0.023509,1,2026-08-29T13:30:00Z
player:8byp1lyd4twbvremuoip7zfv8,Albion Rrahmani,FW,1032503771,1032260798,1032.260798,-235,-0.023532,1,2026-08-28T18:45:00Z
player:5lrx5tf18h09gaw67xjbt2vpw,Ákos Markgráf,CB,1011709020,1011466331,1011.466331,-240,-0.023988,1,2026-08-27T17:00:00Z
player:8csmi6krrz8ju4085n6dgekt1,Viljar Vevatne,CB,1000000000,999759654,999.759654,-240,-0.024035,1,2026-08-26T19:00:00Z
player:cq0cto13xxloz8cqit2j24c7p,Samy Mmaee,CB,1070355673,1070079439,1070.079439,-258,-0.025808,1,2026-08-27T17:00:00Z
player:aoik5g61oq5r3lbbe76f9iicq,Nils Reichmuth,CM,996509211,996249235,996.249235,-261,-0.026089,1,2026-08-27T18:00:00Z
player:e4zef10cq38ujbj2704zw2y1h,Radoslaw Murawski,DM,1005982680,1005715444,1005.715444,-266,-0.026565,1,2026-08-27T18:00:00Z
player:4kvnu34bu4612x9dppg4fk4fe,Bence Várkonyi,CB,1017801666,1017528950,1017.52895,-268,-0.026795,1,2026-08-27T16:15:00Z
player:721e4tx2wrwb4kd9w80fcq19l,Samuele Birindelli,CM,940545504,940288790,940.28879,-273,-0.027294,1,2026-08-29T16:30:00Z
player:8ipqhvaekpinqwwgb4eo0g6qc,Pathé Mboup,AM_W,1019930933,1019647783,1019.647783,-278,-0.027762,1,2026-08-29T18:45:00Z
player:8hgpvnzy2mra3ps209tniq7f8,Oscar Gloukh,CM,1129615429,1129292118,1129.292118,-286,-0.028621,1,2026-08-27T18:00:00Z
player:aeq6jlhgxpnkywoc20kp8tvu2,Herman Haugen,FW,1006160852,1005872200,1005.8722,-287,-0.028688,1,2026-08-26T19:00:00Z
player:bofzw9xfhdsaar6kxio07ihyi,Tawanda Maswanhise,FW,998402390,998108152,998.108152,-295,-0.029471,1,2026-08-27T16:45:00Z
player:awifojlj7tvikhdfqftwhco44,Andrés García,FW,1006958937,1006656781,1006.656781,-300,-0.030007,1,2026-08-27T19:00:00Z
player:c1sj6aogyfpm5wqvhd2bli7e,Alessandro Circati,CB,1025944857,1025632521,1025.632521,-304,-0.030444,1,2026-08-27T18:00:00Z
player:3ub05nnpt9o7s387z6oj8vf56,Johnny Cardoso,CM,1382730270,1382281110,1382.28111,-325,-0.032484,1,2026-08-29T19:30:00Z
player:bsdr4bp6qt4qpy303u7l11250,Bilal Nadir,CM,1068234199,1067878561,1067.878561,-333,-0.033292,1,2026-08-29T16:30:00Z
player:4cubrfqgrc5ivbd6fdj3k3zf8,Mario Dorgeles,CM,1028086939,1027744166,1027.744166,-333,-0.033341,1,2026-08-27T18:30:00Z
player:3gdj5h3f356wsl5n4vbgt16vo,Youssuf Sylla,FW,1000472111,1000134344,1000.134344,-338,-0.033761,1,2026-08-27T16:00:00Z
player:8l0am8k4pg2s9g9qbkhwte6dx,Yussuf Poulsen,FW,1114575929,1114193630,1114.19363,-343,-0.0343,1,2026-08-29T16:30:00Z
player:8lmuo5xl3y15zb8xl3xhrs7x0,Mikel Rodríguez,CM,1004032846,1003680323,1003.680323,-351,-0.035111,1,2026-08-28T19:30:00Z
player:18qxb54ol1s4mtgl7n3224ciy,Charly Alcaraz,CM,1151207892,1150803537,1150.803537,-351,-0.035124,1,2026-08-29T14:00:00Z
player:az7wa6km1zhvsb8y4mndlogyd,Eric Dier,FB_WB,1576835499,1576273348,1576.273348,-357,-0.035651,1,2026-08-27T16:45:00Z
player:3e703hmiskmwqd4f3hvx326tw,Samuel Amo-Ameyaw,CM,1058545059,1058165421,1058.165421,-359,-0.035864,1,2026-08-29T15:15:00Z
player:92x4ssmd4sq2upjn0dyws5wq1,Aiyegun Tosin,FW,1059882201,1059482799,1059.482799,-377,-0.037684,1,2026-08-29T18:45:00Z
player:5t2ngljfiapcn98qlnbifg53p,Moi Gómez,CM,1358235444,1357715823,1357.715823,-383,-0.038257,1,2026-08-27T18:30:00Z
player:5t3gy4g25ny7lrrvfxp7nmhp0,Fran Topic,FW,1017958347,1017565707,1017.565707,-386,-0.038571,1,2026-08-26T19:00:00Z
player:1heix61yhkjiprr8kbu7qy5g4,Tristan Degreef,FW,985442993,985061621,985.061621,-387,-0.038701,1,2026-08-27T18:30:00Z
player:609aarpl34780k5mkkwluvjf8,Iñigo Arguibide,FB_WB,995628827,995240456,995.240456,-390,-0.039008,1,2026-08-27T18:30:00Z
player:4stnvxbf7enogqej29n3ll0d0,Archie Gray,CM,996394371,995996045,995.996045,-400,-0.039977,1,2026-08-29T16:30:00Z
player:76av5tb8cxhmr0yh3pbmk8npw,Frederik Emmery,CM,990562305,990155374,990.155374,-411,-0.041081,1,2026-08-27T18:00:00Z
player:aadwnc8p356rns7i7nyttyy5m,Robin Wallinder,GK,1025779469,1025356719,1025.356719,-412,-0.041213,1,2026-08-27T17:00:00Z
player:e26emx57uoe6lgywamks2b5xx,Amir Hadziahmetovic,CM,1074677013,1074230663,1074.230663,-415,-0.041533,1,2026-08-27T17:00:00Z
player:6z3a27dxffwacyxof0imvcfvu,Beto,FW,1275896353,1275362257,1275.362257,-419,-0.04186,1,2026-08-29T14:00:00Z
player:7agtkarul2qlsc20avvj45w8a,Mattia Zanotti,CM,1018350471,1017923241,1017.923241,-420,-0.041953,1,2026-08-27T16:00:00Z
player:4ilb0ze8usfyb8893fhh9zoyc,Nesta Elphege,FW,1007886277,1007462549,1007.462549,-421,-0.042041,1,2026-08-29T18:45:00Z
player:b4x911h58r8i9b2vvsnydvfo4,Lennart Karl,AM_W,1214325772,1213807518,1213.807518,-427,-0.042678,1,2026-08-28T18:30:00Z
player:59hf5uowq19ra4t40gjnco0ve,Ismail Yüksek,CM,1280893651,1280345579,1280.345579,-428,-0.042788,1,2026-08-26T19:00:00Z
player:5r47vtvu418kae5j2rpv6w2dw,Mats Rots,CB,1006841296,1006409540,1006.40954,-429,-0.042882,1,2026-08-29T13:30:00Z
player:bsyv3fmihshve4jcr11qmtmfp,Lucas Höler,FW,1484035402,1483390362,1483.390362,-435,-0.043465,1,2026-08-27T16:45:00Z
player:to4j02so007q7mkqpnrrumtw,Romeo Leandersson,CM,1000000000,999564458,999.564458,-436,-0.043554,1,2026-08-27T17:00:00Z
player:53ipmesg7cuaty2uzqm1a2xn9,Lawrence Shankland,FW,1058037959,1057540133,1057.540133,-471,-0.047052,1,2026-08-27T16:00:00Z
player:11r7kkbcv2bn8lar3unczuz8p,Nikola Krstovic,FW,1399651264,1398988721,1398.988721,-473,-0.047336,1,2026-08-27T18:00:00Z
player:3h5tvr5ituxa96tmn7yz6ex2h,Mazire Soula,CM,998269697,997789060,997.78906,-482,-0.048147,1,2026-08-26T19:00:00Z
player:64ctdbd0w5ikj0fkcuu9jdbhm,Ilaix Moriba,CM,1151064617,1150510402,1150.510402,-482,-0.048148,1,2026-08-27T18:30:00Z
player:1qkep5ck252k1g3oqza5ygh61,Takefusa Kubo,AM_W,1373449202,1372779215,1372.779215,-488,-0.048781,2,2026-08-29T17:00:00Z
player:2mhvgtcem9qn2yzobtkqiegpg,Tani Oluwaseyi,FW,1015830351,1015332414,1015.332414,-490,-0.049018,1,2026-08-28T19:30:00Z
player:8kknoeewzluh1qxmq1enkd444,Moulaye Haïdara,CM,1005882278,1005377708,1005.377708,-502,-0.050162,1,2026-08-26T16:45:00Z
player:c60m17adgxbewkrzizwtzd91w,Hugo Sotelo,CM,1310539115,1309871971,1309.871971,-509,-0.050906,1,2026-08-29T15:00:00Z
player:a7ip51ik4rkqcvgdsh64ln09g,Arthur Vermeeren,CM,1220051416,1219428101,1219.428101,-511,-0.051089,1,2026-08-29T13:30:00Z
player:75xbiozismh96vufhrhkng4mi,Javi Rueda,CM,1057577203,1057034382,1057.034382,-513,-0.051327,1,2026-08-27T18:30:00Z
player:aaivyikqz6iuxoam10p11034l,Matej Poplatnik,FW,1001704450,1001188613,1001.188613,-515,-0.051496,1,2026-08-26T19:00:00Z
player:4tk4xx48lydt8rqn58vwn55ka,Mihailo Stevanovic,CM,1073169057,1072601381,1072.601381,-529,-0.052897,1,2026-08-27T18:00:00Z
player:684cguhktvth28ql6qgvvmcyc,Farès Chaïbi,CM,1384139986,1383384575,1383.384575,-546,-0.054576,1,2026-08-29T13:30:00Z
player:3pmxeo3dvepq6a1s6dxvjeoh6,Abdoulie Sanyang,FW,997161037,996608662,996.608662,-554,-0.055395,1,2026-08-27T17:00:00Z
player:3jruai7zu28e8f0ooj4t16l05,Luka Lochoshvili,CB,985442990,984885931,984.885931,-565,-0.056529,1,2026-08-29T13:30:00Z
player:bn1rwgy1yhd0ov3u4pu2lb6ga,Léo Pereira,FW,1000000000,999434398,999.434398,-566,-0.05656,1,2026-08-27T18:00:00Z
player:45rxt159xjefvxlfgeykclw8a,Isaac Romero,FW,1171220385,1170553356,1170.553356,-570,-0.056952,1,2026-08-29T19:30:00Z
player:axj86ms31y5wju5431l5j2lwq,Tim Iroegbunam,DM,998941562,998370613,998.370613,-572,-0.057155,1,2026-08-29T14:00:00Z
player:96xomdtz505yoaz35i5bb8f84,Dorgeles Nene,CM,1084019854,1083395741,1083.395741,-576,-0.057574,1,2026-08-26T19:00:00Z
player:mzpcgruaplq45au5nfk9zp0q,Adamu Alhassan,CM,1017211437,1016619816,1016.619816,-582,-0.058161,1,2026-08-27T17:00:00Z
player:a971j313ztjvcgojpg6u390b9,Ezequiel Ponce,FW,1038373419,1037768230,1037.76823,-583,-0.058282,1,2026-08-28T17:00:00Z
player:91o58xtrepptv1qk4eolsrutx,Karen Muradyan,CM,992062668,991480081,991.480081,-587,-0.058725,1,2026-08-27T16:00:00Z
player:djlyi0ad4x1p0k4thn8n0axw4,Darío Osorio,CM,1096543044,1095893044,1095.893044,-593,-0.059277,1,2026-08-27T18:45:00Z
player:2we9yak4ipkr1ljigj20puv6y,Giovanni Reyna,CM,1171868136,1171164466,1171.164466,-601,-0.060047,1,2026-08-29T15:15:00Z
player:4gbk8ka3fv401f8zyslo38fai,Radu Dragusin,CB,1024028615,1023406413,1023.406413,-608,-0.06076,1,2026-08-29T16:30:00Z
player:43jy22jv9mtezhrs22lppv3l5,Svetozar Markovic,FB_WB,969064773,968460780,968.46078,-623,-0.062327,1,2026-08-26T19:00:00Z
player:aykbbz6l05b9t5n8uaxp6n2fo,Love Arrhov,AM_W,999650062,999025752,999.025752,-625,-0.062453,1,2026-08-29T13:30:00Z
player:23d0t7gqlra3jkskn18bh752i,Álvaro Djaló,AM_W,1046574031,1045913457,1045.913457,-631,-0.063118,1,2026-08-27T19:00:00Z
player:eg9xhi6wfp1duf01pcsn8vfmd,Lucas Tousart,DM,949690339,949080375,949.080375,-642,-0.064228,1,2026-08-29T18:45:00Z
player:eguth2iido7y17nisod5l6e50,Troy Nyhammer,FW,1000115413,999462633,999.462633,-653,-0.06527,1,2026-08-27T18:30:00Z
player:1cc4xhk65qvo9h3t7glirqm8k,Santiago Hidalgo,AM_W,1045563827,1044879819,1044.879819,-654,-0.06542,1,2026-08-29T18:45:00Z
player:ahoze7dvvhpx45t6887vqpgk4,Daniel Nnodim,CB,1011814845,1011149951,1011.149951,-657,-0.065713,1,2026-08-27T18:30:00Z
player:1filh68q6hdk921qkdo7rsvmc,Rodrigo Mendoza,CM,1040822893,1040128060,1040.12806,-668,-0.066758,1,2026-08-29T19:30:00Z
player:9pryazv5qz8bml8o0wh320goa,Bernardo Fontes,GK,987161027,986484772,986.484772,-685,-0.068505,1,2026-08-27T18:30:00Z
player:1qqhtdvpixhe5zt9mq9omsoh5,Hannes Delcroix,CB,1070844206,1070109667,1070.109667,-686,-0.068594,1,2026-08-27T16:00:00Z
player:2jhi0lbbo65dsfv4ho9pmlgix,Leonardo Lopes,CM,1005779638,1005088063,1005.088063,-688,-0.06876,1,2026-08-27T19:00:00Z
player:2yuntws503qs5o9er31diwmp5,Sandro Kulenovic,FW,1022390471,1021674164,1021.674164,-701,-0.070062,1,2026-08-29T16:30:00Z
player:7uw88nwfgndw5rwjdf3ok89hw,Niko Sigur,CB,998659899,997947687,997.947687,-713,-0.071317,1,2026-08-27T17:00:00Z
player:1pkymw7biivk760rxhubin1ed,Zeki Çelik,CM,1073931669,1073156863,1073.156863,-722,-0.072147,1,2026-08-29T18:45:00Z
player:18607htxxlicutuplkwzbg26s,Bogdan Kostic,FW,998248536,997522728,997.522728,-727,-0.072708,1,2026-08-27T19:00:00Z
player:e5pi22e4qopz95q3y5co7thqs,Christian Ordóñez,CM,989756849,989035431,989.035431,-729,-0.072888,1,2026-08-29T18:45:00Z
player:4wbrkcm2bxeps49cjf747or2s,Tom Sloncík,AM_W,1003156974,1002412161,1002.412161,-743,-0.074247,1,2026-08-27T17:00:00Z
player:bccp1nvtoc3n1q4g4sw1p7ro5,Jon Guridi,AM_W,1089238150,1088428666,1088.428666,-743,-0.074317,1,2026-08-29T19:30:00Z
player:5zr7c0xefkk2tmtrw30srieqc,Riccardo Braschi,FW,997671715,996918842,996.918842,-755,-0.075463,1,2026-08-27T18:00:00Z
player:bj37ny1s1gbbe4wrgyz1wag9h,Mama Baldé,FW,1137902797,1137026389,1137.026389,-770,-0.07702,1,2026-08-29T18:45:00Z
player:5al9uyujlrlb17o4r5sapkkk4,Mads Enggård,DM,1048031073,1047220558,1047.220558,-774,-0.077337,1,2026-08-27T17:00:00Z
player:33vdvzbclcs4eh2dshydkc3it,Mijat Gacinovic,CM,1001173024,1000398496,1000.398496,-774,-0.077362,1,2026-08-26T19:00:00Z
player:ecwzzrkn1snbua5yu4gehxm2,Willian Pacho,CB,2356638721,2354813831,2354.813831,-775,-0.077436,1,2026-08-28T19:00:00Z
player:aa39qmdltst984nw5q0pr8j8q,Niko Galesic,CB,942439474,941706854,941.706854,-778,-0.077737,1,2026-08-26T19:00:00Z
player:4ryipy52oscxkv71ws0os5w5,Vladimír Coufal,CB,766321875,765725339,765.725339,-779,-0.077844,1,2026-08-29T13:30:00Z
player:5ynhzqvpks5u5bjgno6snhyzu,Prosper Ahiabu,CM,999710674,998928059,998.928059,-783,-0.078284,1,2026-08-27T17:00:00Z
player:95uxoznu15m2xywirv43rcmol,Orel Mangala,CM,1047323240,1046497400,1046.4974,-789,-0.078852,1,2026-08-27T19:00:00Z
player:7knk2xsg4690hgq9us9us8ull,Alessio Zerbin,CM,931027606,930282367,930.282367,-801,-0.080045,1,2026-08-29T16:30:00Z
player:1ore4ght7ls393tcpbmah9dcl,Pere Milla,CM,1128017857,1127102133,1127.102133,-812,-0.08118,1,2026-08-29T17:00:00Z
player:3y9nm18as1wxhizq3fyazb2t,Thorgan Hazard,AM_W,1093303301,1092406715,1092.406715,-820,-0.082007,1,2026-08-29T15:15:00Z
player:43eq31reskwn9veb3vickralm,Joseph Scally,CB,662169967,661625866,661.625866,-822,-0.082169,1,2026-08-29T13:30:00Z
player:2ge9oa66xgsefhhpvuboua76x,Jørgen Strand Larsen,FW,1342884231,1341777149,1341.777149,-825,-0.082441,1,2026-08-28T19:00:00Z
player:b5tekxzjb2mm5bmxlaihb8mei,Maximilian Dietz,CM,1016193997,1015353532,1015.353532,-827,-0.082707,1,2026-08-27T16:45:00Z
player:3tzvbdszdrj1tayik9igbve8l,Gorka Guruzeta,FW,1509410158,1508151035,1508.151035,-835,-0.083418,1,2026-08-27T19:00:00Z
player:c8mp2wwwyvy930vfjnivg2hre,Lucien Agoumé,DM,1401646410,1400463976,1400.463976,-844,-0.08436,1,2026-08-29T19:30:00Z
player:cb3afle20p4hssdwhtz3inq7e,Armandas Kucys,FW,1063910528,1063009829,1063.009829,-847,-0.084659,1,2026-08-26T19:00:00Z
player:e437f2udn7fvzgnbrlh6b807o,Matic Ivansek,CM,989081060,988219105,988.219105,-872,-0.087147,1,2026-08-26T19:00:00Z
player:2t9287y4uvo424uhvwjpn1jx0,Wael Mohya,AM_W,1010016835,1009135646,1009.135646,-873,-0.087245,1,2026-08-29T13:30:00Z
player:5llwrgvl44z7c04yv5xsqxu5l,Nenad Cvetkovic,CB,1186676254,1185616089,1185.616089,-894,-0.089339,1,2026-08-26T16:45:00Z
player:dccxma9p13p00n0gi1cxk1nf9,Marko Arnautovic,FW,1398152885,1396902476,1396.902476,-895,-0.089433,1,2026-08-27T17:00:00Z
player:c320492cbp1otejfp1i1oane1,Yangel Herrera,CM,1351094074,1349883479,1349.883479,-896,-0.089601,2,2026-08-29T17:00:00Z
player:94e7xh7d38gbt8zw2u4clb4ve,Gustaf Lagerbielke,CB,1017215183,1016292470,1016.29247,-908,-0.09071,1,2026-08-27T18:30:00Z
player:otz9c2ifww514ummo10nfoix,Patson Daka,FW,1122534412,1121485609,1121.485609,-935,-0.093432,1,2026-08-29T16:30:00Z
player:bx6j2y1hnu63lawn3rdoep1m2,Johan Bakayoko,FW,1215561365,1214400783,1214.400783,-955,-0.095477,1,2026-08-29T13:30:00Z
player:uzzq2p3s1qnb3wv1pee3mcph,Yeray Álvarez,CB,1656224393,1654626396,1654.626396,-965,-0.096484,1,2026-08-27T19:00:00Z
player:chjjcy789cuwlsik2ibmubtyi,Andrea Carboni,CB,997905009,996942126,996.942126,-965,-0.09649,1,2026-08-29T16:30:00Z
player:31sljkjull0n7082fed26stzp,Benjamin André,DM,2181958783,2179853050,2179.85305,-966,-0.096507,1,2026-08-28T19:00:00Z
player:587vmahr6cyqzuucjdgr0ttec,Simen Kvia-Egeskog,CM,994378650,993416721,993.416721,-968,-0.096737,1,2026-08-26T19:00:00Z
player:59u1gn30f6bg5lr06zsglykq2,Jofre Carreras,CM,943291896,942370590,942.37059,-977,-0.097669,1,2026-08-29T17:00:00Z
player:8cho2d1nz18i5o0zt6aysd68l,Marcel Sabitzer,CM,1268137131,1266896557,1266.896557,-979,-0.097826,1,2026-08-29T16:30:00Z
player:42rwtl17m029bdkerhfixiolw,Mikey Moore,FW,1027864405,1026848857,1026.848857,-989,-0.098802,1,2026-08-29T16:30:00Z
player:6gdoxudvl1rgcn7d19e89p9ed,Gaëtan Perrin,FW,1162042266,1160891215,1160.891215,-991,-0.099054,1,2026-08-28T19:00:00Z
player:4euxcqawlks4c56pqj8xvwbf9,Ruslan Malinovsky,CM,1456697260,1455253620,1455.25362,-992,-0.099104,1,2026-08-27T18:30:00Z
player:2gli0393ixhifntjjmtq89olx,Jan Chramosta,FW,1000581351,999583728,999.583728,-998,-0.099704,1,2026-08-27T16:00:00Z
player:7k0r5crdh9blj3edt31zwy0dm,Evann Guessand,FW,1351577857,1350192886,1350.192886,-1025,-0.102471,1,2026-08-28T19:00:00Z
player:33r4ae8aivh27ho0ix9mnkedx,Pedro Bigas,CB,1204228160,1202982873,1202.982873,-1035,-0.10341,1,2026-08-28T17:00:00Z
player:80bmtj7l07ohb2h475w955n9,Adam Smith,CB,634495200,633817524,633.817524,-1069,-0.106806,1,2026-08-29T14:00:00Z
player:bpfg11qh1q0zj2x6sqd3srvmx,Michel Aebischer,CM,1334695264,1333264141,1333.264141,-1073,-0.107225,1,2026-08-29T13:30:00Z
player:b6h33b82fqk8rc31a8k5sg60a,Alen Mustafic,CM,1023344071,1022243813,1022.243813,-1076,-0.107516,1,2026-08-26T19:00:00Z
player:avk9yje6h4nndg3cufnbu2imt,Ermedin Demirovic,FW,1457206135,1455632536,1455.632536,-1080,-0.107987,1,2026-08-28T18:30:00Z
player:f4gpe0pxov8sea9e0fs24h8q2,Jon Moncayola,CM,1275434721,1274038646,1274.038646,-1095,-0.109459,1,2026-08-27T18:30:00Z
player:5l4fkm9a0pvfi9qiy6gipf71m,Joël Zwarts,FW,1000000000,998904505,998.904505,-1096,-0.109549,1,2026-08-27T18:00:00Z
player:4zfgh6wq7svx418tzwf0gfavp,Marvin Schwäbe,GK,947160227,946116712,946.116712,-1102,-0.110173,1,2026-08-29T13:30:00Z
player:7czabe5a0l5icdqb74sa9yru2,Saba Sazonov,CB,1017523699,1016393963,1016.393963,-1111,-0.111028,1,2026-08-27T19:00:00Z
player:84dmxlclmh9hv0ee5dqzqkyne,Fabio Fehr,CB,991290041,990182426,990.182426,-1118,-0.111735,1,2026-08-27T18:00:00Z
player:7c8ms7bw3fva4xeubax4ep8et,Phillipp Mwene,CM,869386923,868412658,868.412658,-1121,-0.112063,1,2026-08-29T13:30:00Z
player:cscn06kwqfzo09h0dc5ybt1pl,Jules Koundé,CB,2009395010,2007110837,2007.110837,-1137,-0.113675,1,2026-08-27T19:00:00Z
player:1i1xcco82x0ppbac6j5z59x49,Siebe van der Heyden,CB,995605681,994471559,994.471559,-1140,-0.113913,1,2026-08-27T19:00:00Z
player:548jzfl9higq44w9bgqvcjh05,José Giménez,CB,1530494570,1528744802,1528.744802,-1144,-0.114327,1,2026-08-29T19:30:00Z
player:4vmgmzg2004twoc39sk7zkzqh,Gift Links,CM,1002401685,1001251304,1001.251304,-1148,-0.114762,1,2026-08-27T18:00:00Z
player:7y7i8ddy5kaibktlenqc5eq5l,Leon Krekovic,CM,992275302,991120228,991.120228,-1165,-0.116407,1,2026-08-27T17:00:00Z
player:b7fv7sx5c8moeoprdplev3koa,Justin Roth,CM,996691531,995518024,995.518024,-1178,-0.11774,1,2026-08-27T18:00:00Z
player:1nd8l0ofw9x779c0ufwbbo4ph,Toni Martínez,FW,1181292647,1179896809,1179.896809,-1182,-0.118162,1,2026-08-28T19:30:00Z
player:124myttw2y8hq8rf1t971mfh1,Anthony Kalik,CM,991346361,990165335,990.165335,-1192,-0.119134,1,2026-08-27T17:00:00Z
player:d4tdx2ctadv6kc3tbq4as8bmx,Sergio Gómez,CB,1197552627,1196125725,1196.125725,-1192,-0.119152,2,2026-08-29T17:00:00Z
player:5mgmcero3ui4a24v1w1upx3sa,Germán Valera,FB_WB,1118181472,1116841635,1116.841635,-1199,-0.119823,1,2026-08-28T17:00:00Z
player:8ofpxnxm5b0xnhrxmdcehfbsa,Nikola Serafimov,CB,1005747714,1004531814,1004.531814,-1210,-0.120895,1,2026-08-26T19:00:00Z
player:etu1zuv8gi4y40rkt50ot0zu2,Kelvin Boateng,FW,1008812735,1007593081,1007.593081,-1210,-0.1209,1,2026-08-27T18:30:00Z
player:4aooo9gmqd70fj330jxb3s4r8,Rafik Messali,CM,1009809031,1008585046,1008.585046,-1213,-0.12121,1,2026-08-29T18:45:00Z
player:4kinfnp5n3u0tzvso9gypxgfe,Josias Lukembila,FW,1000128007,998908347,998.908347,-1220,-0.12195,1,2026-08-27T18:00:00Z
player:8bksz6c74dci1fvznxledrwiy,Kandet Diawara,FW,1000434769,999213507,999.213507,-1221,-0.122073,1,2026-08-29T18:45:00Z
player:3vc4cabxofay0sdv7e1ym663u,Lasse Günther,CM,997085256,995866678,995.866678,-1223,-0.122214,1,2026-08-29T13:30:00Z
player:8s5u921me5pvsfyvysjgpu2qy,Muhammed Cham,AM_W,1381969973,1380268482,1380.268482,-1232,-0.123121,1,2026-08-27T17:00:00Z
player:amuqk3xvo87ppk7fz39cg0pre,Franjo Ivanovic,FW,1085061353,1083721064,1083.721064,-1236,-0.123522,1,2026-08-29T15:15:00Z
player:dxx1yqfvb7udc725mr6fxlgyc,Juan Perea,FW,999640172,998401681,998.401681,-1240,-0.123894,1,2026-08-26T19:00:00Z
player:4l5unh4s5ppfvhiqjyl34rlcl,Erion Hoxhallari,CB,1000000000,998744338,998.744338,-1256,-0.125566,1,2026-08-27T17:00:00Z
player:277o13i90bgqej3yrkiw7t0x5,Raz Shlomo,CB,934104945,932930177,932.930177,-1258,-0.125764,1,2026-08-27T16:00:00Z
player:6ruu3xa5nsfpmepigi5b6r1zp,Vykintas Slivka,CM,994379640,993127480,993.12748,-1260,-0.125924,1,2026-08-27T17:00:00Z
player:15nu0pkl5nko4fpoyf1j9e87o,Gessime Yassine,CM,1009488303,1008215044,1008.215044,-1262,-0.126129,1,2026-08-29T15:15:00Z
player:cm8po8ez5w9ms01gid6w3kwk5,Oliver Baumann,GK,1395088704,1393323129,1393.323129,-1266,-0.126556,1,2026-08-29T13:30:00Z
player:4txq9os03xwnktfi0n2qdmok,Murillo,FB_WB,1292634827,1290987754,1290.987754,-1275,-0.12742,1,2026-08-29T11:30:00Z
player:c8s2egmvso9z18fn76uw4kded,Filip Novák,CB,993061185,991789093,991.789093,-1282,-0.128098,1,2026-08-27T16:00:00Z
player:38wtlimeh2bvcjqiopx79fw9g,Suleiman Camara,FW,999811155,998528044,998.528044,-1284,-0.128335,1,2026-08-26T19:00:00Z
player:f4p22zbcs9l5dwhvqg6wstmcq,Andreas Schjelderup,AM_W,1072835085,1071454425,1071.454425,-1288,-0.128693,1,2026-08-27T18:00:00Z
player:9v3gt784gfqzhlv1lie1tx7f9,Enzo Koffi,CB,991569688,990292632,990.292632,-1289,-0.128791,1,2026-08-29T18:45:00Z
player:4i35r57dz3scccjhz3i59l04p,Ali Kabacalman,DM,1014108285,1012801569,1012.801569,-1289,-0.128854,1,2026-08-27T18:00:00Z
player:ausjnoieiyx9m37qzam0gqgic,Benja Domínguez,FW,1061616330,1060223184,1060.223184,-1313,-0.131229,1,2026-08-29T16:30:00Z
player:35yd2ldlbb3sdcc81wr874pre,Jaly Mouaddib,AM_W,1012193124,1010861690,1010.86169,-1316,-0.13154,1,2026-08-27T16:15:00Z
player:eja2nphte2kxb19bz108zk7is,Michel Diaz,CB,1038314971,1036946586,1036.946586,-1319,-0.131789,1,2026-08-29T18:45:00Z
player:3dlspwk1hmy10sakswrwz7zyt,Robert Mudrazija,CM,994244965,992926233,992.926233,-1327,-0.132637,1,2026-08-26T19:00:00Z
player:8cxcnzr0oedjczkvk2nhjytt6,Yaya Dukuly,CM,1000501512,999143092,999.143092,-1359,-0.135774,1,2026-08-26T19:00:00Z
player:cv6hc8tikw5u6l56j02rfqaga,Tanner Tessmann,DM,1163284158,1161700986,1161.700986,-1362,-0.136095,1,2026-08-26T19:00:00Z
player:66t7zm54jgmcjtiizl9g0rkkp,Kike Pérez,CM,1144940658,1143375153,1143.375153,-1368,-0.136732,1,2026-08-28T18:45:00Z
player:6ivap35b2p5rwv8rzigaum6wa,Adam Ilic,FW,1115824951,1114294028,1114.294028,-1373,-0.137201,1,2026-08-27T18:00:00Z
player:16mj3l623plqx1hm9zvpvn5yh,Carlos Protesoni,CB,1033951630,1032523666,1032.523666,-1382,-0.138107,1,2026-08-28T19:30:00Z
player:abk9geafxglsmnu9qhra8x1at,Ridgeciano Haps,CM,910466679,909198051,909.198051,-1394,-0.139338,1,2026-08-28T18:45:00Z
player:anqg5vu7a6s3lk0lchntswc0l,Levi García,AM_W,1035167241,1033713289,1033.713289,-1406,-0.140456,1,2026-08-27T17:00:00Z
player:bkwxem45cf48k14euwqe7rs44,Pau Cubarsí,CB,1782865676,1780341934,1780.341934,-1417,-0.141555,1,2026-08-27T19:00:00Z
player:1vmp7cen14gu4s1r2movw9ped,Leonárdo Koútris,CB,1000000000,998573971,998.573971,-1427,-0.142603,1,2026-08-26T19:00:00Z
player:96deivn85excx5vovtoh758no,Amar Memic,CM,1009026496,1007586866,1007.586866,-1428,-0.142675,1,2026-08-27T17:00:00Z
player:db59xs6wi27mder57ocnlidjo,Rayan,AM_W,1049369674,1047871090,1047.87109,-1429,-0.142808,1,2026-08-29T14:00:00Z
player:c3mpk7pjhma4lwkjl8v5mhox6,Ramon Hendriks,CB,975429881,974032942,974.032942,-1433,-0.143213,1,2026-08-28T18:30:00Z
player:bnvxzhxn1vv2pt76q43bu55p0,Julián Vignolo,FW,1007711885,1006268008,1006.268008,-1434,-0.143283,1,2026-08-29T18:45:00Z
player:4j9ug0ng9dhx6xwhdwx6fafx0,Ezechiel Banzuzi,CM,1035342198,1033849267,1033.849267,-1443,-0.144197,1,2026-08-29T13:30:00Z
player:ch7mmugggh4btmz5gi21bknv9,Ivan Fiolic,FW,1000026866,998583139,998.583139,-1445,-0.144369,1,2026-08-27T17:00:00Z
player:esb4b21x729db8od4c4xt8ciy,Giulian Biancone,CB,1079789379,1078228661,1078.228661,-1446,-0.144539,1,2026-08-27T18:30:00Z
player:ej8pxizgwjx9qjacvc136yusq,Ísak Jóhannesson,CM,1070746428,1069185257,1069.185257,-1459,-0.145802,1,2026-08-29T13:30:00Z
player:9cbp20wyy4ldod06myqbmkqok,Oscar Højlund,CM,1060966193,1059418584,1059.418584,-1460,-0.145868,1,2026-08-29T13:30:00Z
player:e8gz0tmmdh1ql8qrn1ncrvnpx,Lucas Digne,CB,666950802,665964022,665.964022,-1481,-0.147954,1,2026-08-28T19:00:00Z
player:ebj6t5jqzixrnww1z7qofznu2,Karim Adeyemi,CM,1410496019,1408400248,1408.400248,-1487,-0.148584,1,2026-08-27T19:00:00Z
player:3u86fbw1xj6g51hlm20iruok,Kerim Alajbegovic,AM_W,1035658027,1034114577,1034.114577,-1491,-0.149031,1,2026-08-29T18:45:00Z
player:d4j19ipiaeuetyij08fofgs15,Joey Veerman,CM,1291218052,1289290164,1289.290164,-1494,-0.149308,1,2026-08-29T16:30:00Z
player:12cgiy0t282ywdbr5j78hrxsl,Scott McKenna,CB,1030843740,1029264007,1029.264007,-1534,-0.153247,1,2026-08-26T19:00:00Z
player:mlqit2c8my1ewqy6avrfhf8q,Alec Van Hoorenbeeck,CB,1007178645,1005626621,1005.626621,-1542,-0.154096,1,2026-08-27T17:00:00Z
player:528x52gp6ngnh7m43qe9fqup5,Léo Ribeiro,FW,1000000000,998449882,998.449882,-1551,-0.155012,1,2026-08-27T17:00:00Z
player:a4kw8u4dqsslfwe1ux08lbmc,Alvaro Carreras,CB,1315815828,1313767335,1313.767335,-1558,-0.155682,1,2026-08-26T19:00:00Z
player:9785y6kolfs8e6yxbl7o4xzis,Lennon Miller,CM,1017441053,1015850132,1015.850132,-1565,-0.156365,1,2026-08-29T16:30:00Z
player:32bc16sg6h58ajxigp7nl1ryt,Romain Del Castillo,AM_W,1660674607,1658075957,1658.075957,-1566,-0.156482,1,2026-08-29T18:45:00Z
player:4mpaydsy85orfjp4huen0ahd6,Ondrej Zmrzly,FB_WB,962549291,961039425,961.039425,-1570,-0.156861,1,2026-08-27T16:45:00Z
player:552xyc766gp97a5zu8tcx4xzo,Lewis Miley,CB,1158356787,1156530993,1156.530993,-1577,-0.157619,1,2026-08-29T16:30:00Z
player:1bh2zo94xxdqiuo2lz6xlxune,Colin Kleine-Bekel,CB,1001711463,1000127403,1000.127403,-1583,-0.158135,1,2026-08-27T18:00:00Z
player:cywgibmici8hwp1ad1nhk3ufp,Sheraldo Becker,FW,1366195677,1364004248,1364.004248,-1605,-0.160404,1,2026-08-29T13:30:00Z
player:87kiw3scnrpt6t0hsaqkgvpey,Simon Sohm,CM,1016245548,1014604527,1014.604527,-1616,-0.161479,1,2026-08-28T18:45:00Z
player:cv1d56d42wujfuc4kt6bn53x0,Mathys Tel,AM_W,1239781885,1237771787,1237.771787,-1623,-0.162133,1,2026-08-29T16:30:00Z
player:3yj2ba2v9rw4odrwqyx2v3f2s,Jeyland Mitchell,CB,975224090,973640753,973.640753,-1625,-0.162356,1,2026-08-29T15:15:00Z
player:ausceoo438aoxbb6gl8tpes16,Timothée Pembélé,FB_WB,908917219,907436702,907.436702,-1630,-0.162888,1,2026-08-29T18:45:00Z
player:9nrt6uh2zw65jd7u2axlvxsoa,Ransford Königsdörffer,AM_W,1040661948,1038964218,1038.964218,-1633,-0.163139,1,2026-08-29T13:30:00Z
player:a87w6l9zsbahdi4knm1347zs9,Mads Bech,CB,950278038,948725444,948.725444,-1635,-0.163383,1,2026-08-27T18:45:00Z
player:bk1nh2axh3i5jamodh8kvf1uc,James Wilson,FW,1010517470,1008864765,1008.864765,-1637,-0.16355,1,2026-08-26T16:45:00Z
player:4skrm2y64va3y5jk70gz4ylpm,Josip Stanisic,CB,1503217788,1500750871,1500.750871,-1642,-0.164109,1,2026-08-28T18:30:00Z
player:5ioykn5eaz0k05yczz2ce1uy1,Antonín Rusek,AM_W,1013396673,1011725494,1011.725494,-1650,-0.164909,1,2026-08-27T16:00:00Z
player:4wvi7b8voeb49ib86xt51uwgl,Aleksandr Martynovich,CB,1026419981,1024724853,1024.724853,-1653,-0.16515,1,2026-08-27T18:30:00Z
player:54mv7lufwxcy2gih8owyr00lw,Senny Mayulu,CM,1155889293,1153980029,1153.980029,-1653,-0.165177,1,2026-08-28T19:00:00Z
player:96hvhj2ridutroyglbiwotxck,Jay Enem,FW,1001329884,999671559,999.671559,-1657,-0.165612,1,2026-08-27T17:00:00Z
player:7joybllup4h9oe6zfhcepjy6t,Steven Berghuis,CM,1198860783,1196865183,1196.865183,-1666,-0.166458,1,2026-08-27T18:00:00Z
player:8af61do2dmxrr3ib9acck4aju,Mateusz Skrzypczak,CB,1100951188,1099116597,1099.116597,-1668,-0.166637,1,2026-08-27T18:00:00Z
player:2r6hs8npijvt4wekd059t6tx,Denzel Dumfries,CM,834672346,833281244,833.281244,-1668,-0.166664,1,2026-08-26T19:00:00Z
player:8kioh2rzit592d4zwjoqsftas,Nicolò Bertola,CB,985513950,983870892,983.870892,-1669,-0.166721,1,2026-08-29T16:30:00Z
player:1wtikted5kmtz3bpu17enlvc9,Víctor Gómez,CM,975350368,973722346,973.722346,-1671,-0.166917,1,2026-08-27T18:30:00Z
player:9w1wpf3tocn27ed1oaaoe5zsa,Martin Agnarsson,CM,1000000000,998315839,998.315839,-1686,-0.168416,1,2026-08-27T17:00:00Z
player:2ddhjp7d5sagi9cnwaszy8178,Kjell Wätjen,CM,1021458495,1019729308,1019.729308,-1694,-0.169286,1,2026-08-27T18:45:00Z
player:akvrot9hi5mylunfr07nytt04,Matteo Prati,CM,980397674,978737275,978.737275,-1695,-0.16936,1,2026-08-28T17:00:00Z
player:a5a9d3z93jct2dtg6ajpi26ay,Víctor García,AM_W,1011734300,1010011388,1010.011388,-1704,-0.170293,1,2026-08-29T15:00:00Z
player:9w8ka8b5aaxqaqlnit33glkb8,Franck Surdez,AM_W,1013821271,1012090350,1012.09035,-1709,-0.170732,1,2026-08-27T18:00:00Z
player:2s80bfibo84ucwkl36lkzqvpw,Santino Andino Valencia,AM_W,1011961979,1010196574,1010.196574,-1746,-0.174454,1,2026-08-27T17:00:00Z
player:d49iskrm33kt3vlxy4q85m0ru,Lukasz Poreba,CM,1005977796,1004218090,1004.21809,-1751,-0.174925,1,2026-08-29T13:30:00Z
player:emzxhx2ki2r67c5l33hfv8844,Jake Girdwood-Reich,FB_WB,1007506879,1005723789,1005.723789,-1771,-0.17698,1,2026-08-27T16:45:00Z
player:3r4kexlcvbdt16eja66qp0m3t,Tom Renaud,DM,1001655196,999877132,999.877132,-1777,-0.177513,1,2026-08-26T16:45:00Z
player:4pmk7ahjm3cym6adkdcixkcno,Joane Gadou,CB,1088572277,1086563421,1086.563421,-1847,-0.18454,1,2026-08-29T16:30:00Z
player:4hhwub45239nculr9sowalr10,Afonso Moreira,FW,1130115681,1128029131,1128.029131,-1848,-0.184632,1,2026-08-29T13:30:00Z
player:11brjfbwv1v5jvz5rleiob5k9,Liam Millar,CM,1020883506,1018986089,1018.986089,-1860,-0.18586,1,2026-08-29T14:00:00Z
player:b33rlpjo3kx4477alx82si5wq,Pierre Kalulu,CB,1560455186,1557554108,1557.554108,-1861,-0.185912,1,2026-08-29T18:45:00Z
player:aa40go6nrv6mpdny6zdc1jeg9,Jaakko Oksanen,DM,1056909411,1054944403,1054.944403,-1861,-0.18592,1,2026-08-27T18:30:00Z
player:4v1zs5vyf4m4bbeop3n2msgve,Casper Øyvann,CB,1003702839,1001827922,1001.827922,-1870,-0.1868,1,2026-08-27T18:30:00Z
player:cp13vthbds3tl1wtfelfx2evp,Giovanni Simeone,FW,1283384796,1280982474,1280.982474,-1874,-0.187186,1,2026-08-29T16:30:00Z
player:5noo2dp9txb8r6yz77s6pt34k,Abdullahi Umar,CM,1001929860,1000048815,1000.048815,-1879,-0.187742,1,2026-08-27T17:00:00Z
player:30qyk5448uz5qyjmzmz2y1zx0,Malomo Taofeeq Ayodeji,CM,1000000000,998118369,998.118369,-1883,-0.188163,1,2026-08-27T17:00:00Z
player:5xbrybr5fxvg6br9b6tq4a4fd,Lars Olden Larsen,CM,1000306417,998413157,998.413157,-1894,-0.189268,1,2026-08-27T18:30:00Z
player:eqw6fu3no9qxejk17tqgeey5m,Pablo Ibánez,CM,1015725176,1013798904,1013.798904,-1898,-0.189645,1,2026-08-28T19:30:00Z
player:8ri0md3tr27a1bn10xmfkgsus,Dzenan Pejcinovic,FW,1071452281,1069408719,1069.408719,-1909,-0.190728,1,2026-08-28T18:30:00Z
player:7qu0qz8c7xik26o96iix88416,Michael Ameyaw,CM,1032630055,1030647137,1030.647137,-1922,-0.192026,1,2026-08-27T17:00:00Z
player:5i2iyj07cs96xwl9z9uf7rl04,Vasilije Markovic,DM,1016484001,1014529627,1014.529627,-1925,-0.192268,1,2026-08-27T18:30:00Z
player:z0qe6u5fvgrjy0jzk1qhbgq2,Marc Aguado,CM,1145139054,1142934473,1142.934473,-1927,-0.192516,1,2026-08-28T17:00:00Z
player:8e0f4d0nke8zpryrnvlo93rbo,Adriano Jagusic,CM,1019679130,1017696090,1017.69609,-1947,-0.194477,1,2026-08-27T17:00:00Z
player:1vv29mash2uijx542ssjk666t,Rani Khedira,DM,859922512,858208346,858.208346,-1995,-0.19934,1,2026-08-29T13:30:00Z
player:vzbmf6lqvbw398clnt7jyiqy,Yannik Engelhardt,DM,1122846359,1120606653,1120.606653,-1997,-0.199467,1,2026-08-27T16:45:00Z
player:9t1ikyd85kvlhv9r0u938836c,Jaydee Canvot,CB,1187417168,1185041240,1185.04124,-2003,-0.200092,1,2026-08-28T19:00:00Z
player:7ec53rkdi4cxa4karq07k7hlh,Thanasis Androutsos,CB,989504466,987506516,987.506516,-2021,-0.201914,1,2026-08-27T18:00:00Z
player:8uavb2mcry7i77nhrsq6rboyc,Nathan De Cat,DM,1000152011,998111910,998.11191,-2042,-0.203979,1,2026-08-29T13:30:00Z
player:2fw3pz0v22kdbiognam8zsvoq,Luka Kuittinen,FB_WB,997588185,995546510,995.54651,-2049,-0.204661,1,2026-08-27T17:00:00Z
player:52qemp1py9mm9unjvxaphv209,Jesper Daland,CB,1000000000,997947884,997.947884,-2054,-0.205212,1,2026-08-26T19:00:00Z
player:8ct2oybj8d1b03aklkg8ihbf8,Antoine Hainaut,CM,992183168,990141508,990.141508,-2060,-0.205775,1,2026-08-28T18:45:00Z
player:bmm78ziormtva1c4tjznkom50,Daniel Dos Santos,AM_W,1029322811,1027193544,1027.193544,-2071,-0.206861,1,2026-08-27T16:00:00Z
player:6pmuxgyfaqn2h0x69o5l1mq22,Djeidi Gassama,AM_W,1030128914,1027990332,1027.990332,-2078,-0.207603,1,2026-08-27T16:00:00Z
player:5tbabvk43ljv3z3wd9mh0y8r9,Joseph Willock,CM,1029115560,1026954565,1026.954565,-2102,-0.209986,1,2026-08-29T16:30:00Z
player:3i4z8v4ezq43bj8ncg4k8gkph,Mads Hedenstad Christiansen,CM,1109178886,1106847402,1106.847402,-2104,-0.210199,1,2026-08-27T18:00:00Z
player:ce2pidh4dpd1ccozn2lm3qtw5,Ivan Sunjic,DM,959730272,957711915,957.711915,-2105,-0.210305,1,2026-08-27T17:00:00Z
player:42laa1qwbzlcruyrmlg5o1fu2,Peque Fernández,CM,1037890746,1035686706,1035.686706,-2126,-0.212358,1,2026-08-29T19:30:00Z
player:c4bccspnyg73206u27nhiwu1g,Niccolò Fortini,CB,1044144940,1041926870,1041.92687,-2127,-0.212429,1,2026-08-29T16:30:00Z
player:dgubl900t52nssngev6atayju,Marvin Pieringer,AM_W,1152616984,1150157814,1150.157814,-2136,-0.213355,1,2026-08-29T13:30:00Z
player:efow9aip64uaszfwxh1j0l6y2,Kacper Urbanski,CM,1093755232,1091411701,1091.411701,-2145,-0.214265,1,2026-08-27T16:45:00Z
player:57c808184l80uuuv7z3flcu6t,Grischa Prömel,CM,1208425168,1205797844,1205.797844,-2177,-0.217417,1,2026-08-28T18:30:00Z
player:36ylt0kjn7t0vajmelu4mbazu,Abdallah Sima,CM,1167393845,1164814738,1164.814738,-2212,-0.220929,1,2026-08-29T15:15:00Z
player:1qeetk4waatuxev4mqvbxx87p,Ruben Yttergård Jenssen,CM,997529774,995320276,995.320276,-2217,-0.221497,1,2026-08-27T18:30:00Z
player:b9kfek16otvdorssn0wzkb36d,Koke,CM,2649443134,2643555409,2643.555409,-2225,-0.222225,1,2026-08-29T19:30:00Z
player:e6ok0deqkoe80184iu509gzu2,El Bilal Touré,FW,1147022879,1144429956,1144.429956,-2263,-0.226057,1,2026-08-29T18:45:00Z
player:9vk8oyt5lma4ir9tbi3uvlrdh,Gautier Lloris,CB,1226130163,1223354878,1223.354878,-2266,-0.226345,1,2026-08-29T18:45:00Z
player:6egg2gwvxxqv2i9hrr0zg4yz8,Gvidas Gineitis,CM,1066707116,1064288397,1064.288397,-2270,-0.226746,1,2026-08-29T16:30:00Z
player:7y5qwgl0xu7btfd7yxgeb2gut,Toma Basic,CM,1127004890,1124449018,1124.449018,-2270,-0.226784,1,2026-08-28T18:45:00Z
player:8h4jv2n2b8w3hmn4oec3tvevo,Souleymane Faye,CB,1067871057,1065414493,1065.414493,-2303,-0.230043,1,2026-08-29T18:45:00Z
player:a0810cmxke3zmwaqj31bo15hw,Nacho Pérez,CB,1006497962,1004159382,1004.159382,-2326,-0.232348,1,2026-08-29T15:00:00Z
player:6m85ntwegbkk9zkodmxka76dw,Dermane Karim,CM,1034645649,1032232193,1032.232193,-2335,-0.233264,1,2026-08-29T18:45:00Z
player:blnu4m2eer1y7vscaosgxjkrt,Jan Kronig,CB,998038851,995702227,995.702227,-2344,-0.234122,1,2026-08-27T18:00:00Z
player:esasiq4j83g377zb8zi0bgpnt,Janni Serra,FW,1031331823,1028892653,1028.892653,-2368,-0.236507,1,2026-08-27T18:00:00Z
player:4a59itr8bwm9auhz9f2dno104,Can Uzun,CM,1184156848,1181346246,1181.346246,-2376,-0.23735,1,2026-08-29T13:30:00Z
player:530jf9kq6s7dqggz6how0lt04,Jones El-Abdellaoui,CM,992718770,990345421,990.345421,-2394,-0.239076,1,2026-08-27T18:30:00Z
player:89z0ym1zvwp7rikmd0kvpcq8l,Dimitrios Nikolaou,CB,1129471695,1126751123,1126.751123,-2412,-0.240871,1,2026-08-27T18:00:00Z
player:akw8xefrrg5q78q74h4kuj3f8,Kosta Nedeljkovic,CB,940454417,938130965,938.130965,-2474,-0.247056,1,2026-08-27T16:00:00Z
player:fr9ac60188vlmtbrcddhxii1,Sebastiaan Bornauw,CB,1136869012,1134054332,1134.054332,-2479,-0.247582,1,2026-08-29T16:30:00Z
player:3n9jnuteyjx6w6dxviuead0b9,Nicolas Pépé,CM,1456575746,1452945416,1452.945416,-2495,-0.249237,1,2026-08-28T19:30:00Z
player:3jtsqwoi9w0dxxneld0mt5rs9,Aleksa Terzic,CB,973646348,971192258,971.192258,-2524,-0.252051,1,2026-08-29T16:30:00Z
player:8zl9wv46y5bchktqcwth3z3ai,Antonios Papadopoulos,CB,1091017249,1088264536,1088.264536,-2526,-0.252307,1,2026-08-27T16:00:00Z
player:7dayrhr0c60zbc1b6lig8pm8l,Alessio Castro-Montes,CM,1094627363,1091773652,1091.773652,-2610,-0.260702,1,2026-08-29T13:30:00Z
player:b5ovydnz8s9gf0nkwofutr7ys,Lukas Ullrich,CB,846396801,844171981,844.171981,-2632,-0.262858,1,2026-08-29T13:30:00Z
player:6l1b9pi0j4fl0pfac4ef9u3je,Flamur Ruçi,CM,999036464,996370106,996.370106,-2672,-0.266893,1,2026-08-27T17:00:00Z
player:6h9nv8wfblox17wkudac1knh1,Ozan Tufan,CB,955956375,953394719,953.394719,-2683,-0.267968,1,2026-08-27T18:30:00Z
player:61sojkdsmaz9hbwaskt4rws15,Mikael Anderson,CM,996681096,994007705,994.007705,-2686,-0.268229,1,2026-08-27T18:00:00Z
player:ck7lu09geq8mi6vkf2llyi5ii,Mikel Jauregizar,DM,1087242850,1084291806,1084.291806,-2718,-0.271425,1,2026-08-27T19:00:00Z
player:e6jaaazxqeczj6ziaj0qnqpxx,Ruben Loftus-Cheek,CM,1369894887,1366153178,1366.153178,-2735,-0.273138,1,2026-08-28T18:45:00Z
player:4zrsiizdbzwwkmit3ta0f0dbe,Aral Simsir,CM,1092157008,1089144596,1089.144596,-2762,-0.275822,1,2026-08-27T18:30:00Z
player:87ytopsesl3dy8wwdefnzlm5m,Bambasé Conté,CM,1001185702,998417650,998.41765,-2769,-0.276477,1,2026-08-29T13:30:00Z
player:4y1je8y7jioje2r96vf8zutxw,Junior Mwanga,CB,1037794961,1034864410,1034.86441,-2828,-0.282382,1,2026-08-29T18:45:00Z
player:5arng6g4ietx2jwgcd2kpqdpl,Robert Gumny,CB,778419675,776215989,776.215989,-2835,-0.283097,1,2026-08-27T18:00:00Z
player:a91clevckra05nq55e1ztezmd,Oriol Rey,DM,1023088564,1020097498,1020.097498,-2928,-0.292357,1,2026-08-29T15:00:00Z
player:j0zbfr4wa3dovkgo55o6xilm,Lucas Gourna-Douath,DM,1128884527,1125559722,1125.559722,-2950,-0.294521,1,2026-08-29T14:00:00Z
player:9j742o5vdc7d54x1xdz4t9ck5,Sead Kolasinac,CB,1437807663,1433558579,1433.558579,-2960,-0.295525,1,2026-08-27T18:00:00Z
player:7tx36b9v0w35xs0402q76qycq,Emmanuel Fernandez,CB,1032031221,1028923942,1028.923942,-3015,-0.301084,1,2026-08-27T16:00:00Z
player:4b1ymqrg0p7ostdj9r3glekus,Hekuran Berisha,CM,999475138,996455423,996.455423,-3026,-0.30213,1,2026-08-27T17:00:00Z
player:67qku7vyvbw76086eu05nowd1,Romain Perraud,CB,763743374,761432461,761.432461,-3030,-0.302577,1,2026-08-28T19:00:00Z
player:5gyx7sfml246um8pft2afpsa2,Arnau Ortiz,CM,993634612,990597020,990.59702,-3062,-0.305705,1,2026-08-29T19:30:00Z
player:50pntfz4g78co2q68kno332z9,Jasse Tuominen,CM,1000854069,997768036,997.768036,-3088,-0.30834,1,2026-08-27T17:00:00Z
player:7uf7y7xa6hy3gieetcte3td2i,Josh Doig,CB,748288388,745951289,745.951289,-3128,-0.312326,1,2026-08-29T16:30:00Z
player:c4hif6j7tldh0w7oeq8v9pcve,Jarell Quansah,CB,1303730801,1299617597,1299.617597,-3160,-0.315495,1,2026-08-29T13:30:00Z
player:4ag3shqnvofzt7j0ze0ltekx6,Niko Jankovic,CM,1008755403,1005571894,1005.571894,-3161,-0.315588,1,2026-08-27T18:45:00Z
player:488vwilxllk6nhf4o1wrh0gve,Oier Zarraga,CM,1035940947,1032656038,1032.656038,-3176,-0.317094,1,2026-08-29T16:30:00Z
player:eapihgte8ydc4g6hzygsx2e39,Willi Orbán,CB,2460205779,2452330718,2452.330718,-3206,-0.320098,1,2026-08-29T13:30:00Z
player:ab3og2sas7q4czd31wbdbnro,Keita Kosugi,CB,972070449,968954548,968.954548,-3211,-0.320543,1,2026-08-29T13:30:00Z
player:7aoe0u87gxgv9tvgrotcfue7e,Robert Navarro,AM_W,1148825361,1145123136,1145.123136,-3228,-0.322262,1,2026-08-27T19:00:00Z
player:b60jjyg78lxjeawmprm1c0d4a,Eridon Qardaku,CM,999227299,996004708,996.004708,-3230,-0.322508,1,2026-08-27T17:00:00Z
player:4rtps64cca8vrscv80bgyvjf8,Tom Rothe,CB,971414521,968251534,968.251534,-3261,-0.325606,1,2026-08-29T13:30:00Z
player:d7xmdbhg68ygcowv6pdofgvyt,Matthieu Udol,CM,1103952815,1100309533,1100.309533,-3306,-0.330022,1,2026-08-29T15:15:00Z
player:ataq08lvaj8i1jg5c5iqz81sk,Luka Stojkovic,CM,1023989486,1020600516,1020.600516,-3315,-0.330957,1,2026-08-26T19:00:00Z
player:86b832s2snkdxxfh3ms1zdqzt,Vanja Drkusic,CB,1003461556,1000138137,1000.138137,-3317,-0.331195,1,2026-08-29T17:00:00Z
player:7lm0xrh4646e81mr0oqdtvpxw,Adilet Sadybekov,CM,1004757280,1001396186,1001.396186,-3351,-0.334518,1,2026-08-27T18:30:00Z
player:1hwkpsnmh04e9jakw26e584k4,Jair Cunha,CB,981491754,978184294,978.184294,-3376,-0.336983,1,2026-08-29T11:30:00Z
player:bce703taa20nxg814t2giuei,Tyrhys Dolan,AM_W,1023681741,1020206119,1020.206119,-3401,-0.339522,1,2026-08-29T17:00:00Z
player:2945m6rjmwj1viq0a4k1sd0yc,Dani Bolt,CM,1000843934,997442152,997.442152,-3405,-0.339891,1,2026-08-27T16:15:00Z
player:e1kig9l5arrgiypv09zdxxsa2,Maik Nawrocki,CB,970855660,967554435,967.554435,-3406,-0.340033,1,2026-08-29T15:15:00Z
player:3t1t8eohnzwyyav6zzcntaf9x,Francho Serrano,CM,1000728549,997314038,997.314038,-3418,-0.341203,1,2026-08-27T19:00:00Z
player:acu7qab9ahj23mp51qk0pknp,Nikolas Ioannou,CB,1002468040,999041487,999.041487,-3424,-0.341812,1,2026-08-27T17:00:00Z
player:c39dl0vqbe8p3o6lvzvlvz0x6,Damir Kasabulat,CB,983037511,979662606,979.662606,-3439,-0.343314,1,2026-08-27T18:30:00Z
player:7zokstl625tj96c64ow4uvjyt,Ola Aina,CB,998366301,994924450,994.92445,-3453,-0.344748,1,2026-08-29T11:30:00Z
player:9hg51o20uf6u2bjgshjax9soa,Elliot Stroud,CM,993416443,989984393,989.984393,-3461,-0.345479,1,2026-08-29T14:00:00Z
player:7jn9kl5wq29d41ekc2fz2rs2d,Nathan Aké,CB,1341305798,1336657246,1336.657246,-3472,-0.346569,1,2026-08-26T19:00:00Z
player:3v1fnp5e9pxfzgou5ebrgprrp,Rade Krunic,DM,1264789867,1260386864,1260.386864,-3487,-0.348121,1,2026-08-27T17:00:00Z
player:duuan2ogcypv8ftmnypoed3sa,Rassoul Ndiaye,DM,1044942948,1041287045,1041.287045,-3505,-0.349866,1,2026-08-29T18:45:00Z
player:dpc5f2udlfksumgvjq5hxh0mi,Florian Wiegele,GK,1059073003,1055310178,1055.310178,-3559,-0.355294,1,2026-08-27T17:00:00Z
player:4i4k57xsvtsebaris29jfr07p,Fabiano,GK,933155004,929819426,929.819426,-3581,-0.357452,1,2026-08-27T17:00:00Z
player:a07r604q1pzwqxqh6ci2euggl,Marko Jankovic,DM,1067050334,1063227560,1063.22756,-3589,-0.358256,1,2026-08-27T16:15:00Z
player:mkq18lpl3d44wxq974mci5wq,Raphael Onyedika,DM,1126387939,1122340917,1122.340917,-3599,-0.359292,1,2026-08-29T13:30:00Z
player:bhkfv2vks4vjuy7rme0nmdch6,Jesper Grundt,CM,1002261245,998649669,998.649669,-3610,-0.360343,1,2026-08-27T18:30:00Z
player:ehu1ythb2pz1hbpi7lneskjpx,Raphael Sallinger,GK,1000000000,996365302,996.365302,-3641,-0.36347,1,2026-08-27T19:00:00Z
player:6q341ss6es4r2m1o5s5e80nbo,Yoel Lago,CB,1083453805,1079503642,1079.503642,-3653,-0.36459,1,2026-08-27T18:30:00Z
player:bw94bkrr4okgzyimwqek5d59l,Emmanuel Longelo,CB,987749366,984118692,984.118692,-3682,-0.36757,1,2026-08-27T16:45:00Z
player:atxo9oz3czimyk1t4xigfrkrt,Villiam Granath,CM,997960174,994281774,994.281774,-3693,-0.368592,1,2026-08-27T17:00:00Z
player:6ddxujeb3873j5evwiz8n4wt0,Luiz Júnior,GK,1017026710,1013248274,1013.248274,-3722,-0.371518,1,2026-08-28T19:30:00Z
player:5ikeslw81x2em97k79crmhh0q,Félix Correia,AM_W,1098092182,1094004339,1094.004339,-3730,-0.372268,1,2026-08-28T19:00:00Z
player:12f4mz064elnxecq2srl7r6j9,Alejandro Grimaldo,CM,2435340969,2426267401,2426.267401,-3733,-0.372579,1,2026-08-29T19:30:00Z
player:2xp7fbcl6a4nua9jpm7b4k1sk,Noah Nartey,CM,1058537730,1054592305,1054.592305,-3734,-0.372724,1,2026-08-29T18:45:00Z
player:adb8skc3qbvgunhzd9651lij8,Vanderson,CM,1418833323,1413528426,1413.528426,-3746,-0.373891,1,2026-08-27T16:45:00Z
player:ab2502dhe0p0fr35nf7urjxbe,Cody Drameh,CB,1009043730,1005269118,1005.269118,-3748,-0.374078,1,2026-08-29T14:00:00Z
player:e1w7f2zm2yfn65qgj0by7une1,Raphael Obermair,CM,1000000000,996257329,996.257329,-3750,-0.374267,1,2026-08-29T13:30:00Z
player:brs96wp9u2t10tsqfdwcyhnth,Jannes-Kilian Horn,CB,1003051874,999291395,999.291395,-3756,-0.374904,1,2026-08-26T16:45:00Z
player:8yak0o9o7z5j5ribga3ui2cb9,Gabriel Suazo,CB,1337469999,1332425265,1332.425265,-3779,-0.377185,1,2026-08-29T19:30:00Z
player:7nfr8xuo637qma7ovxx4r9fmy,Jay Idzes,CB,1036108639,1032194734,1032.194734,-3785,-0.37775,1,2026-08-29T16:30:00Z
player:1zpt144smsq4ggjpvfhq55udw,Ali Houary,CM,996348337,992560534,992.560534,-3809,-0.380169,1,2026-08-28T17:00:00Z
player:4z9prwdr22kb7vpemekkzqooa,Albian Hajdari,CB,1222520855,1217841028,1217.841028,-3835,-0.382801,1,2026-08-29T13:30:00Z
player:2k1v6526ielemu1w3rayxdkkq,Sebastian Jørgensen,CM,1024695552,1020767380,1020.76738,-3841,-0.38335,1,2026-08-27T18:00:00Z
player:ec6zx0pyq0bggng1m3k6iq51w,Filippo Mane,CB,1005891286,1001968088,1001.968088,-3908,-0.390022,1,2026-08-29T16:30:00Z
player:9m66crpktao9g80wc8zi9y5ex,João Correia,CM,997726587,993807579,993.807579,-3936,-0.392794,1,2026-08-27T17:00:00Z
player:du4ciqofpkn3nei5q3huwlnje,Nicola Zalewski,CM,1149843305,1145287828,1145.287828,-3970,-0.396182,1,2026-08-27T18:00:00Z
player:5m1fht9uevn186asz8awhxjah,Rodrigo Conceição,CB,1000154012,996160233,996.160233,-4001,-0.399316,1,2026-08-27T16:00:00Z
player:8f96kgnuz3ezvopbxokbg3e38,Yukiyoshi Karashima,CM,1005029606,1000978182,1000.978182,-4039,-0.403115,1,2026-08-27T17:00:00Z
player:8y3eslj8a5bm2rj0aoaluf7kk,Mouhamed Diop,CM,1000328525,996268896,996.268896,-4067,-0.40583,1,2026-08-29T18:45:00Z
player:a762nd22lh41vq417sdn9c178,Matties Volckaert,CM,1000000000,995865567,995.865567,-4143,-0.413443,1,2026-08-27T19:00:00Z
player:dzq4gg917idfq1rhng1coi5uc,Bernardo Vital,CB,1039382721,1035006285,1035.006285,-4220,-0.421061,1,2026-08-27T16:00:00Z
player:67sn4t5twr0ludex2p8nowr11,Adam Vlkanova,CM,1039694582,1035314706,1035.314706,-4222,-0.421266,1,2026-08-27T17:00:00Z
player:5c2zuz7f53hvqn5be1k2nddsk,Arsène Kouassi,CM,1015919071,1011638381,1011.638381,-4223,-0.421361,1,2026-08-29T18:45:00Z
player:axhyg79pf6dwe5foj907uqxhw,Ali Maamar,CB,993287630,989096352,989.096352,-4229,-0.42196,1,2026-08-27T18:30:00Z
player:e6yimxqgm9yn77wiukcyfrzrp,Foe Ondoa,GK,917273131,913384336,913.384336,-4249,-0.423952,1,2026-08-29T16:30:00Z
player:95t0lc2qqgzxp92n1pr62n816,David Edvardsson,CM,1010551733,1006253988,1006.253988,-4262,-0.425287,1,2026-08-27T18:30:00Z
player:1ysjiktcawxozp70p3w13ssgk,Facundo González,CB,1000079064,995764909,995.764909,-4323,-0.431381,1,2026-08-28T17:00:00Z
player:n2annzbap7hll02zo2v0ccgk,Tonni Adamsen,CM,1038877223,1034369065,1034.369065,-4349,-0.433945,1,2026-08-26T16:45:00Z
player:4bhecy0vioxwdpmw64uyek3ro,Sander Håvik Innvær,CM,998600404,994237723,994.237723,-4378,-0.43688,1,2026-08-27T18:30:00Z
player:340zq2a1xabks1id8n8jijpjo,Jaden Montnor,CM,1011180842,1006709815,1006.709815,-4431,-0.442159,1,2026-08-27T17:00:00Z
player:agnmzpaj62lzsavtq43uxt4gl,Jesper Karlström,CM,1111114905,1106199955,1106.199955,-4433,-0.442344,1,2026-08-29T16:30:00Z
player:fs5utga62tud5s06xj27qdat,Jordan Torunarigha,CB,1134422825,1129368767,1129.368767,-4465,-0.445518,1,2026-08-29T16:30:00Z
player:9da8hw1pq0bouoowqwzwrp5d6,Cebrails Makreckis,CM,1019005347,1014416718,1014.416718,-4513,-0.450305,1,2026-08-27T16:15:00Z
player:2uz1cmslnjjzsgfcgji26kqg9,David Raum,CB,1112856361,1107799094,1107.799094,-4555,-0.45444,1,2026-08-29T13:30:00Z
player:gow2nhkf0qhk96frj3j71rtg,Michal Gurgul,CB,1018721128,1014063531,1014.063531,-4582,-0.4572,1,2026-08-27T18:00:00Z
player:d9bg5jjv8pz0f8u55x3hg0962,Emanuele Valeri,CM,712203300,708935960,708.93596,-4598,-0.458765,1,2026-08-29T18:45:00Z
player:cjf412x9sg56vos0jkj85k3ys,Mandela Keita,CM,1165262153,1159908577,1159.908577,-4605,-0.459431,1,2026-08-29T18:45:00Z
player:7b0vbfxlv3uiozb19fcj2vsyy,Fedde Leysen,CB,1032401121,1027509557,1027.509557,-4749,-0.473805,1,2026-08-29T16:30:00Z
player:4j1oq24pfi728zyl2zkpptpsl,Milan Skriniar,CB,1810844533,1802246461,1802.246461,-4759,-0.47481,1,2026-08-26T19:00:00Z
player:ci1nu5z8aiiikco8af0zk1lud,Robin Zentner,GK,570943514,568206925,568.206925,-4805,-0.47931,1,2026-08-29T13:30:00Z
player:2p1pns6j6id4nx3nbi7fv0wrt,Min-Jae Kim,CB,3339840336,3323533560,3323.53356,-4894,-0.48825,1,2026-08-28T18:30:00Z
player:4m5xmjs8kblkhu9n3ytkub3kl,Lukás Sadílek,CM,1031856068,1026776323,1026.776323,-4935,-0.492292,1,2026-08-27T16:45:00Z
player:281f7899ialr1z6l51mitpp7t,Lukas Daschner,DM,1002161447,997185438,997.185438,-4978,-0.496528,1,2026-08-27T18:00:00Z
player:2amti8wga8jpons4mizksjd1x,Bruno Wilson,CB,1000000000,994996404,994.996404,-5016,-0.50036,1,2026-08-27T16:00:00Z
player:5q5ti9wmab56mk2995qk01ixg,Benjamín Cremaschi,CM,998459014,993374951,993.374951,-5105,-0.509191,1,2026-08-29T18:45:00Z
player:eziqega9e25bg939pfh4vjp3p,Andrew Robertson,CB,1029152591,1023909891,1023.909891,-5107,-0.509419,1,2026-08-29T16:30:00Z
player:drh7wx5zz8c4dwa9o8mrigjro,Nico O'Reilly,CB,995888061,990726801,990.726801,-5196,-0.518257,1,2026-08-28T19:00:00Z
player:a39nidkjopd50d1gk58soo1cl,Mick van Buren,AM_W,1011830431,1006566686,1006.566686,-5216,-0.52022,1,2026-08-27T17:00:00Z
player:5b9awsil5bgqrsc13xsoj35nu,Jorge Herrando,CB,928222912,923374433,923.374433,-5237,-0.52234,1,2026-08-27T18:30:00Z
player:93qjy2eilbuufwu2kbwpfng7p,Viktor Gustafson,CM,992176178,986919720,986.91972,-5312,-0.529791,1,2026-08-27T17:00:00Z
player:bwfg9frq2ecbzg7wlzqjtnv2s,Pedro Bravo,DM,1048350306,1042788543,1042.788543,-5319,-0.530525,1,2026-08-27T18:45:00Z
player:ddvvwqxpsqqboupi3gx1ijhed,Iñaki Williams,AM_W,1712030427,1702829988,1702.829988,-5388,-0.537399,1,2026-08-27T19:00:00Z
player:920yurg08gqayxwc80q9f8ixh,Mark Flekken,GK,1697984577,1688849717,1688.849717,-5394,-0.537983,1,2026-08-29T13:30:00Z
player:eaf4b3le808xp7j4rejomxf55,Berke Özer,GK,966129911,960883285,960.883285,-5445,-0.543056,1,2026-08-28T19:00:00Z
player:3jbpxku7kfad1kbi7eytylc0k,Sanel Saljic,CM,1004184113,998716326,998.716326,-5460,-0.5445,1,2026-08-27T18:30:00Z
player:66jotyvbhtz5cjvhbby6luelm,Nico Williams,AM_W,1635727210,1626794907,1626.794907,-5476,-0.546075,1,2026-08-27T19:00:00Z
player:d078o2hgm2fkdjz5vagzx9oq2,Sidny Lopes Cabral,FB_WB,1014228055,1008686397,1008.686397,-5479,-0.546392,1,2026-08-27T18:30:00Z
player:dvjwntanmbqn589udkr6nub1m,Adam Zadrazil,GK,1008705676,1003175198,1003.175198,-5498,-0.548275,1,2026-08-27T17:00:00Z
player:bk9fq3chnhmw3u36qz5vf1vjd,Aboubakary Koïta,CM,1035771499,1030074459,1030.074459,-5515,-0.550029,1,2026-08-26T19:00:00Z
player:65b7kc7djr4vmbk55wumup72s,Raphaël Le Guen,CB,1055214342,1049403826,1049.403826,-5522,-0.550648,1,2026-08-29T18:45:00Z
player:ay86n2sd0odbxluws2jyx4zkk,Momodou Sonko,CM,1053070307,1047257342,1047.257342,-5535,-0.552002,1,2026-08-27T19:00:00Z
player:2b2gvp843rc0o66zjrkvho2qx,Marquinhos Cipriano,CB,997976051,992465109,992.465109,-5537,-0.552212,1,2026-08-27T18:00:00Z
player:5djkwcoflvxcv5oida6txfyp6,Carlos Romero,CB,1004851903,999299091,999.299091,-5541,-0.5526,1,2026-08-28T19:30:00Z
player:bbbrv8rsqd2zcegay29j0dedw,Aleksandre Amisulashvili,CB,1000000000,994452057,994.452057,-5563,-0.554794,1,2026-08-27T16:00:00Z
player:124gyz5skklgy1zla3g1e0p2h,Laurentiu Popescu,GK,1000000000,994433843,994.433843,-5582,-0.556616,1,2026-08-27T16:00:00Z
player:5ilkkfbsss0bxd6ttdlqg0uz9,Mohamed Salah,AM_W,4138012911,4114796095,4114.796095,-5626,-0.561062,1,2026-08-27T18:30:00Z
player:ay6wk2cpmnxgc46h419n0r6c5,Stratos Svarnas,CB,1048213201,1042329087,1042.329087,-5629,-0.561347,1,2026-08-27T17:00:00Z
player:a8orjr2go2szwgi7ej0sfbvca,Alex Lowry,CM,987628154,982075166,982.075166,-5638,-0.562255,1,2026-08-27T16:45:00Z
player:53w8bf1pyd5zoql1rs08fjytw,Fabjan Perndreca,CB,1000000000,994367148,994.367148,-5649,-0.563285,1,2026-08-27T17:00:00Z
player:auy58bckt1kkwg0get5g05pl,Matej Polidar,CM,994598044,988990013,988.990013,-5654,-0.563849,1,2026-08-27T16:00:00Z
player:70hdfmna3nvwjlufm9rs92uzu,Andrew Omobamidele,CB,1234867009,1227854141,1227.854141,-5695,-0.567905,1,2026-08-29T15:15:00Z
player:3zfvbmppohz2naqcci09pt72s,Benjamin Bouchouari,CM,1059447635,1053385518,1053.385518,-5738,-0.572196,1,2026-08-27T18:30:00Z
player:cqfbp8me2n00cve66v797omvp,Stuart Findlay,CB,990684259,984993403,984.993403,-5761,-0.574437,1,2026-08-26T16:45:00Z
player:1j99x774oc7dpglwcyy6l1fc9,Arbër Hoxha,CM,1028861510,1022853632,1022.853632,-5856,-0.583935,1,2026-08-26T19:00:00Z
player:2szgrzcosfeifh664tgt3mfvt,Ferrán Torres,AM_W,1579046438,1569801213,1569.801213,-5872,-0.585494,1,2026-08-28T19:00:00Z
player:63o8wr2a5pvepygpvh93ll045,Giorgi Kobuladze,CB,1000000000,994135472,994.135472,-5882,-0.586453,1,2026-08-27T16:00:00Z
player:5a9y4yka5m1ft3f4e16f3ycfe,Philipp Treu,CB,911516137,906090171,906.090171,-5970,-0.595268,1,2026-08-27T16:45:00Z
player:3xlkchrk28u0cb620cajre1hw,Ruud Nijstad,CB,1021309674,1015216947,1015.216947,-5983,-0.59656,1,2026-08-27T16:15:00Z
player:wfmg1iguxrvn3i0er37ty1g5,Fabien Ourega,CM,1004216774,998186435,998.186435,-6023,-0.600502,1,2026-08-27T17:00:00Z
player:3rzjr8wdopfb1xj0d7sq0vrpw,Gabin Bernardeau,CM,1006725512,1000656692,1000.656692,-6047,-0.602828,1,2026-08-29T18:45:00Z
player:c03kbtbdediv8mi5iuvy8vmz8,Wojciech Monka,CB,1044717791,1038411620,1038.41162,-6055,-0.603624,1,2026-08-27T18:00:00Z
player:d3xdl3p9vd1c0m316oq2pblxx,Alexander Nübel,GK,1504384843,1495287839,1495.287839,-6065,-0.604699,1,2026-08-27T17:00:00Z
player:c01muomxuk015zrf9n21ztq7d,Carvalho,CB,1016334556,1010145576,1010.145576,-6108,-0.608951,1,2026-08-27T18:30:00Z
player:8sbi9tqi2omhhzvyuhznyprdh,Numa Lavanchy,CB,1007257848,1001014189,1001.014189,-6218,-0.619867,1,2026-08-27T18:00:00Z
player:39qaf8nu4uz9g5dgymulxtrmc,Lucas Beraldo,CB,1615305923,1605170652,1605.170652,-6294,-0.627452,1,2026-08-28T19:00:00Z
player:4xbvoe0viskrxc7jiyd1iapcl,Martin Boyle,CM,996101618,989786876,989.786876,-6360,-0.633946,1,2026-08-27T19:00:00Z
player:c1yctqdku2vzho2azsgcy5dcl,Václav Cerny,CM,1128227422,1121062471,1121.062471,-6371,-0.635063,1,2026-08-27T17:00:00Z
player:15zmp06runzqxogas99bj5aay,Laurin Ulrich,CM,1000424090,994029714,994.029714,-6412,-0.639167,1,2026-08-29T13:30:00Z
player:chd9jdwmunetujxsjy6m4r9hx,Harold Moukoudi,CB,1142953424,1135633756,1135.633756,-6425,-0.640417,1,2026-08-26T19:00:00Z
player:98dhgp5o0fuvid2ievyr5h7qi,Isak Dahlqvist,CM,988797414,982421955,982.421955,-6469,-0.644769,1,2026-08-27T18:30:00Z
player:4jwkz8almo2997hvp09zl0p9l,Sven Botman,CB,1453933259,1444500570,1444.50057,-6509,-0.64877,1,2026-08-29T16:30:00Z
player:52rchap28rfs3r9xacg42dzbo,Valentin Zabransky,CB,1005454784,998919666,998.919666,-6521,-0.649966,1,2026-08-27T17:00:00Z
player:2r6ma23qtyq2l18m21eksjp7u,Gabriel Silva,CM,1007344610,1000697251,1000.697251,-6621,-0.659889,1,2026-08-27T18:30:00Z
player:5lzbyj5i0cotpry4gneap8c89,Juan Iglesias,CB,835943535,830414834,830.414834,-6636,-0.661373,1,2026-08-29T19:30:00Z
player:8krgbfnydbtyongkwnsaj43kk,Jon Martín,CB,1208550153,1200553034,1200.553034,-6639,-0.661712,2,2026-08-29T17:00:00Z
player:2tuglrftx5oh6v3vax2rufy6t,Luís Mata,CB,965174853,958757038,958.757038,-6672,-0.664938,1,2026-08-27T18:30:00Z
player:39c5g6782qlrtw55fsre7exnt,Fran García,CB,1194227801,1186263433,1186.263433,-6691,-0.666905,1,2026-08-29T15:00:00Z
player:cqwjwlsum5q92s2k80w3temi2,Henrik Heggheim,CM,1016091790,1009312354,1009.312354,-6694,-0.667207,1,2026-08-26T19:00:00Z
player:3e8mxxfs5q7gt4lg2beqpkwyd,Héctor Bellerín,CB,881402800,875407162,875.407162,-6826,-0.680238,1,2026-08-29T15:00:00Z
player:7jtc6yk5xu4cm1an97wrgozbp,Odysseas Vlachodimos,GK,890666429,884563161,884.563161,-6876,-0.685247,1,2026-08-29T19:30:00Z
player:7rltyxkrvvfg7q1hppl631soa,Jan Thielmann,CM,1068721423,1061376296,1061.376296,-6897,-0.687282,1,2026-08-29T13:30:00Z
player:2zdyvjcz5672e6n7cmgo89tcl,David Goldar,CB,968708052,962002246,962.002246,-6946,-0.692242,1,2026-08-27T17:00:00Z
player:70tsvrcmklvp4ecdhxlugf8ix,Ko Itakura,CB,1309457593,1300375232,1300.375232,-6960,-0.693597,1,2026-08-29T13:30:00Z
player:5f8kjgsaabn2li5r7bvpebbsa,Joan García,GK,1660034550,1648518279,1648.518279,-6962,-0.693737,1,2026-08-27T19:00:00Z
player:amjegysk3et638l4od103c7o5,Sergio Herrera,GK,1339215193,1329891218,1329.891218,-6987,-0.696227,1,2026-08-27T18:30:00Z
player:7zru7o3jrzx66f5aa6kggyplg,Kassoum Ouattara,CB,941589356,935005835,935.005835,-7016,-0.699192,1,2026-08-27T17:00:00Z
player:e00004wkpfc8jawioejmpu1n9,David de Gea,GK,806120183,800469125,800.469125,-7035,-0.701019,1,2026-08-29T16:30:00Z
player:9mh4ven84dualv113vxinqn10,Julio Díaz,CB,1001878161,994827315,994.827315,-7063,-0.703763,1,2026-08-29T19:30:00Z
player:5ucbttulfcdufwr751zj0zcic,Juho Lähteenmäki,CM,1026138481,1018884088,1018.884088,-7095,-0.70696,1,2026-08-27T18:00:00Z
player:dwvghrdrnqqmfiwwicm5lrskq,Roger Brugué,CM,977997586,971041421,971.041421,-7138,-0.711266,1,2026-08-29T15:00:00Z
player:ekl9e2t93vow1buusgdcs3giy,Aurèle Amenda,CB,1131801753,1123655007,1123.655007,-7224,-0.719803,1,2026-08-29T14:00:00Z
player:dzsd79k6345s9105mb2r4fqol,Ainsley Maitland-Niles,CB,1182516744,1173952535,1173.952535,-7269,-0.724236,1,2026-08-26T19:00:00Z
player:6710kg06aejtq0tq9a7303z6x,Demba Thiam,GK,1000000000,992628101,992.628101,-7399,-0.73719,1,2026-08-29T16:30:00Z
player:9taxidttdt94nmvc3mqhqq0ut,Alex Král,DM,909582744,902856866,902.856866,-7422,-0.739447,1,2026-08-27T17:00:00Z
player:8q8yol44e42o9hwttlopznvh0,Max Nielsen,CM,1001961036,994548792,994.548792,-7425,-0.739774,1,2026-08-27T17:00:00Z
player:9vh9bctcp4kmtkjllzbqibgiy,Svetoslav Vutsov,GK,975470543,968191224,968.191224,-7490,-0.746237,1,2026-08-26T19:00:00Z
player:cz0ivswd8ej4texqzly61p6hg,Rahim Ibrahim,CM,1024953946,1017300899,1017.300899,-7495,-0.746672,1,2026-08-26T19:00:00Z
player:3wo6olr80s21sciku0wnvq1p0,Nikolaus Wurmbrand,CM,1050975790,1043088462,1043.088462,-7533,-0.750477,1,2026-08-26T16:45:00Z
player:bn8e9wengh3qdepiy0owrrx0,Marin Soticek,CM,991615349,984103787,984.103787,-7604,-0.757508,1,2026-08-27T17:00:00Z
player:8uvq88srclwb1303aev72iz8p,Erick Otieno,CM,1005414606,997710628,997.710628,-7692,-0.766249,1,2026-08-27T17:00:00Z
player:1fcmd6qaiira468e8mph4sis4,Job Ochieng,CM,994692136,987036048,987.036048,-7727,-0.769694,1,2026-08-26T19:00:00Z
player:dlybxu0l5r7yi8i11myd7ldgq,Martin Adeline,CM,1024191990,1016235548,1016.235548,-7799,-0.776851,1,2026-08-29T16:30:00Z
player:avubg95m07a6rted50ejdkftg,Joël Schingtienne,CB,986010570,978323765,978.323765,-7826,-0.779586,1,2026-08-28T18:45:00Z
player:817yu81bkan5ga820t5uvx05w,Alexander Warneryd,CM,990574475,982721665,982.721665,-7959,-0.792753,1,2026-08-27T18:30:00Z
player:4fkb8m4vdcyn1iwck0ukhofmc,Franklin Uchenna,CB,1039737213,1031300672,1031.300672,-8147,-0.811411,1,2026-08-27T17:00:00Z
player:7rvzx0a2uvgs892pu9iuyjjrp,Edgar Grigoryan,CB,985174989,977157734,977.157734,-8171,-0.81379,1,2026-08-27T16:00:00Z
player:7g9ulnvehk5r6rtv9p8fpm1hw,Joshua Nga Kana,CM,1000986486,992781606,992.781606,-8231,-0.819679,1,2026-08-27T18:30:00Z
player:3fhoof7n4sjaizvotcmypb9at,Nélson Semedo,CB,1080242372,1071321759,1071.321759,-8292,-0.825797,1,2026-08-26T19:00:00Z
player:8ldpt1ni652hoj403ywegaac,Panagiotis Andreou,DM,1017804965,1009354271,1009.354271,-8338,-0.830286,1,2026-08-27T17:00:00Z
player:1vr896w03yky9kmu8x5tjkicp,Achraf Hakimi,CB,1649207860,1635210256,1635.210256,-8524,-0.848747,1,2026-08-28T19:00:00Z
player:2qysj0fvr1yqnzoogfjgaie7e,Ysni Ismaili,CB,1000000000,991478973,991.478973,-8558,-0.852103,1,2026-08-27T17:00:00Z
player:7rslxf1lcgzsudy39r8xvrnfu,Mariano Gómez,CB,1038335546,1029487427,1029.487427,-8558,-0.852144,1,2026-08-27T18:30:00Z
player:7goksqm8rew8chdswsx5cidhx,David Luiz,CB,1035411570,1026563302,1026.563302,-8582,-0.854565,1,2026-08-27T17:00:00Z
player:1bs4vwqye00mn2oaxrvfkkt7t,Mateusz Lis,GK,1062368164,1053254686,1053.254686,-8615,-0.857846,1,2026-08-27T18:00:00Z
player:hqqur396x1zilsj1ukojdsk5,Nosa Iyobosa Edokpolor,FB_WB,1000000000,991363047,991.363047,-8674,-0.863695,1,2026-08-27T17:00:00Z
player:2jak0xxn0306bv6vv1z5vdjbo,Simun Hrgovic,CB,962698500,954376909,954.376909,-8682,-0.864403,1,2026-08-27T17:00:00Z
player:qobf1v5kwuz6hj2ooixfw4mi,Bart van Rooij,CB,1035216321,1026262748,1026.262748,-8687,-0.864899,1,2026-08-27T16:15:00Z
player:4ofgxqnomugt3qic6vdjy139x,Jan Hanus,GK,969930712,961532045,961.532045,-8697,-0.865904,1,2026-08-27T16:00:00Z
player:av5g4nr853anks78vl6jh4s7p,Stefan Savic,CB,1237379695,1226556670,1226.55667,-8785,-0.874673,1,2026-08-27T18:30:00Z
player:83jbypvdtua0f2a50we2ndz6y,Iron Gomis,CM,1000977768,992217832,992.217832,-8790,-0.875138,1,2026-08-29T18:45:00Z
player:77yaqzy45dxtzicao00jxrlgq,Pedro Porro,CB,1157363995,1147230752,1147.230752,-8794,-0.875545,1,2026-08-29T16:30:00Z
player:ds1wjqejslhsbcvzaufxubey2,Mads Bidstrup,DM,1036225273,1026992330,1026.99233,-8950,-0.891017,2,2026-08-29T18:45:00Z
player:bgjsocfbqa7vget1jf1n6o8dm,Jirí Sláma,CB,986143557,977215054,977.215054,-9095,-0.905396,1,2026-08-27T16:00:00Z
player:5pb27xx81rwtal31u892ydes4,Mariano Troilo,CB,1095911263,1085977263,1085.977263,-9106,-0.90646,1,2026-08-29T18:45:00Z
player:1ttc96b92xjfx1ta3vdwya0dm,Abderrahman Rebbach,CM,1031753959,1022333318,1022.333318,-9173,-0.91307,1,2026-08-28T19:30:00Z
player:2vgr8c97x4b2e51tyvvixusid,Matz Sels,GK,457002243,452728773,452.728773,-9395,-0.935109,1,2026-08-29T11:30:00Z
player:biuovem90utcyzda58nixtaay,Albert Grønbæk,CM,1059321914,1049378711,1049.378711,-9431,-0.938638,1,2026-08-29T16:30:00Z
player:3g3x2ws0npu7aa51h4nx7nazu,Yuki Kobayashi,CB,977556685,968294966,968.294966,-9520,-0.947435,1,2026-08-27T16:00:00Z
player:f2ibn3ej2doay3b4u8ezeix62,Diant Ramaj,GK,1140719267,1129860288,1129.860288,-9565,-0.951941,1,2026-08-27T17:00:00Z
player:9e4017sd1wg2m1gfl1v3uyjqi,Junior Julio,CB,995380702,985869889,985.869889,-9601,-0.955495,1,2026-08-27T16:00:00Z
player:vota9gwygxp3wc998tl7ldxx,David Soria,GK,527706258,522570633,522.570633,-9780,-0.973198,1,2026-08-27T19:00:00Z
player:3pxte13sf3ybzb3cgvim1tqtw,Valde,CB,1002657017,992599481,992.599481,-10082,-1.003088,1,2026-08-29T16:30:00Z
player:4cetkl0w2uq40ccti5ka6a4t1,Gianluigi Donnarumma,GK,1695000505,1677992688,1677.992688,-10085,-1.003411,1,2026-08-28T19:00:00Z
player:1irdauq8j2qvhzrpnk51u45ck,Maicon,CM,1002523326,992408817,992.408817,-10140,-1.008905,1,2026-08-26T19:00:00Z
player:eku9q64i0rwdxytris5ahfyms,Hugo Rincón,CB,962140425,952293303,952.293303,-10287,-1.02346,1,2026-08-27T19:00:00Z
player:bk53m1u0wkpp3bw306dqh5s0k,Ewan Wilson,CB,1001628618,991203328,991.203328,-10463,-1.040834,1,2026-08-27T16:45:00Z
player:1fkntyd2z8e169yh98k0zst90,Franco Mastantuono,CM,1029669669,1018911232,1018.911232,-10503,-1.044844,1,2026-08-29T16:30:00Z
player:agtlfzn9zrrj10tx1tov0uulm,Bendegúz Bolla,CB,1053414816,1042347746,1042.347746,-10561,-1.05059,1,2026-08-26T16:45:00Z
player:7fmpgkx58o9pivo2bbnxxkt05,Aymeric Laporte,CB,1457551588,1442077709,1442.077709,-10673,-1.061635,1,2026-08-27T19:00:00Z
player:3gemcjqban843su9c9y5l2sk4,Jacob Andersen,CB,990611131,979966934,979.966934,-10803,-1.074508,1,2026-08-27T18:00:00Z
player:d0kzduhj90areaill2gvvw6xg,Marc Pubill,CB,1038538849,1027249490,1027.24949,-10930,-1.087043,1,2026-08-29T19:30:00Z
player:az4vys76d0diwqjw8hy7908o9,Achilleas Poungouras,CB,1000000000,988857274,988.857274,-11205,-1.114273,1,2026-08-27T18:00:00Z
player:1z4cm8460fycd03z699uw6hhw,Louis Lemke,CM,1000022000,988712662,988.712662,-11374,-1.130909,1,2026-08-29T16:30:00Z
player:90wyta6l6mfp2aa0egoqy5nxm,Mateo Lisica,CM,993877983,982436460,982.43646,-11579,-1.1512,1,2026-08-26T19:00:00Z
player:e53c7z5bdud6uycw32s3qgx9m,Álex Centelles,CB,928505765,917383640,917.38364,-12051,-1.197852,1,2026-08-26T19:00:00Z
player:dlj1ju66m47iu94vijpu7rr3d,Lawrence Ati-Zigi,GK,1146835125,1132926889,1132.926889,-12202,-1.212749,1,2026-08-27T18:00:00Z
player:jhtnrc87qtb7yksc1tmtfv8p,Andrej Kotnik,CM,999008445,986847791,986.847791,-12247,-1.217272,1,2026-08-26T19:00:00Z
player:89wbevcfzkyq9qepocguaef4k,Kaïl Boudache,CM,993356730,981215500,981.2155,-12298,-1.222243,2,2026-08-29T18:45:00Z
player:9olzf630oclv41h41p5iunm6s,Sascha Britschgi,CM,915112750,903793142,903.793142,-12447,-1.236963,1,2026-08-29T18:45:00Z
player:3wwi5vf2l1qbz7e5zdjoy8yga,Bart Verbruggen,GK,1404396062,1386611936,1386.611936,-12744,-1.266318,1,2026-08-27T18:30:00Z
player:cfpaejad8i9p2r1fj0wx0g222,Malick Thiaw,CB,1543305559,1523372789,1523.372789,-13000,-1.291563,1,2026-08-29T16:30:00Z
player:45ijn026liwsi1zbxe6ose3f9,Justas Lasickas,CB,1025275155,1011571033,1011.571033,-13456,-1.336629,1,2026-08-27T18:45:00Z
player:drmudc3n93faawruj8ct3bwmh,Matvey Safonov,GK,899039381,886547976,886.547976,-13992,-1.389417,1,2026-08-28T19:00:00Z
player:cr4e64yry1ttwcjxh2klb4ui2,Nathaniel Brown,CB,1057702389,1042543824,1042.543824,-14435,-1.43316,1,2026-08-28T18:30:00Z
player:avk0vktquq3oum9w6dyodlz6y,Alexsandro Ribeiro,CB,2036392181,2005971278,2005.971278,-15051,-1.493863,1,2026-08-28T19:00:00Z
player:6fwp35py11q0xy2k27hp7y6wa,Philipp Schulze,GK,1007593315,992295788,992.295788,-15299,-1.518224,1,2026-08-27T16:45:00Z
player:1l0anlzm25gwqb8klbsi7ws9g,Ofek Melika,GK,990657332,975322257,975.322257,-15601,-1.54797,1,2026-08-27T16:00:00Z
player:53d0pvr7ylvfhp6p749iniqc5,Alisson Becker,GK,2215221565,2180365042,2180.365042,-15860,-1.573501,1,2026-08-29T11:30:00Z
player:1dhdbm54tsztpd699upzfuezu,Kacper Trelowski,GK,991930733,975895694,975.895694,-16298,-1.616548,1,2026-08-27T17:00:00Z
player:9sexp3trzdm6h50dk2y9hrjl5,Matheo Raab,GK,1013258120,995888596,995.888596,-17291,-1.714225,1,2026-08-29T13:30:00Z
player:39yc76urwnda0ze6qb9h00ine,Mio Backhaus,GK,1089380036,1070609986,1070.609986,-17380,-1.723003,1,2026-08-27T16:45:00Z
player:d5ecnjd6h89iepxrvrlfn97ft,Radoslaw Majecki,GK,952507781,934304460,934.30446,-19296,-1.911094,1,2026-08-27T17:00:00Z
player:bzanwdo4ihqd6d7vr06bd3845,Lars Unnerstall,GK,1030926723,1011184256,1011.184256,-19336,-1.915021,1,2026-08-27T16:15:00Z
player:5qc2hwkixcdpfbq6qmfpxvey2,Antonín Kinsky,GK,957037070,937943567,937.943567,-20152,-1.995064,1,2026-08-29T16:30:00Z
player:2e55g4q93y382cg7h0yk5rtud,Marc ter Stegen,GK,2626923469,2572884831,2572.884831,-20786,-2.057107,1,2026-08-27T18:00:00Z
player:6790uxmc1zs4emxtqf7vl6imt,Yvon Mvogo,GK,1249506418,1220506182,1220.506182,-23483,-2.320935,1,2026-08-29T18:45:00Z
